Workbook

Sheet 2023_07元データ
A1: PCBModel | B1: 検査開始時間 | C1: 検査終了時間
A2: UR-0509-01P4 | B2: 45138.753 | C2: 45138.754
A3: UR-0509-01P4 | B3: 45138.753 | C3: 45138.753
A4: UR-0509-01P4 | B4: 45138.752 | C4: 45138.753
A5: UR-0509-01P4 | B5: 45138.752 | C5: 45138.752
A6: UR-0509-01P4 | B6: 45138.751 | C6: 45138.752
A7: UR-0509-01P4 | B7: 45138.751 | C7: 45138.751
A8: UR-0509-01P4 | B8: 45138.751 | C8: 45138.751
A9: UR-0509-01P4 | B9: 45138.75 | C9: 45138.75
A10: UR-0509-01P4 | B10: 45138.75 | C10: 45138.75
A11: UR-0509-01P4 | B11: 45138.749 | C11: 45138.75
A12: UR-0509-01P4 | B12: 45138.749 | C12: 45138.749
A13: UR-0509-01P4 | B13: 45138.748 | C13: 45138.749
... A28412: URS-42881P6 | B28412: 45110.391 | C28412: 45110.391

Sheet 時間データ
A3: ３日 | F3: ４日 | K3: ５日 | P3: ６日 | U3: ７日 | AA3: １０日 | AF3: １１日 | AK3: １２日 | AP3: １３日 | AU3: １４日 | BA3: １８日 | BF3: １９日 | BK3: ２０日 | BP3: ２１日 | BV3: ２４日 | CA3: ２５日 | CF3: ２６日 | CK3: ２７日 | CP3: ２８日 | CV3: ３１日
A4: PCBModel | B4: 検査開始時間 | C4: 検査終了時間 | F4: PCBModel | G4: 検査開始時間 | H4: 検査終了時間 | K4: PCBModel | L4: 検査開始時間 | M4: 検査終了時間 | P4: PCBModel | Q4: 検査開始時間 | R4: 検査終了時間 | U4: PCBModel | V4: 検査開始時間 | W4: 検査終了時間 | AA4: PCBModel | AB4: 検査開始時間 | AC4: 検査終了時間 | AF4: PCBModel | AG4: 検査開始時間 | AH4: 検査終了時間 | AK4: PCBModel | AL4: 検査開始時間 | AM4: 検査終了時間 | AP4: PCBModel | AQ4: 検査開始時間 | AR4: 検査終了時間 | AU4: PCBModel | AV4: 検査開始時間 | AW4: 検査終了時間 | BA4: PCBModel | BB4: 検査開始時間 | BC4: 検査終了時間 | BF4: PCBModel | BG4: 検査開始時間 | BH4: 検査終了時間 | BK4: PCBModel | BL4: 検査開始時間 | BM4: 検査終了時間 | BP4: PCBModel | BQ4: 検査開始時間 | BR4: 検査終了時間 | BV4: PCBModel | BW4: 検査開始時間 | BX4: 検査終了時間 | CA4: PCBModel | CB4: 検査開始時間 | CC4: 検査終了時間 | CF4: PCBModel | CG4: 検査開始時間 | CH4: 検査終了時間 | CK4: PCBModel | CL4: 検査開始時間 | CM4: 検査終了時間 | CP4: PCBModel | CQ4: 検査開始時間 | CR4: 検査終了時間 | CV4: PCBModel | CW4: 検査開始時間 | CX4: 検査終了時間
A5: J-MVM-4289P1_20220406 | B5: 45110.999 | C5: 45110.999 | D5: =C5-B5 -> 2.3148146e-05 | F5: J-UR-05581P1_20220228 | G5: 45111.854 | H5: 45111.854 | I5: =H5-G5 -> 0.00023148148 | K5: J-UR-05581P4_20220228 | L5: 45112.992 | M5: 45112.992 | N5: =M5-L5 -> 0.00028935185 | P5: J-UR-05581P1_20220228 | Q5: 45113.572 | R5: 45113.572 | S5: =R5-Q5 -> 0.00023148148 | U5: J-UR-05581P1_20220228 | V5: 45114.57 | W5: 45114.57 | X5: =W5-V5 -> 0.00023148148 | AA5: J-UR-05581P1_20220228 | AB5: 45117.58 | AC5: 45117.58 | AD5: =AC5-AB5 -> 0.00023148148 | AF5: J-UR-05581P1_20220228 | AG5: 45118.909 | AH5: 45118.91 | AI5: =AH5-AG5 -> 0.00023148148 | AK5: J-UR-05581P4_20220228 | AL5: 45119.968 | AM5: 45119.968 | AN5: =AM5-AL5 -> 0.00030092592 | AP5: J-MVM-4289P1_20220406 | AQ5: 45120.934 | AR5: 45120.934 | AS5: =AR5-AQ5 -> 2.3148146e-05 | AU5: J-UR-05581P1_20220228 | AV5: 45121.494 | AW5: 45121.494 | AX5: =AW5-AV5 -> 0.00023148148 | BA5: J-UR-0550-01P1_20210830 | BB5: 45125.763 | BC5: 45125.763 | BD5: =BC5-BB5 -> 0.00011574074 | BF5: J-UR-05581P4_20220228 | BG5: 45127.018 | BH5: 45127.018 | BI5: =BH5-BG5 -> 0.00028935185 | BK5: J-UR-05581P1_20220228 | BL5: 45127.494 | BM5: 45127.495 | BN5: =BM5-BL5 -> 0.00023148148 | BP5: J-MVM-4289P1_20220406 | BQ5: 45128.814 | BR5: 45128.814 | BS5: =BR5-BQ5 -> 2.3148146e-05 | BV5: J-UR-05581P1_20220228 | BW5: 45131.56 | BX5: 45131.56 | BY5: =BX5-BW5 -> 0.00023148148 | CA5: J-UR-05581P1_20220228 | CB5: 45132.506 | CC5: 45132.506 | CD5: =CC5-CB5 -> 0.00023148148 | CF5: J-UR-05581P1_20220228 | CG5: 45133.889 | CH5: 45133.89 | CI5: =CH5-CG5 -> 0.00023148148 | CK5: J-UR-05581P4_20220228 | CL5: 45135.013 | CM5: 45135.014 | CN5: =CM5-CL5 -> 0.00028935185 | CP5: J-MVH-7249-01P4_20220419 | CQ5: 45135.44 | CR5: 45135.44 | CS5: =CR5-CQ5 -> 6.9444446e-05 | CV5: J-UR-05581P1_20220228 | CW5: 45138.546 | CX5: 45138.546 | CY5: =CX5-CW5 -> 0.00023148148
A6: J-MVM-4289P1_20220406 | B6: 45110.994 | C6: 45110.994 | D6: =C6-B6 -> 2.3148146e-05 | F6: J-UR-05581P1_20220228 | G6: 45111.854 | H6: 45111.854 | I6: =H6-G6 -> 0.00023148148 | K6: J-UR-05581P4_20220228 | L6: 45112.992 | M6: 45112.992 | N6: =M6-L6 -> 0.00028935185 | P6: J-UR-05581P1_20220228 | Q6: 45113.571 | R6: 45113.571 | S6: =R6-Q6 -> 0.00023148148 | U6: J-UR-05581P1_20220228 | V6: 45114.57 | W6: 45114.57 | X6: =W6-V6 -> 0.00023148148 | AA6: J-UR-05581P1_20220228 | AB6: 45117.58 | AC6: 45117.58 | AD6: =AC6-AB6 -> 0.00023148148 | AF6: J-UR-05581P1_20220228 | AG6: 45118.909 | AH6: 45118.909 | AI6: =AH6-AG6 -> 0.00021990741 | AK6: J-UR-05581P4_20220228 | AL6: 45119.967 | AM6: 45119.968 | AN6: =AM6-AL6 -> 0.00030092592 | AP6: J-MVM-4289P1_20220406 | AQ6: 45120.934 | AR6: 45120.934 | AS6: =AR6-AQ6 -> 2.3148154e-05 | AU6: J-UR-05581P1_20220228 | AV6: 45121.494 | AW6: 45121.494 | AX6: =AW6-AV6 -> 0.00023148148 | BA6: J-UR-0550-01P1_20210830 | BB6: 45125.762 | BC6: 45125.762 | BD6: =BC6-BB6 -> 0.00012731482 | BF6: J-UR-05581P4_20220228 | BG6: 45127.017 | BH6: 45127.018 | BI6: =BH6-BG6 -> 0.00028935185 | BK6: J-UR-05581P1_20220228 | BL6: 45127.494 | BM6: 45127.494 | BN6: =BM6-BL6 -> 0.00023148148 | BP6: J-MVM-4289P1_20220406 | BQ6: 45128.814 | BR6: 45128.814 | BS6: =BR6-BQ6 -> 2.3148146e-05 | BV6: J-UR-05581P1_20220228 | BW6: 45131.56 | BX6: 45131.56 | BY6: =BX6-BW6 -> 0.00021990741 | CA6: J-UR-05581P1_20220228 | CB6: 45132.506 | CC6: 45132.506 | CD6: =CC6-CB6 -> 0.00023148148 | CF6: J-UR-05581P1_20220228 | CG6: 45133.889 | CH6: 45133.889 | CI6: =CH6-CG6 -> 0.00023148148 | CK6: J-UR-05581P4_20220228 | CL6: 45135.013 | CM6: 45135.013 | CN6: =CM6-CL6 -> 0.00030092592 | CP6: J-MVH-7249-01P4_20220419 | CQ6: 45135.44 | CR6: 45135.44 | CS6: =CR6-CQ6 -> 6.9444446e-05 | CV6: J-UR-05581P1_20220228 | CW6: 45138.546 | CX6: 45138.546 | CY6: =CX6-CW6 -> 0.00023148148
A7: J-MVM-4289P2_20220406 | B7: 45110.984 | C7: 45110.984 | D7: =C7-B7 -> 2.3148154e-05 | F7: J-UR-05581P1_20220228 | G7: 45111.853 | H7: 45111.854 | I7: =H7-G7 -> 0.00023148148 | K7: J-UR-05581P4_20220228 | L7: 45112.991 | M7: 45112.992 | N7: =M7-L7 -> 0.00030092593 | P7: J-UR-05581P1_20220228 | Q7: 45113.571 | R7: 45113.571 | S7: =R7-Q7 -> 0.00023148148 | U7: J-UR-05581P1_20220228 | V7: 45114.569 | W7: 45114.57 | X7: =W7-V7 -> 0.0002199074 | AA7: J-UR-05581P1_20220228 | AB7: 45117.579 | AC7: 45117.58 | AD7: =AC7-AB7 -> 0.00023148148 | AF7: J-UR-05581P1_20220228 | AG7: 45118.909 | AH7: 45118.909 | AI7: =AH7-AG7 -> 0.00023148148 | AK7: J-UR-05581P4_20220228 | AL7: 45119.967 | AM7: 45119.967 | AN7: =AM7-AL7 -> 0.00030092592 | AP7: J-MVM-4289P1_20220406 | AQ7: 45120.934 | AR7: 45120.934 | AS7: =AR7-AQ7 -> 2.3148154e-05 | AU7: J-UR-05581P1_20220228 | AV7: 45121.493 | AW7: 45121.493 | AX7: =AW7-AV7 -> 0.00023148148 | BA7: J-UR-0550-01P1_20210830 | BB7: 45125.762 | BC7: 45125.762 | BD7: =BC7-BB7 -> 0.00012731482 | BF7: J-UR-05581P4_20220228 | BG7: 45127.017 | BH7: 45127.017 | BI7: =BH7-BG7 -> 0.00028935185 | BK7: J-UR-05581P1_20220228 | BL7: 45127.494 | BM7: 45127.494 | BN7: =BM7-BL7 -> 0.00023148148 | BP7: J-MVM-4289P1_20220406 | BQ7: 45128.814 | BR7: 45128.814 | BS7: =BR7-BQ7 -> 2.3148146e-05 | BV7: J-UR-05581P1_20220228 | BW7: 45131.56 | BX7: 45131.56 | BY7: =BX7-BW7 -> 0.00023148148 | CA7: J-UR-05581P1_20220228 | CB7: 45132.505 | CC7: 45132.506 | CD7: =CC7-CB7 -> 0.00023148148 | CF7: J-UR-05581P1_20220228 | CG7: 45133.889 | CH7: 45133.889 | CI7: =CH7-CG7 -> 0.00023148148 | CK7: J-UR-05581P4_20220228 | CL7: 45135.013 | CM7: 45135.013 | CN7: =CM7-CL7 -> 0.00028935185 | CP7: J-MVH-7249-01P4_20220419 | CQ7: 45135.439 | CR7: 45135.439 | CS7: =CR7-CQ7 -> 6.9444446e-05 | CV7: J-UR-05581P1_20220228 | CW7: 45138.546 | CX7: 45138.546 | CY7: =CX7-CW7 -> 0.00023148148
A8: J-MVM-4289P2_20220406 | B8: 45110.979 | C8: 45110.979 | D8: =C8-B8 -> 3.4722223e-05 | F8: J-UR-05581P1_20220228 | G8: 45111.853 | H8: 45111.853 | I8: =H8-G8 -> 0.00023148148 | K8: J-UR-05581P4_20220228 | L8: 45112.991 | M8: 45112.991 | N8: =M8-L8 -> 0.00028935185 | P8: J-UR-05581P1_20220228 | Q8: 45113.571 | R8: 45113.571 | S8: =R8-Q8 -> 0.00023148148 | U8: J-UR-05581P1_20220228 | V8: 45114.569 | W8: 45114.569 | X8: =W8-V8 -> 0.00023148148 | AA8: J-UR-05581P1_20220228 | AB8: 45117.579 | AC8: 45117.579 | AD8: =AC8-AB8 -> 0.00023148148 | AF8: J-UR-05581P1_20220228 | AG8: 45118.909 | AH8: 45118.909 | AI8: =AH8-AG8 -> 0.00023148148 | AK8: J-UR-05581P4_20220228 | AL8: 45119.967 | AM8: 45119.967 | AN8: =AM8-AL8 -> 0.00028935185 | AP8: J-MVM-4289P1_20220406 | AQ8: 45120.934 | AR8: 45120.934 | AS8: =AR8-AQ8 -> 2.3148154e-05 | AU8: J-UR-05581P1_20220228 | AV8: 45121.493 | AW8: 45121.493 | AX8: =AW8-AV8 -> 0.00023148148 | BA8: J-UR-0550-01P1_20210830 | BB8: 45125.762 | BC8: 45125.762 | BD8: =BC8-BB8 -> 0.00012731482 | BF8: J-UR-05581P4_20220228 | BG8: 45127.016 | BH8: 45127.017 | BI8: =BH8-BG8 -> 0.00030092593 | BK8: J-UR-05581P1_20220228 | BL8: 45127.493 | BM8: 45127.494 | BN8: =BM8-BL8 -> 0.00021990741 | BP8: J-MVM-4289P1_20220406 | BQ8: 45128.814 | BR8: 45128.814 | BS8: =BR8-BQ8 -> 2.3148146e-05 | BV8: J-UR-05581P1_20220228 | BW8: 45131.559 | BX8: 45131.559 | BY8: =BX8-BW8 -> 0.00023148148 | CA8: J-UR-05581P1_20220228 | CB8: 45132.505 | CC8: 45132.505 | CD8: =CC8-CB8 -> 0.00023148148 | CF8: J-UR-05581P1_20220228 | CG8: 45133.888 | CH8: 45133.888 | CI8: =CH8-CG8 -> 0.00024305555 | CK8: J-UR-05581P4_20220228 | CL8: 45135.012 | CM8: 45135.013 | CN8: =CM8-CL8 -> 0.00030092593 | CP8: J-MVH-7249-01P4_20220419 | CQ8: 45135.439 | CR8: 45135.439 | CS8: =CR8-CQ8 -> 6.9444446e-05 | CV8: J-UR-05581P1_20220228 | CW8: 45138.545 | CX8: 45138.545 | CY8: =CX8-CW8 -> 0.00023148148
A9: J-UR-05581P1_20220228 | B9: 45110.904 | C9: 45110.904 | D9: =C9-B9 -> 0.00023148148 | F9: J-UR-05581P1_20220228 | G9: 45111.853 | H9: 45111.853 | I9: =H9-G9 -> 0.00023148148 | K9: J-UR-05581P4_20220228 | L9: 45112.991 | M9: 45112.991 | N9: =M9-L9 -> 0.00030092593 | P9: J-UR-05581P1_20220228 | Q9: 45113.57 | R9: 45113.571 | S9: =R9-Q9 -> 0.00023148148 | U9: J-UR-05581P1_20220228 | V9: 45114.569 | W9: 45114.569 | X9: =W9-V9 -> 0.00023148148 | AA9: J-UR-05581P1_20220228 | AB9: 45117.579 | AC9: 45117.579 | AD9: =AC9-AB9 -> 0.00023148148 | AF9: J-UR-05581P1_20220228 | AG9: 45118.908 | AH9: 45118.908 | AI9: =AH9-AG9 -> 0.00023148148 | AK9: J-UR-05581P4_20220228 | AL9: 45119.966 | AM9: 45119.967 | AN9: =AM9-AL9 -> 0.00028935185 | AP9: J-MVM-4289P1_20220406 | AQ9: 45120.934 | AR9: 45120.934 | AS9: =AR9-AQ9 -> 2.3148154e-05 | AU9: J-UR-05581P1_20220228 | AV9: 45121.493 | AW9: 45121.493 | AX9: =AW9-AV9 -> 0.00021990741 | BA9: J-UR-0550-01P1_20210830 | BB9: 45125.762 | BC9: 45125.762 | BD9: =BC9-BB9 -> 0.00012731482 | BF9: J-UR-05581P4_20220228 | BG9: 45127.016 | BH9: 45127.016 | BI9: =BH9-BG9 -> 0.00030092592 | BK9: J-UR-05581P1_20220228 | BL9: 45127.493 | BM9: 45127.493 | BN9: =BM9-BL9 -> 0.00023148148 | BP9: J-MVM-4289P1_20220406 | BQ9: 45128.813 | BR9: 45128.813 | BS9: =BR9-BQ9 -> 2.3148146e-05 | BV9: J-UR-05581P1_20220228 | BW9: 45131.559 | BX9: 45131.559 | BY9: =BX9-BW9 -> 0.00023148148 | CA9: J-UR-05581P1_20220228 | CB9: 45132.505 | CC9: 45132.505 | CD9: =CC9-CB9 -> 0.00023148148 | CF9: J-UR-05581P1_20220228 | CG9: 45133.888 | CH9: 45133.888 | CI9: =CH9-CG9 -> 0.00023148148 | CK9: J-UR-05581P4_20220228 | CL9: 45135.012 | CM9: 45135.012 | CN9: =CM9-CL9 -> 0.00030092592 | CP9: J-MVH-7249-01P4_20220419 | CQ9: 45135.439 | CR9: 45135.439 | CS9: =CR9-CQ9 -> 8.1018516e-05 | CV9: J-UR-05581P1_20220228 | CW9: 45138.545 | CX9: 45138.545 | CY9: =CX9-CW9 -> 0.00023148148
A10: J-UR-05581P1_20220228 | B10: 45110.883 | C10: 45110.883 | D10: =C10-B10 -> 0.00023148148 | F10: J-UR-05581P1_20220228 | G10: 45111.853 | H10: 45111.853 | I10: =H10-G10 -> 0.00023148148 | K10: J-UR-05581P4_20220228 | L10: 45112.99 | M10: 45112.991 | N10: =M10-L10 -> 0.00030092593 | P10: J-UR-05581P1_20220228 | Q10: 45113.57 | R10: 45113.57 | S10: =R10-Q10 -> 0.00023148148 | U10: J-UR-05581P1_20220228 | V10: 45114.569 | W10: 45114.569 | X10: =W10-V10 -> 0.00023148148 | AA10: J-UR-05581P1_20220228 | AB10: 45117.578 | AC10: 45117.579 | AD10: =AC10-AB10 -> 0.00024305555 | AF10: J-UR-05581P1_20220228 | AG10: 45118.908 | AH10: 45118.908 | AI10: =AH10-AG10 -> 0.00023148148 | AK10: J-UR-05581P4_20220228 | AL10: 45119.966 | AM10: 45119.966 | AN10: =AM10-AL10 -> 0.00030092592 | AP10: J-MVM-4289P1_20220406 | AQ10: 45120.934 | AR10: 45120.934 | AS10: =AR10-AQ10 -> 2.3148146e-05 | AU10: J-UR-05581P1_20220228 | AV10: 45121.492 | AW10: 45121.493 | AX10: =AW10-AV10 -> 0.00021990741 | BA10: J-UR-0550-01P1_20210830 | BB10: 45125.762 | BC10: 45125.762 | BD10: =BC10-BB10 -> 0.00012731482 | BF10: J-UR-05581P4_20220228 | BG10: 45127.016 | BH10: 45127.016 | BI10: =BH10-BG10 -> 0.00028935185 | BK10: J-UR-05581P1_20220228 | BL10: 45127.493 | BM10: 45127.493 | BN10: =BM10-BL10 -> 0.00023148148 | BP10: J-MVM-4289P1_20220406 | BQ10: 45128.813 | BR10: 45128.813 | BS10: =BR10-BQ10 -> 2.3148146e-05 | BV10: J-UR-05581P1_20220228 | BW10: 45131.559 | BX10: 45131.559 | BY10: =BX10-BW10 -> 0.00023148148 | CA10: J-UR-05581P1_20220228 | CB10: 45132.504 | CC10: 45132.505 | CD10: =CC10-CB10 -> 0.00023148148 | CF10: J-UR-05581P1_20220228 | CG10: 45133.888 | CH10: 45133.888 | CI10: =CH10-CG10 -> 0.00023148148 | CK10: J-UR-05581P4_20220228 | CL10: 45135.012 | CM10: 45135.012 | CN10: =CM10-CL10 -> 0.00028935185 | CP10: J-MVH-7249-01P4_20220419 | CQ10: 45135.439 | CR10: 45135.439 | CS10: =CR10-CQ10 -> 6.9444446e-05 | CV10: J-UR-05581P1_20220228 | CW10: 45138.545 | CX10: 45138.545 | CY10: =CX10-CW10 -> 0.00023148148
A11: J-UR-05581P4_20220228 | B11: 45110.767 | C11: 45110.768 | D11: =C11-B11 -> 0.00028935185 | F11: J-UR-05581P1_20220228 | G11: 45111.852 | H11: 45111.852 | I11: =H11-G11 -> 0.00021990741 | K11: J-UR-05581P4_20220228 | L11: 45112.99 | M11: 45112.99 | N11: =M11-L11 -> 0.00028935185 | P11: J-UR-05581P1_20220228 | Q11: 45113.57 | R11: 45113.57 | S11: =R11-Q11 -> 0.00023148148 | U11: J-UR-05581P1_20220228 | V11: 45114.568 | W11: 45114.568 | X11: =W11-V11 -> 0.00023148148 | AA11: J-UR-05581P1_20220228 | AB11: 45117.578 | AC11: 45117.578 | AD11: =AC11-AB11 -> 0.00023148148 | AF11: J-UR-05581P1_20220228 | AG11: 45118.908 | AH11: 45118.908 | AI11: =AH11-AG11 -> 0.00023148148 | AK11: J-UR-05581P4_20220228 | AL11: 45119.965 | AM11: 45119.966 | AN11: =AM11-AL11 -> 0.00030092592 | AP11: J-MVM-4289P1_20220406 | AQ11: 45120.934 | AR11: 45120.934 | AS11: =AR11-AQ11 -> 2.3148146e-05 | AU11: J-UR-05581P1_20220228 | AV11: 45121.492 | AW11: 45121.492 | AX11: =AW11-AV11 -> 0.00023148148 | BA11: J-UR-0550-01P1_20210830 | BB11: 45125.761 | BC11: 45125.762 | BD11: =BC11-BB11 -> 0.00012731482 | BF11: J-UR-05581P4_20220228 | BG11: 45127.015 | BH11: 45127.016 | BI11: =BH11-BG11 -> 0.00028935185 | BK11: J-UR-05581P1_20220228 | BL11: 45127.492 | BM11: 45127.493 | BN11: =BM11-BL11 -> 0.00023148148 | BP11: J-MVM-4289P1_20220406 | BQ11: 45128.813 | BR11: 45128.813 | BS11: =BR11-BQ11 -> 2.3148146e-05 | BV11: J-UR-05581P1_20220228 | BW11: 45131.558 | BX11: 45131.559 | BY11: =BX11-BW11 -> 0.00023148148 | CA11: J-UR-05581P1_20220228 | CB11: 45132.504 | CC11: 45132.504 | CD11: =CC11-CB11 -> 0.00023148148 | CF11: J-UR-05581P1_20220228 | CG11: 45133.887 | CH11: 45133.887 | CI11: =CH11-CG11 -> 0.00023148148 | CK11: J-UR-05581P4_20220228 | CL11: 45135.011 | CM11: 45135.011 | CN11: =CM11-CL11 -> 0.00028935185 | CP11: J-MVH-7249-01P4_20220419 | CQ11: 45135.439 | CR11: 45135.439 | CS11: =CR11-CQ11 -> 6.9444446e-05 | CV11: J-UR-05581P1_20220228 | CW11: 45138.544 | CX11: 45138.545 | CY11: =CX11-CW11 -> 0.00023148148
A12: J-UR-05581P4_20220228 | B12: 45110.742 | C12: 45110.742 | D12: =C12-B12 -> 0.00028935185 | F12: J-UR-05581P1_20220228 | G12: 45111.852 | H12: 45111.852 | I12: =H12-G12 -> 0.00023148148 | K12: J-UR-05581P4_20220228 | L12: 45112.99 | M12: 45112.99 | N12: =M12-L12 -> 0.00030092592 | P12: J-UR-05581P1_20220228 | Q12: 45113.569 | R12: 45113.57 | S12: =R12-Q12 -> 0.00023148148 | U12: J-UR-05581P1_20220228 | V12: 45114.568 | W12: 45114.568 | X12: =W12-V12 -> 0.00023148148 | AA12: J-UR-05581P1_20220228 | AB12: 45117.578 | AC12: 45117.578 | AD12: =AC12-AB12 -> 0.00023148148 | AF12: J-UR-05581P1_20220228 | AG12: 45118.907 | AH12: 45118.907 | AI12: =AH12-AG12 -> 0.00023148148 | AK12: J-UR-05581P4_20220228 | AL12: 45119.965 | AM12: 45119.965 | AN12: =AM12-AL12 -> 0.00028935185 | AP12: J-MVM-4289P1_20220406 | AQ12: 45120.934 | AR12: 45120.934 | AS12: =AR12-AQ12 -> 2.3148146e-05 | AU12: J-UR-05581P1_20220228 | AV12: 45121.492 | AW12: 45121.492 | AX12: =AW12-AV12 -> 0.00021990741 | BA12: J-UR-0550-01P1_20210830 | BB12: 45125.761 | BC12: 45125.761 | BD12: =BC12-BB12 -> 0.00012731482 | BF12: J-UR-05581P4_20220228 | BG12: 45127.015 | BH12: 45127.015 | BI12: =BH12-BG12 -> 0.00030092593 | BK12: J-UR-05581P1_20220228 | BL12: 45127.492 | BM12: 45127.492 | BN12: =BM12-BL12 -> 0.00023148148 | BP12: J-MVM-4289P1_20220406 | BQ12: 45128.813 | BR12: 45128.813 | BS12: =BR12-BQ12 -> 2.3148146e-05 | BV12: J-UR-05581P1_20220228 | BW12: 45131.558 | BX12: 45131.558 | BY12: =BX12-BW12 -> 0.00023148148 | CA12: J-UR-05581P1_20220228 | CB12: 45132.504 | CC12: 45132.504 | CD12: =CC12-CB12 -> 0.00023148148 | CF12: J-UR-05581P1_20220228 | CG12: 45133.887 | CH12: 45133.887 | CI12: =CH12-CG12 -> 0.00023148148 | CK12: J-UR-05581P4_20220228 | CL12: 45135.011 | CM12: 45135.011 | CN12: =CM12-CL12 -> 0.00028935185 | CP12: J-MVH-7249-01P4_20220419 | CQ12: 45135.438 | CR12: 45135.439 | CS12: =CR12-CQ12 -> 8.1018516e-05 | CV12: J-UR-05581P1_20220228 | CW12: 45138.544 | CX12: 45138.544 | CY12: =CX12-CW12 -> 0.00023148148
A13: J-UR-0578P4_20220525 | B13: 45110.471 | C13: 45110.472 | D13: =C13-B13 -> 6.9444439e-05 | F13: J-UR-05581P1_20220228 | G13: 45111.852 | H13: 45111.852 | I13: =H13-G13 -> 0.00023148148 | K13: J-UR-05581P4_20220228 | L13: 45112.989 | M13: 45112.989 | N13: =M13-L13 -> 0.00030092593 | P13: J-UR-05581P1_20220228 | Q13: 45113.569 | R13: 45113.569 | S13: =R13-Q13 -> 0.00023148148 | U13: J-UR-05581P1_20220228 | V13: 45114.568 | W13: 45114.568 | X13: =W13-V13 -> 0.00023148148 | AA13: J-UR-05581P1_20220228 | AB13: 45117.578 | AC13: 45117.578 | AD13: =AC13-AB13 -> 0.00023148148 | AF13: J-UR-05581P1_20220228 | AG13: 45118.907 | AH13: 45118.907 | AI13: =AH13-AG13 -> 0.00023148148 | AK13: J-UR-05581P4_20220228 | AL13: 45119.965 | AM13: 45119.965 | AN13: =AM13-AL13 -> 0.00028935185 | AP13: J-MVM-4289P1_20220406 | AQ13: 45120.933 | AR13: 45120.934 | AS13: =AR13-AQ13 -> 2.3148146e-05 | AU13: J-UR-05581P1_20220228 | AV13: 45121.491 | AW13: 45121.492 | AX13: =AW13-AV13 -> 0.00023148148 | BA13: J-UR-0550-01P1_20210830 | BB13: 45125.761 | BC13: 45125.761 | BD13: =BC13-BB13 -> 0.00012731482 | BF13: J-UR-05581P4_20220228 | BG13: 45127.015 | BH13: 45127.015 | BI13: =BH13-BG13 -> 0.00028935185 | BK13: J-UR-05581P1_20220228 | BL13: 45127.492 | BM13: 45127.492 | BN13: =BM13-BL13 -> 0.00023148148 | BP13: J-MVM-4289P1_20220406 | BQ13: 45128.813 | BR13: 45128.813 | BS13: =BR13-BQ13 -> 2.3148146e-05 | BV13: J-UR-05581P1_20220228 | BW13: 45131.558 | BX13: 45131.558 | BY13: =BX13-BW13 -> 0.00023148148 | CA13: J-UR-05581P1_20220228 | CB13: 45132.503 | CC13: 45132.504 | CD13: =CC13-CB13 -> 0.00021990741 | CF13: J-UR-05581P1_20220228 | CG13: 45133.886 | CH13: 45133.887 | CI13: =CH13-CG13 -> 0.00024305555 | CK13: J-UR-05581P4_20220228 | CL13: 45135.01 | CM13: 45135.011 | CN13: =CM13-CL13 -> 0.00030092592 | CP13: J-UR-05581P1_20220228 | CQ13: 45135.544 | CR13: 45135.544 | CS13: =CR13-CQ13 -> 0.00023148148 | CV13: J-UR-05581P1_20220228 | CW13: 45138.544 | CX13: 45138.544 | CY13: =CX13-CW13 -> 0.00021990741
A14: J-UR-0578P4_20220525 | B14: 45110.47 | C14: 45110.47 | D14: =C14-B14 -> 5.7870369e-05 | F14: J-UR-05581P1_20220228 | G14: 45111.851 | H14: 45111.852 | I14: =H14-G14 -> 0.00023148148 | K14: J-UR-05581P4_20220228 | L14: 45112.989 | M14: 45112.989 | N14: =M14-L14 -> 0.00030092592 | P14: J-UR-05581P1_20220228 | Q14: 45113.569 | R14: 45113.569 | S14: =R14-Q14 -> 0.00021990741 | U14: J-UR-05581P1_20220228 | V14: 45114.567 | W14: 45114.567 | X14: =W14-V14 -> 0.00023148148 | AA14: J-UR-05581P1_20220228 | AB14: 45117.577 | AC14: 45117.577 | AD14: =AC14-AB14 -> 0.00023148148 | AF14: J-UR-05581P1_20220228 | AG14: 45118.907 | AH14: 45118.907 | AI14: =AH14-AG14 -> 0.00023148148 | AK14: J-UR-05581P4_20220228 | AL14: 45119.964 | AM14: 45119.965 | AN14: =AM14-AL14 -> 0.00030092592 | AP14: J-MVM-4289P1_20220406 | AQ14: 45120.933 | AR14: 45120.933 | AS14: =AR14-AQ14 -> 3.4722223e-05 | AU14: J-UR-05581P1_20220228 | AV14: 45121.491 | AW14: 45121.491 | AX14: =AW14-AV14 -> 0.00023148148 | BA14: J-UR-0550-01P1_20210830 | BB14: 45125.761 | BC14: 45125.761 | BD14: =BC14-BB14 -> 0.00012731482 | BF14: J-UR-05581P4_20220228 | BG14: 45127.014 | BH14: 45127.014 | BI14: =BH14-BG14 -> 0.00028935185 | BK14: J-UR-05581P1_20220228 | BL14: 45127.491 | BM14: 45127.492 | BN14: =BM14-BL14 -> 0.00023148148 | BP14: J-MVM-4289P1_20220406 | BQ14: 45128.813 | BR14: 45128.813 | BS14: =BR14-BQ14 -> 2.3148154e-05 | BV14: J-UR-05581P1_20220228 | BW14: 45131.557 | BX14: 45131.558 | BY14: =BX14-BW14 -> 0.00023148148 | CA14: J-UR-05581P1_20220228 | CB14: 45132.503 | CC14: 45132.503 | CD14: =CC14-CB14 -> 0.00021990741 | CF14: J-UR-05581P1_20220228 | CG14: 45133.886 | CH14: 45133.886 | CI14: =CH14-CG14 -> 0.00023148148 | CK14: J-UR-05581P4_20220228 | CL14: 45135.01 | CM14: 45135.01 | CN14: =CM14-CL14 -> 0.00030092592 | CP14: J-UR-05581P1_20220228 | CQ14: 45135.543 | CR14: 45135.544 | CS14: =CR14-CQ14 -> 0.00023148148 | CV14: J-UR-05581P1_20220228 | CW14: 45138.543 | CX14: 45138.544 | CY14: =CX14-CW14 -> 0.00023148148
A15: J-UR-0585P1_20220601 | B15: 45110.539 | C15: 45110.539 | D15: =C15-B15 -> 3.4722223e-05 | F15: J-UR-05581P1_20220228 | G15: 45111.851 | H15: 45111.851 | I15: =H15-G15 -> 0.00023148148 | K15: J-UR-05581P4_20220228 | L15: 45112.988 | M15: 45112.989 | N15: =M15-L15 -> 0.00030092592 | P15: J-UR-05581P1_20220228 | Q15: 45113.568 | R15: 45113.569 | S15: =R15-Q15 -> 0.00023148148 | U15: J-UR-05581P1_20220228 | V15: 45114.567 | W15: 45114.567 | X15: =W15-V15 -> 0.00023148148 | AA15: J-UR-05581P1_20220228 | AB15: 45117.577 | AC15: 45117.577 | AD15: =AC15-AB15 -> 0.00023148148 | AF15: J-UR-05581P1_20220228 | AG15: 45118.906 | AH15: 45118.907 | AI15: =AH15-AG15 -> 0.00023148148 | AK15: J-UR-05581P4_20220228 | AL15: 45119.964 | AM15: 45119.964 | AN15: =AM15-AL15 -> 0.00030092592 | AP15: J-MVM-4289P1_20220406 | AQ15: 45120.933 | AR15: 45120.933 | AS15: =AR15-AQ15 -> 2.3148146e-05 | AU15: J-UR-05581P1_20220228 | AV15: 45121.491 | AW15: 45121.491 | AX15: =AW15-AV15 -> 0.00023148148 | BA15: J-UR-0550-01P1_20210830 | BB15: 45125.761 | BC15: 45125.761 | BD15: =BC15-BB15 -> 0.00012731482 | BF15: J-UR-05581P4_20220228 | BG15: 45127.014 | BH15: 45127.014 | BI15: =BH15-BG15 -> 0.00030092593 | BK15: J-UR-05581P1_20220228 | BL15: 45127.491 | BM15: 45127.491 | BN15: =BM15-BL15 -> 0.00023148148 | BP15: J-MVM-4289P1_20220406 | BQ15: 45128.813 | BR15: 45128.813 | BS15: =BR15-BQ15 -> 2.3148154e-05 | BV15: J-UR-05581P1_20220228 | BW15: 45131.557 | BX15: 45131.557 | BY15: =BX15-BW15 -> 0.00021990741 | CA15: J-UR-05581P1_20220228 | CB15: 45132.503 | CC15: 45132.503 | CD15: =CC15-CB15 -> 0.00023148148 | CF15: J-UR-05581P1_20220228 | CG15: 45133.886 | CH15: 45133.886 | CI15: =CH15-CG15 -> 0.00023148148 | CK15: J-UR-05581P4_20220228 | CL15: 45135.01 | CM15: 45135.01 | CN15: =CM15-CL15 -> 0.00028935185 | CP15: J-UR-05581P1_20220228 | CQ15: 45135.543 | CR15: 45135.543 | CS15: =CR15-CQ15 -> 0.00023148148 | CV15: J-UR-05581P1_20220228 | CW15: 45138.543 | CX15: 45138.543 | CY15: =CX15-CW15 -> 0.00023148148
A16: J-UR-0585P1_20220601 | B16: 45110.505 | C16: 45110.505 | D16: =C16-B16 -> 2.3148146e-05 | F16: J-UR-05581P1_20220228 | G16: 45111.851 | H16: 45111.851 | I16: =H16-G16 -> 0.00023148148 | K16: J-UR-05581P4_20220228 | L16: 45112.988 | M16: 45112.988 | N16: =M16-L16 -> 0.00030092592 | P16: J-UR-05581P1_20220228 | Q16: 45113.568 | R16: 45113.568 | S16: =R16-Q16 -> 0.00023148148 | U16: J-UR-05581P1_20220228 | V16: 45114.567 | W16: 45114.567 | X16: =W16-V16 -> 0.00023148148 | AA16: J-UR-05581P1_20220228 | AB16: 45117.577 | AC16: 45117.577 | AD16: =AC16-AB16 -> 0.00023148148 | AF16: J-UR-05581P1_20220228 | AG16: 45118.906 | AH16: 45118.906 | AI16: =AH16-AG16 -> 0.00023148148 | AK16: J-UR-05581P4_20220228 | AL16: 45119.964 | AM16: 45119.964 | AN16: =AM16-AL16 -> 0.00028935185 | AP16: J-MVM-4289P1_20220406 | AQ16: 45120.933 | AR16: 45120.933 | AS16: =AR16-AQ16 -> 2.3148154e-05 | AU16: J-UR-05581P1_20220228 | AV16: 45121.49 | AW16: 45121.491 | AX16: =AW16-AV16 -> 0.00023148148 | BA16: J-UR-0550-01P1_20210830 | BB16: 45125.76 | BC16: 45125.76 | BD16: =BC16-BB16 -> 0.00012731482 | BF16: J-UR-05581P4_20220228 | BG16: 45127.013 | BH16: 45127.014 | BI16: =BH16-BG16 -> 0.00028935185 | BK16: J-UR-05581P1_20220228 | BL16: 45127.491 | BM16: 45127.491 | BN16: =BM16-BL16 -> 0.00023148148 | BP16: J-MVM-4289P1_20220406 | BQ16: 45128.813 | BR16: 45128.813 | BS16: =BR16-BQ16 -> 3.4722223e-05 | BV16: J-UR-05581P1_20220228 | BW16: 45131.557 | BX16: 45131.557 | BY16: =BX16-BW16 -> 0.00023148148 | CA16: J-UR-05581P1_20220228 | CB16: 45132.503 | CC16: 45132.503 | CD16: =CC16-CB16 -> 0.00023148148 | CF16: J-UR-05581P1_20220228 | CG16: 45133.885 | CH16: 45133.886 | CI16: =CH16-CG16 -> 0.00023148148 | CK16: J-UR-05581P4_20220228 | CL16: 45135.009 | CM16: 45135.01 | CN16: =CM16-CL16 -> 0.00030092592 | CP16: J-UR-05581P1_20220228 | CQ16: 45135.543 | CR16: 45135.543 | CS16: =CR16-CQ16 -> 0.00023148148 | CV16: J-UR-05581P1_20220228 | CW16: 45138.543 | CX16: 45138.543 | CY16: =CX16-CW16 -> 0.00023148148
... A66: UTS-0717P6 | B66: 45110.86 | C66: 45110.86 | D66: =C66-B66 -> 0.00010416666 | F66: J-UR-05581P4_20220228 | G66: 45111.744 | H66: 45111.744 | I66: =H66-G66 -> 0.00028935185 | K66: J-UR-4192-01P1_20211105 | L66: 45112.434 | M66: 45112.434 | N66: =M66-L66 -> 6.9444446e-05 | P66: J-URS-43013P1_20221028 | Q66: 45113.599 | R66: 45113.599 | S66: =R66-Q66 -> 6.9444446e-05 | U66: J-UR-05581P4_20220228 | V66: 45114.989 | W66: 45114.989 | X66: =W66-V66 -> 0.00027777778 | AA66: J-UR-05581P4_20220228 | AB66: 45117.937 | AC66: 45117.937 | AD66: =AC66-AB66 -> 0.00030092593 | AF66: J-UR-05581P1_20220228 | AG66: 45118.49 | AH66: 45118.49 | AI66: =AH66-AG66 -> 0.00021990741 | AK66: UR-0480P1 | AL66: 45119.393 | AM66: 45119.394 | AN66: =AM66-AL66 -> 0.00010416667 | AP66: J-MVM-4289P2_20220406 | AQ66: 45120.925 | AR66: 45120.925 | AS66: =AR66-AQ66 -> 2.3148154e-05 | AU66: J-UR-05581P4_20220228 | AV66: 45121.389 | AW66: 45121.39 | AX66: =AW66-AV66 -> 0.00030092593 | BA66: J-UR-0550-01P8_20210830 | BB66: 45125.728 | BC66: 45125.728 | BD66: =BC66-BB66 -> 0.00019675926 | BF66: J-UR-0582P10_20230706 | BG66: 45126.446 | BH66: 45126.446 | BI66: =BH66-BG66 -> 0.00041666666 | BK66: UR-04511P1 | BL66: 45127.735 | BM66: 45127.735 | BN66: =BM66-BL66 -> 6.9444446e-05 | BP66: J-MVM-4289P2_20220406 | BQ66: 45128.804 | BR66: 45128.804 | BS66: =BR66-BQ66 -> 2.3148146e-05 | BV66: J-UR-05581P4_20220228 | BW66: 45132.015 | BX66: 45132.016 | BY66: =BX66-BW66 -> 0.00030092592 | CA66: J-UR-05581P4_20220228 | CB66: 45132.86 | CC66: 45132.86 | CD66: =CC66-CB66 -> 0.00028935185 | CF66: J-UR-05581P1_20220228 | CG66: 45133.557 | CH66: 45133.557 | CI66: =CH66-CG66 -> 0.00023148148 | CK66: MVD-0415P1 | CL66: 45134.626 | CM66: 45134.626 | CN66: =CM66-CL66 -> 0.00019675926 | CP66: J-UR-05581P4_20220228 | CQ66: 45135.963 | CR66: 45135.963 | CS66: =CR66-CQ66 -> 0.00028935185 | CV66: UR-0483P1 | CW66: 45138.605 | CX66: 45138.605 | CY66: =CX66-CW66 -> 5.7870377e-05
F67: J-UR-05581P4_20220228 | G67: 45111.743 | H67: 45111.743 | I67: =H67-G67 -> 0.00030092592 | K67: J-UR-4192-01P1_20211105 | L67: 45112.434 | M67: 45112.434 | N67: =M67-L67 -> 6.9444446e-05 | P67: J-URS-43013P1_20221028 | Q67: 45113.598 | R67: 45113.598 | S67: =R67-Q67 -> 6.9444446e-05 | U67: J-UR-05581P4_20220228 | V67: 45114.989 | W67: 45114.989 | X67: =W67-V67 -> 0.00030092593 | AA67: J-UR-05581P4_20220228 | AB67: 45117.936 | AC67: 45117.937 | AD67: =AC67-AB67 -> 0.00030092593 | AF67: J-UR-05581P1_20220228 | AG67: 45118.489 | AH67: 45118.49 | AI67: =AH67-AG67 -> 0.00023148148 | AK67: UR-0480P1 | AL67: 45119.393 | AM67: 45119.393 | AN67: =AM67-AL67 -> 0.00010416666 | AP67: J-MVM-4289P2_20220406 | AQ67: 45120.925 | AR67: 45120.925 | AS67: =AR67-AQ67 -> 3.4722216e-05 | AU67: J-UR-05581P4_20220228 | AV67: 45121.389 | AW67: 45121.389 | AX67: =AW67-AV67 -> 0.00028935185 | BA67: J-UR-0550-01P8_20210830 | BB67: 45125.727 | BC67: 45125.728 | BD67: =BC67-BB67 -> 0.00019675925 | BF67: J-UR-0582P10_20230706 | BG67: 45126.445 | BH67: 45126.446 | BI67: =BH67-BG67 -> 0.00040509259 | BK67: UR-04511P1 | BL67: 45127.735 | BM67: 45127.735 | BN67: =BM67-BL67 -> 8.1018516e-05 | BP67: J-MVM-4289P2_20220406 | BQ67: 45128.804 | BR67: 45128.804 | BS67: =BR67-BQ67 -> 2.3148146e-05 | BV67: J-UR-05581P4_20220228 | BW67: 45132.015 | BX67: 45132.015 | BY67: =BX67-BW67 -> 0.00028935185 | CA67: J-UR-05581P4_20220228 | CB67: 45132.86 | CC67: 45132.86 | CD67: =CC67-CB67 -> 0.00028935185 | CF67: J-UR-05581P1_20220228 | CG67: 45133.556 | CH67: 45133.557 | CI67: =CH67-CG67 -> 0.00023148148 | CK67: MVD-0415P1 | CL67: 45134.626 | CM67: 45134.626 | CN67: =CM67-CL67 -> 0.00018518518 | CP67: J-UR-05581P4_20220228 | CQ67: 45135.963 | CR67: 45135.963 | CS67: =CR67-CQ67 -> 0.00030092593 | CV67: UR-0483P1 | CW67: 45138.605 | CX67: 45138.605 | CY67: =CX67-CW67 -> 5.7870369e-05
F68: J-UR-05581P4_20220228 | G68: 45111.743 | H68: 45111.743 | I68: =H68-G68 -> 0.00028935185 | K68: J-UR-4192-01P1_20211105 | L68: 45112.433 | M68: 45112.433 | N68: =M68-L68 -> 6.9444446e-05 | P68: J-URS-43013P1_20221028 | Q68: 45113.598 | R68: 45113.598 | S68: =R68-Q68 -> 8.1018516e-05 | U68: J-UR-05581P4_20220228 | V68: 45114.988 | W68: 45114.989 | X68: =W68-V68 -> 0.00030092593 | AA68: J-UR-05581P4_20220228 | AB68: 45117.936 | AC68: 45117.936 | AD68: =AC68-AB68 -> 0.00028935185 | AF68: J-UR-05581P1_20220228 | AG68: 45118.489 | AH68: 45118.489 | AI68: =AH68-AG68 -> 0.00023148148 | AK68: UR-0480P1 | AL68: 45119.393 | AM68: 45119.393 | AN68: =AM68-AL68 -> 0.00011574074 | AP68: J-MVM-4289P2_20220406 | AQ68: 45120.925 | AR68: 45120.925 | AS68: =AR68-AQ68 -> 2.3148146e-05 | AU68: J-UR-05581P4_20220228 | AV68: 45121.389 | AW68: 45121.389 | AX68: =AW68-AV68 -> 0.00030092593 | BA68: J-UR-0550-01P8_20210830 | BB68: 45125.727 | BC68: 45125.727 | BD68: =BC68-BB68 -> 0.00019675926 | BF68: J-UR-0582P10_20230706 | BG68: 45126.445 | BH68: 45126.445 | BI68: =BH68-BG68 -> 0.00041666667 | BK68: UR-04511P1 | BL68: 45127.735 | BM68: 45127.735 | BN68: =BM68-BL68 -> 6.9444439e-05 | BP68: J-MVM-4289P2_20220406 | BQ68: 45128.804 | BR68: 45128.804 | BS68: =BR68-BQ68 -> 2.3148154e-05 | BV68: J-UR-05581P4_20220228 | BW68: 45132.015 | BX68: 45132.015 | BY68: =BX68-BW68 -> 0.00028935185 | CA68: J-UR-05581P4_20220228 | CB68: 45132.859 | CC68: 45132.86 | CD68: =CC68-CB68 -> 0.00028935185 | CF68: J-UR-05581P1_20220228 | CG68: 45133.556 | CH68: 45133.556 | CI68: =CH68-CG68 -> 0.00023148148 | CK68: MVD-0415P1 | CL68: 45134.625 | CM68: 45134.625 | CN68: =CM68-CL68 -> 0.00018518518 | CP68: J-UR-05581P4_20220228 | CQ68: 45135.962 | CR68: 45135.962 | CS68: =CR68-CQ68 -> 0.00028935185 | CV68: UR-0483P1 | CW68: 45138.605 | CX68: 45138.605 | CY68: =CX68-CW68 -> 5.7870369e-05
F69: J-UR-05581P4_20220228 | G69: 45111.742 | H69: 45111.743 | I69: =H69-G69 -> 0.00028935185 | K69: J-UR-4192-01P1_20211105 | L69: 45112.433 | M69: 45112.433 | N69: =M69-L69 -> 6.9444446e-05 | P69: J-URS-43013P1_20221028 | Q69: 45113.598 | R69: 45113.598 | S69: =R69-Q69 -> 6.9444446e-05 | U69: J-UR-05581P4_20220228 | V69: 45114.988 | W69: 45114.988 | X69: =W69-V69 -> 0.00030092593 | AA69: J-UR-05581P4_20220228 | AB69: 45117.936 | AC69: 45117.936 | AD69: =AC69-AB69 -> 0.00028935185 | AF69: J-UR-05581P1_20220228 | AG69: 45118.489 | AH69: 45118.489 | AI69: =AH69-AG69 -> 0.00023148148 | AK69: UR-0480P1 | AL69: 45119.393 | AM69: 45119.393 | AN69: =AM69-AL69 -> 0.00011574074 | AP69: J-MVM-4289P2_20220406 | AQ69: 45120.925 | AR69: 45120.925 | AS69: =AR69-AQ69 -> 3.4722223e-05 | AU69: J-UR-05581P4_20220228 | AV69: 45121.388 | AW69: 45121.389 | AX69: =AW69-AV69 -> 0.00028935185 | BA69: J-UR-0550-01P8_20210830 | BB69: 45125.727 | BC69: 45125.727 | BD69: =BC69-BB69 -> 0.00019675926 | BF69: J-UR-0582P10_20230706 | BG69: 45126.444 | BH69: 45126.445 | BI69: =BH69-BG69 -> 0.00041666666 | BK69: UR-04511P1 | BL69: 45127.734 | BM69: 45127.734 | BN69: =BM69-BL69 -> 6.9444446e-05 | BP69: J-MVM-4289P2_20220406 | BQ69: 45128.804 | BR69: 45128.804 | BS69: =BR69-BQ69 -> 3.4722223e-05 | BV69: J-UR-05581P4_20220228 | BW69: 45132.014 | BX69: 45132.015 | BY69: =BX69-BW69 -> 0.00030092592 | CA69: J-UR-05581P4_20220228 | CB69: 45132.859 | CC69: 45132.859 | CD69: =CC69-CB69 -> 0.00030092592 | CF69: J-UR-05581P1_20220228 | CG69: 45133.556 | CH69: 45133.556 | CI69: =CH69-CG69 -> 0.00023148148 | CK69: MVD-0415P1 | CL69: 45134.625 | CM69: 45134.625 | CN69: =CM69-CL69 -> 0.00018518519 | CP69: J-UR-05581P4_20220228 | CQ69: 45135.962 | CR69: 45135.962 | CS69: =CR69-CQ69 -> 0.00028935185 | CV69: UR-0483P1 | CW69: 45138.605 | CX69: 45138.605 | CY69: =CX69-CW69 -> 4.6296293e-05
F70: J-UR-05581P4_20220228 | G70: 45111.742 | H70: 45111.742 | I70: =H70-G70 -> 0.00028935185 | K70: J-UR-4192-01P1_20211105 | L70: 45112.433 | M70: 45112.433 | N70: =M70-L70 -> 6.9444446e-05 | P70: J-URS-43013P1_20221028 | Q70: 45113.598 | R70: 45113.598 | S70: =R70-Q70 -> 8.1018516e-05 | U70: J-UR-05581P4_20220228 | V70: 45114.988 | W70: 45114.988 | X70: =W70-V70 -> 0.00028935185 | AA70: J-UR-05581P4_20220228 | AB70: 45117.935 | AC70: 45117.936 | AD70: =AC70-AB70 -> 0.00028935185 | AF70: J-UR-05581P1_20220228 | AG70: 45118.488 | AH70: 45118.489 | AI70: =AH70-AG70 -> 0.00023148148 | AK70: UR-0480P1 | AL70: 45119.393 | AM70: 45119.393 | AN70: =AM70-AL70 -> 0.00010416667 | AP70: J-MVM-4289P2_20220406 | AQ70: 45120.925 | AR70: 45120.925 | AS70: =AR70-AQ70 -> 2.3148146e-05 | AU70: J-UR-05581P4_20220228 | AV70: 45121.388 | AW70: 45121.388 | AX70: =AW70-AV70 -> 0.00030092592 | BA70: J-UR-0550-01P8_20210830 | BB70: 45125.727 | BC70: 45125.727 | BD70: =BC70-BB70 -> 0.00018518518 | BF70: J-UR-0582P10_20230706 | BG70: 45126.444 | BH70: 45126.444 | BI70: =BH70-BG70 -> 0.00040509259 | BK70: UR-04511P1 | BL70: 45127.734 | BM70: 45127.734 | BN70: =BM70-BL70 -> 6.9444446e-05 | BP70: J-MVM-4289P2_20220406 | BQ70: 45128.804 | BR70: 45128.804 | BS70: =BR70-BQ70 -> 3.4722223e-05 | BV70: J-UR-05581P4_20220228 | BW70: 45132.014 | BX70: 45132.014 | BY70: =BX70-BW70 -> 0.00028935185 | CA70: J-UR-05581P4_20220228 | CB70: 45132.859 | CC70: 45132.859 | CD70: =CC70-CB70 -> 0.00030092592 | CF70: J-UR-05581P1_20220228 | CG70: 45133.555 | CH70: 45133.556 | CI70: =CH70-CG70 -> 0.00023148148 | CK70: MVD-0415P1 | CL70: 45134.625 | CM70: 45134.625 | CN70: =CM70-CL70 -> 0.00018518518 | CP70: J-UR-05581P4_20220228 | CQ70: 45135.961 | CR70: 45135.962 | CS70: =CR70-CQ70 -> 0.00030092593 | CV70: UR-0483P1 | CW70: 45138.605 | CX70: 45138.605 | CY70: =CX70-CW70 -> 5.7870369e-05
F71: J-UR-05581P4_20220228 | G71: 45111.742 | H71: 45111.742 | I71: =H71-G71 -> 0.00030092592 | K71: J-UR-4192-01P1_20211105 | L71: 45112.433 | M71: 45112.433 | N71: =M71-L71 -> 6.9444446e-05 | P71: J-URS-43013P1_20221028 | Q71: 45113.598 | R71: 45113.598 | S71: =R71-Q71 -> 6.9444446e-05 | U71: J-UR-05581P4_20220228 | V71: 45114.987 | W71: 45114.988 | X71: =W71-V71 -> 0.00030092592 | AA71: J-UR-05581P4_20220228 | AB71: 45117.935 | AC71: 45117.935 | AD71: =AC71-AB71 -> 0.00028935185 | AF71: J-UR-05581P1_20220228 | AG71: 45118.488 | AH71: 45118.488 | AI71: =AH71-AG71 -> 0.00023148148 | AK71: UR-0480P1 | AL71: 45119.392 | AM71: 45119.392 | AN71: =AM71-AL71 -> 0.00010416667 | AP71: J-MVM-4289P2_20220406 | AQ71: 45120.925 | AR71: 45120.925 | AS71: =AR71-AQ71 -> 2.3148146e-05 | AU71: J-UR-05581P4_20220228 | AV71: 45121.388 | AW71: 45121.388 | AX71: =AW71-AV71 -> 0.00028935185 | BA71: J-UR-0550-01P8_20210830 | BB71: 45125.726 | BC71: 45125.727 | BD71: =BC71-BB71 -> 0.00019675926 | BF71: J-UR-0582P10_20230706 | BG71: 45126.443 | BH71: 45126.444 | BI71: =BH71-BG71 -> 0.00040509259 | BK71: UR-04511P1 | BL71: 45127.734 | BM71: 45127.734 | BN71: =BM71-BL71 -> 6.9444446e-05 | BP71: J-MVM-4289P2_20220406 | BQ71: 45128.804 | BR71: 45128.804 | BS71: =BR71-BQ71 -> 2.3148146e-05 | BV71: J-UR-05581P4_20220228 | BW71: 45132.013 | BX71: 45132.014 | BY71: =BX71-BW71 -> 0.00028935185 | CA71: J-UR-05581P4_20220228 | CB71: 45132.858 | CC71: 45132.858 | CD71: =CC71-CB71 -> 0.00028935185 | CF71: J-UR-05581P1_20220228 | CG71: 45133.555 | CH71: 45133.555 | CI71: =CH71-CG71 -> 0.00023148148 | CK71: MVD-0415P1 | CL71: 45134.624 | CM71: 45134.625 | CN71: =CM71-CL71 -> 0.00019675925 | CP71: J-UR-05581P4_20220228 | CQ71: 45135.961 | CR71: 45135.961 | CS71: =CR71-CQ71 -> 0.00030092593 | CV71: UR-0483P1 | CW71: 45138.604 | CX71: 45138.605 | CY71: =CX71-CW71 -> 5.7870369e-05
F72: J-UR-05581P4_20220228 | G72: 45111.741 | H72: 45111.742 | I72: =H72-G72 -> 0.00028935185 | K72: J-UR-4192-01P1_20211105 | L72: 45112.433 | M72: 45112.433 | N72: =M72-L72 -> 6.9444439e-05 | P72: J-URS-43013P1_20221028 | Q72: 45113.598 | R72: 45113.598 | S72: =R72-Q72 -> 8.1018516e-05 | U72: J-UR-05581P4_20220228 | V72: 45114.987 | W72: 45114.987 | X72: =W72-V72 -> 0.00028935185 | AA72: J-UR-05581P4_20220228 | AB72: 45117.935 | AC72: 45117.935 | AD72: =AC72-AB72 -> 0.00030092593 | AF72: J-UR-05581P1_20220228 | AG72: 45118.488 | AH72: 45118.488 | AI72: =AH72-AG72 -> 0.00023148148 | AK72: UR-0480P1 | AL72: 45119.392 | AM72: 45119.392 | AN72: =AM72-AL72 -> 0.00011574074 | AP72: J-MVM-4289P2_20220406 | AQ72: 45120.925 | AR72: 45120.925 | AS72: =AR72-AQ72 -> 2.3148146e-05 | AU72: J-UR-05581P4_20220228 | AV72: 45121.387 | AW72: 45121.387 | AX72: =AW72-AV72 -> 0.00030092592 | BA72: J-UR-0550-01P8_20210830 | BB72: 45125.726 | BC72: 45125.726 | BD72: =BC72-BB72 -> 0.00019675926 | BF72: J-UR-0582P10_20230706 | BG72: 45126.443 | BH72: 45126.443 | BI72: =BH72-BG72 -> 0.00040509259 | BK72: UR-04511P1 | BL72: 45127.734 | BM72: 45127.734 | BN72: =BM72-BL72 -> 6.9444446e-05 | BP72: J-MVM-4289P2_20220406 | BQ72: 45128.804 | BR72: 45128.804 | BS72: =BR72-BQ72 -> 3.4722223e-05 | BV72: J-UR-05581P4_20220228 | BW72: 45132.013 | BX72: 45132.013 | BY72: =BX72-BW72 -> 0.00028935185 | CA72: J-UR-05581P4_20220228 | CB72: 45132.858 | CC72: 45132.858 | CD72: =CC72-CB72 -> 0.00030092592 | CF72: J-UR-05581P1_20220228 | CG72: 45133.555 | CH72: 45133.555 | CI72: =CH72-CG72 -> 0.00023148148 | CK72: MVD-0415P1 | CL72: 45134.624 | CM72: 45134.624 | CN72: =CM72-CL72 -> 0.00019675925 | CP72: J-UR-05581P4_20220228 | CQ72: 45135.961 | CR72: 45135.961 | CS72: =CR72-CQ72 -> 0.00030092592 | CV72: UR-0483P1 | CW72: 45138.604 | CX72: 45138.604 | CY72: =CX72-CW72 -> 5.7870369e-05
F73: J-UR-05581P4_20220228 | G73: 45111.741 | H73: 45111.741 | I73: =H73-G73 -> 0.00030092592 | K73: J-UR-4192-01P1_20211105 | L73: 45112.433 | M73: 45112.433 | N73: =M73-L73 -> 5.7870369e-05 | P73: J-URS-43013P1_20221028 | Q73: 45113.598 | R73: 45113.598 | S73: =R73-Q73 -> 8.1018523e-05 | U73: J-UR-05581P4_20220228 | V73: 45114.986 | W73: 45114.987 | X73: =W73-V73 -> 0.00028935185 | AA73: J-UR-05581P4_20220228 | AB73: 45117.934 | AC73: 45117.935 | AD73: =AC73-AB73 -> 0.00030092593 | AF73: J-UR-05581P1_20220228 | AG73: 45118.487 | AH73: 45118.488 | AI73: =AH73-AG73 -> 0.00023148148 | AK73: UR-0480P1 | AL73: 45119.392 | AM73: 45119.392 | AN73: =AM73-AL73 -> 0.00011574074 | AP73: J-MVM-4289P2_20220406 | AQ73: 45120.924 | AR73: 45120.924 | AS73: =AR73-AQ73 -> 3.4722216e-05 | AU73: J-UR-05581P4_20220228 | AV73: 45121.387 | AW73: 45121.387 | AX73: =AW73-AV73 -> 0.00028935185 | BA73: J-UR-0550-01P8_20210830 | BB73: 45125.726 | BC73: 45125.726 | BD73: =BC73-BB73 -> 0.00019675926 | BF73: J-UR-0582P10_20230706 | BG73: 45126.442 | BH73: 45126.443 | BI73: =BH73-BG73 -> 0.00041666666 | BK73: UR-04511P1 | BL73: 45127.734 | BM73: 45127.734 | BN73: =BM73-BL73 -> 6.9444446e-05 | BP73: J-MVM-4289P2_20220406 | BQ73: 45128.804 | BR73: 45128.804 | BS73: =BR73-BQ73 -> 2.3148146e-05 | BV73: J-UR-05581P4_20220228 | BW73: 45132.013 | BX73: 45132.013 | BY73: =BX73-BW73 -> 0.00030092592 | CA73: J-UR-05581P4_20220228 | CB73: 45132.857 | CC73: 45132.858 | CD73: =CC73-CB73 -> 0.00030092592 | CF73: J-UR-05581P1_20220228 | CG73: 45133.554 | CH73: 45133.555 | CI73: =CH73-CG73 -> 0.00023148148 | CK73: MVD-0415P1 | CL73: 45134.624 | CM73: 45134.624 | CN73: =CM73-CL73 -> 0.00018518518 | CP73: J-UR-05581P4_20220228 | CQ73: 45135.96 | CR73: 45135.961 | CS73: =CR73-CQ73 -> 0.00030092592 | CV73: UR-0483P1 | CW73: 45138.604 | CX73: 45138.604 | CY73: =CX73-CW73 -> 5.7870369e-05
F74: J-UR-05581P4_20220228 | G74: 45111.74 | H74: 45111.741 | I74: =H74-G74 -> 0.00028935185 | K74: J-UR-4192-01P1_20211105 | L74: 45112.432 | M74: 45112.433 | N74: =M74-L74 -> 6.9444446e-05 | P74: J-URS-43013P1_20221028 | Q74: 45113.597 | R74: 45113.597 | S74: =R74-Q74 -> 6.9444446e-05 | U74: J-UR-05581P4_20220228 | V74: 45114.986 | W74: 45114.986 | X74: =W74-V74 -> 0.00028935185 | AA74: J-UR-05581P4_20220228 | AB74: 45117.934 | AC74: 45117.934 | AD74: =AC74-AB74 -> 0.00028935185 | AF74: J-UR-05581P1_20220228 | AG74: 45118.487 | AH74: 45118.487 | AI74: =AH74-AG74 -> 0.00023148148 | AK74: UR-0480P1 | AL74: 45119.392 | AM74: 45119.392 | AN74: =AM74-AL74 -> 0.00011574074 | AP74: J-MVM-4289P2_20220406 | AQ74: 45120.924 | AR74: 45120.924 | AS74: =AR74-AQ74 -> 2.3148146e-05 | AU74: J-UR-05581P4_20220228 | AV74: 45121.386 | AW74: 45121.387 | AX74: =AW74-AV74 -> 0.00028935185 | BA74: J-UR-0550-01P8_20210830 | BB74: 45125.726 | BC74: 45125.726 | BD74: =BC74-BB74 -> 0.00019675925 | BF74: J-UR-0582P10_20230706 | BG74: 45126.442 | BH74: 45126.442 | BI74: =BH74-BG74 -> 0.00040509259 | BK74: UR-04511P1 | BL74: 45127.733 | BM74: 45127.734 | BN74: =BM74-BL74 -> 8.1018523e-05 | BP74: J-MVM-4289P2_20220406 | BQ74: 45128.804 | BR74: 45128.804 | BS74: =BR74-BQ74 -> 2.3148146e-05 | BV74: J-UR-05581P4_20220228 | BW74: 45132.012 | BX74: 45132.013 | BY74: =BX74-BW74 -> 0.00028935185 | CA74: J-UR-05581P4_20220228 | CB74: 45132.857 | CC74: 45132.857 | CD74: =CC74-CB74 -> 0.00028935185 | CF74: J-UR-05581P1_20220228 | CG74: 45133.554 | CH74: 45133.554 | CI74: =CH74-CG74 -> 0.00023148148 | CK74: MVD-0415P1 | CL74: 45134.624 | CM74: 45134.624 | CN74: =CM74-CL74 -> 0.00019675926 | CP74: J-UR-05581P4_20220228 | CQ74: 45135.96 | CR74: 45135.96 | CS74: =CR74-CQ74 -> 0.00030092593 | CV74: UR-0483P1 | CW74: 45138.604 | CX74: 45138.604 | CY74: =CX74-CW74 -> 5.7870369e-05
F75: J-UR-05581P4_20220228 | G75: 45111.74 | H75: 45111.74 | I75: =H75-G75 -> 0.00030092593 | K75: J-UR-4192-01P1_20211105 | L75: 45112.432 | M75: 45112.432 | N75: =M75-L75 -> 6.9444446e-05 | P75: J-URS-43013P1_20221028 | Q75: 45113.597 | R75: 45113.597 | S75: =R75-Q75 -> 6.9444439e-05 | U75: J-UR-05581P4_20220228 | V75: 45114.986 | W75: 45114.986 | X75: =W75-V75 -> 0.00030092592 | AA75: J-UR-05581P4_20220228 | AB75: 45117.933 | AC75: 45117.934 | AD75: =AC75-AB75 -> 0.00030092593 | AF75: J-UR-05581P1_20220228 | AG75: 45118.487 | AH75: 45118.487 | AI75: =AH75-AG75 -> 0.00023148148 | AK75: UR-0480P1 | AL75: 45119.391 | AM75: 45119.392 | AN75: =AM75-AL75 -> 0.00010416666 | AP75: J-MVM-4289P2_20220406 | AQ75: 45120.924 | AR75: 45120.924 | AS75: =AR75-AQ75 -> 2.3148154e-05 | AU75: J-UR-05581P4_20220228 | AV75: 45121.386 | AW75: 45121.386 | AX75: =AW75-AV75 -> 0.00028935185 | BA75: J-UR-0550-01P8_20210830 | BB75: 45125.725 | BC75: 45125.725 | BD75: =BC75-BB75 -> 0.00019675925 | BF75: J-UR-0582P10_20230706 | BG75: 45126.441 | BH75: 45126.442 | BI75: =BH75-BG75 -> 0.00040509259 | BK75: UR-04511P1 | BL75: 45127.733 | BM75: 45127.733 | BN75: =BM75-BL75 -> 8.1018516e-05 | BP75: J-MVM-4289P2_20220406 | BQ75: 45128.803 | BR75: 45128.803 | BS75: =BR75-BQ75 -> 2.3148146e-05 | BV75: J-UR-05581P4_20220228 | BW75: 45132.012 | BX75: 45132.012 | BY75: =BX75-BW75 -> 0.00028935185 | CA75: J-UR-05581P4_20220228 | CB75: 45132.857 | CC75: 45132.857 | CD75: =CC75-CB75 -> 0.00028935185 | CF75: J-UR-05581P1_20220228 | CG75: 45133.554 | CH75: 45133.554 | CI75: =CH75-CG75 -> 0.00024305555 | CK75: MVD-0415P1 | CL75: 45134.623 | CM75: 45134.623 | CN75: =CM75-CL75 -> 0.00018518518 | CP75: J-UR-05581P4_20220228 | CQ75: 45135.96 | CR75: 45135.96 | CS75: =CR75-CQ75 -> 0.00028935185 | CV75: UR-0483P1 | CW75: 45138.604 | CX75: 45138.604 | CY75: =CX75-CW75 -> 5.7870369e-05
F76: J-UR-05581P4_20220228 | G76: 45111.74 | H76: 45111.74 | I76: =H76-G76 -> 0.00030092593 | K76: J-UR-4192-01P1_20211105 | L76: 45112.432 | M76: 45112.432 | N76: =M76-L76 -> 5.7870369e-05 | P76: J-URS-43013P1_20221028 | Q76: 45113.597 | R76: 45113.597 | S76: =R76-Q76 -> 8.1018516e-05 | U76: J-UR-05581P4_20220228 | V76: 45114.985 | W76: 45114.986 | X76: =W76-V76 -> 0.00028935185 | AA76: J-UR-05581P4_20220228 | AB76: 45117.933 | AC76: 45117.933 | AD76: =AC76-AB76 -> 0.00028935185 | AF76: J-UR-05581P1_20220228 | AG76: 45118.487 | AH76: 45118.487 | AI76: =AH76-AG76 -> 0.00023148148 | AK76: UR-0480P1 | AL76: 45119.391 | AM76: 45119.391 | AN76: =AM76-AL76 -> 0.00010416667 | AP76: J-MVM-4289P2_20220406 | AQ76: 45120.924 | AR76: 45120.924 | AS76: =AR76-AQ76 -> 2.3148146e-05 | AU76: J-UR-05581P4_20220228 | AV76: 45121.386 | AW76: 45121.386 | AX76: =AW76-AV76 -> 0.00030092592 | BA76: J-UR-0550-01P8_20210830 | BB76: 45125.725 | BC76: 45125.725 | BD76: =BC76-BB76 -> 0.00020833333 | BF76: J-UR-0582P10_20230706 | BG76: 45126.441 | BH76: 45126.441 | BI76: =BH76-BG76 -> 0.00040509259 | BK76: UR-04511P1 | BL76: 45127.733 | BM76: 45127.733 | BN76: =BM76-BL76 -> 6.9444439e-05 | BP76: J-MVM-4289P2_20220406 | BQ76: 45128.803 | BR76: 45128.803 | BS76: =BR76-BQ76 -> 3.4722223e-05 | BV76: J-UR-05581P4_20220228 | BW76: 45132.012 | BX76: 45132.012 | BY76: =BX76-BW76 -> 0.00028935185 | CA76: J-UR-05581P4_20220228 | CB76: 45132.856 | CC76: 45132.857 | CD76: =CC76-CB76 -> 0.00028935185 | CF76: J-UR-05581P1_20220228 | CG76: 45133.554 | CH76: 45133.554 | CI76: =CH76-CG76 -> 0.00023148148 | CK76: MVD-0415P1 | CL76: 45134.623 | CM76: 45134.623 | CN76: =CM76-CL76 -> 0.00018518518 | CP76: J-UR-05581P4_20220228 | CQ76: 45135.959 | CR76: 45135.959 | CS76: =CR76-CQ76 -> 0.00030092592 | CV76: UR-0483P1 | CW76: 45138.604 | CX76: 45138.604 | CY76: =CX76-CW76 -> 6.9444446e-05
F77: J-UR-05581P4_20220228 | G77: 45111.739 | H77: 45111.74 | I77: =H77-G77 -> 0.00028935185 | K77: J-UR-4192-01P1_20211105 | L77: 45112.432 | M77: 45112.432 | N77: =M77-L77 -> 6.9444446e-05 | P77: J-URS-43013P1_20221028 | Q77: 45113.597 | R77: 45113.597 | S77: =R77-Q77 -> 6.9444446e-05 | U77: J-UR-05581P4_20220228 | V77: 45114.985 | W77: 45114.985 | X77: =W77-V77 -> 0.00028935185 | AA77: J-UR-05581P4_20220228 | AB77: 45117.933 | AC77: 45117.933 | AD77: =AC77-AB77 -> 0.00030092592 | AF77: J-UR-05581P1_20220228 | AG77: 45118.486 | AH77: 45118.486 | AI77: =AH77-AG77 -> 0.00023148148 | AK77: UR-0480P1 | AL77: 45119.391 | AM77: 45119.391 | AN77: =AM77-AL77 -> 0.00010416666 | AP77: J-MVM-4289P2_20220406 | AQ77: 45120.924 | AR77: 45120.924 | AS77: =AR77-AQ77 -> 3.4722223e-05 | AU77: MVD-0467-01P1_20230710 | AV77: 45121.732 | AW77: 45121.732 | AX77: =AW77-AV77 -> 0.00018518518 | BA77: J-UR-0550-01P8_20210830 | BB77: 45125.725 | BC77: 45125.725 | BD77: =BC77-BB77 -> 0.00019675926 | BF77: J-UR-0582P10_20230706 | BG77: 45126.44 | BH77: 45126.441 | BI77: =BH77-BG77 -> 0.00040509259 | BK77: UR-04511P1 | BL77: 45127.733 | BM77: 45127.733 | BN77: =BM77-BL77 -> 8.1018523e-05 | BP77: J-MVM-4289P2_20220406 | BQ77: 45128.803 | BR77: 45128.803 | BS77: =BR77-BQ77 -> 2.3148146e-05 | BV77: J-UR-05581P4_20220228 | BW77: 45132.011 | BX77: 45132.012 | BY77: =BX77-BW77 -> 0.00030092592 | CA77: J-UR-05581P4_20220228 | CB77: 45132.856 | CC77: 45132.856 | CD77: =CC77-CB77 -> 0.00030092593 | CF77: J-UR-05581P1_20220228 | CG77: 45133.553 | CH77: 45133.553 | CI77: =CH77-CG77 -> 0.00024305555 | CK77: MVD-0415P1 | CL77: 45134.623 | CM77: 45134.623 | CN77: =CM77-CL77 -> 0.00019675925 | CP77: J-UR-05581P4_20220228 | CQ77: 45135.959 | CR77: 45135.959 | CS77: =CR77-CQ77 -> 0.00030092592 | CV77: UR-0483P1 | CW77: 45138.603 | CX77: 45138.603 | CY77: =CX77-CW77 -> 5.7870369e-05
F78: J-UR-05581P4_20220228 | G78: 45111.739 | H78: 45111.739 | I78: =H78-G78 -> 0.00030092592 | K78: J-UR-4192-01P1_20211105 | L78: 45112.432 | M78: 45112.432 | N78: =M78-L78 -> 6.9444446e-05 | P78: J-URS-43013P1_20221028 | Q78: 45113.597 | R78: 45113.597 | S78: =R78-Q78 -> 8.1018516e-05 | U78: J-UR-05581P4_20220228 | V78: 45114.985 | W78: 45114.985 | X78: =W78-V78 -> 0.00030092592 | AA78: J-UR-05581P4_20220228 | AB78: 45117.932 | AC78: 45117.933 | AD78: =AC78-AB78 -> 0.00030092593 | AF78: J-UR-05581P1_20220228 | AG78: 45118.486 | AH78: 45118.486 | AI78: =AH78-AG78 -> 0.00023148148 | AK78: UR-0480P1 | AL78: 45119.391 | AM78: 45119.391 | AN78: =AM78-AL78 -> 0.00010416667 | AP78: J-MVM-4289P2_20220406 | AQ78: 45120.924 | AR78: 45120.924 | AS78: =AR78-AQ78 -> 2.3148146e-05 | AU78: MVD-0467-01P1_20230710 | AV78: 45121.732 | AW78: 45121.732 | AX78: =AW78-AV78 -> 0.00018518518 | BA78: J-UR-0550-01P8_20210830 | BB78: 45125.724 | BC78: 45125.725 | BD78: =BC78-BB78 -> 0.00019675926 | BF78: J-UR-0582P10_20230706 | BG78: 45126.44 | BH78: 45126.44 | BI78: =BH78-BG78 -> 0.00041666667 | BK78: UR-04511P1 | BL78: 45127.733 | BM78: 45127.733 | BN78: =BM78-BL78 -> 6.9444446e-05 | BP78: J-MVM-4289P2_20220406 | BQ78: 45128.803 | BR78: 45128.803 | BS78: =BR78-BQ78 -> 2.3148146e-05 | BV78: J-UR-05581P4_20220228 | BW78: 45132.011 | BX78: 45132.011 | BY78: =BX78-BW78 -> 0.00028935185 | CA78: J-UR-05581P4_20220228 | CB78: 45132.856 | CC78: 45132.856 | CD78: =CC78-CB78 -> 0.00030092593 | CF78: J-UR-05581P1_20220228 | CG78: 45133.553 | CH78: 45133.553 | CI78: =CH78-CG78 -> 0.00024305555 | CK78: MVD-0415P1 | CL78: 45134.622 | CM78: 45134.623 | CN78: =CM78-CL78 -> 0.00019675926 | CP78: J-UR-05581P4_20220228 | CQ78: 45135.958 | CR78: 45135.959 | CS78: =CR78-CQ78 -> 0.00028935185 | CV78: UR-0483P1 | CW78: 45138.603 | CX78: 45138.603 | CY78: =CX78-CW78 -> 5.7870369e-05
... F731: UR-4425P1 | G731: 45111.704 | H731: 45111.704 | I731: =H731-G731 -> 6.9444439e-05 | K731: UR-0511P1 | L731: 45112.448 | M731: 45112.449 | N731: =M731-L731 -> 0.00020833333 | P731: UR-0509-01P4 | Q731: 45113.617 | R731: 45113.617 | S731: =R731-Q731 -> 0.00035879629 | U731: UR-0538P1 | V731: 45114.959 | W731: 45114.959 | X731: =W731-V731 -> 6.9444446e-05 | AA731: UR-0486P4 | AB731: 45117.458 | AC731: 45117.458 | AD731: =AC731-AB731 -> 0.00018518518 | AF731: UR-0509-01P4 | AG731: 45118.914 | AH731: 45118.914 | AI731: =AH731-AG731 -> 0.00035879629 | AK731: UR-4341-02P4 | AL731: 45119.752 | AM731: 45119.752 | AN731: =AM731-AL731 -> 0.00010416667 | AP731: UR-0559-01P1 | AQ731: 45120.556 | AR731: 45120.556 | AS731: =AR731-AQ731 -> 0.0002662037 | AU731: UR-43351-01P1 | AV731: 45121.421 | AW731: 45121.422 | AX731: =AW731-AV731 -> 8.1018523e-05 | BA731: UR-0524P1 | BB731: 45125.639 | BC731: 45125.639 | BD731: =BC731-BB731 -> 5.7870369e-05 | BF731: UR-0509-01P4 | BG731: 45126.958 | BH731: 45126.958 | BI731: =BH731-BG731 -> 0.00037037037 | BK731: UR-06101P1 | BL731: 45127.77 | BM731: 45127.771 | BN731: =BM731-BL731 -> 0.00023148148 | BP731: UR-0489P4 | BQ731: 45129.015 | BR731: 45129.015 | BS731: =BR731-BQ731 -> 5.7870369e-05 | BV731: UR-0509-01P4 | BW731: 45131.97 | BX731: 45131.97 | BY731: =BX731-BW731 -> 0.00037037037 | CA731: UR-0509-01P1 | CB731: 45132.479 | CC731: 45132.479 | CD731: =CC731-CB731 -> 0.00024305556 | CF731: UR-0509-01P1 | CG731: 45133.585 | CH731: 45133.585 | CI731: =CH731-CG731 -> 0.00024305555 | CK731: UR-0519P8 | CL731: 45134.723 | CM731: 45134.724 | CN731: =CM731-CL731 -> 0.00030092592 | CP731: UR-0481-01P6 | CQ731: 45135.913 | CR731: 45135.913 | CS731: =CR731-CQ731 -> 0.00023148148 | CV731: URS-4343P4 | CW731: 45138.462 | CX731: 45138.462 | CY731: =CX731-CW731 -> 5.7870369e-05
F732: UR-4425P1 | G732: 45111.704 | H732: 45111.704 | I732: =H732-G732 -> 6.9444439e-05 | K732: UR-0511P1 | L732: 45112.448 | M732: 45112.448 | N732: =M732-L732 -> 0.00020833333 | P732: UR-0509-01P4 | Q732: 45113.616 | R732: 45113.616 | S732: =R732-Q732 -> 0.00035879629 | U732: UR-0538P1 | V732: 45114.959 | W732: 45114.959 | X732: =W732-V732 -> 5.7870369e-05 | AA732: UR-0486P4 | AB732: 45117.458 | AC732: 45117.458 | AD732: =AC732-AB732 -> 0.00018518518 | AF732: UR-0509-01P4 | AG732: 45118.913 | AH732: 45118.913 | AI732: =AH732-AG732 -> 0.00037037038 | AK732: UR-4341-02P4 | AL732: 45119.752 | AM732: 45119.752 | AN732: =AM732-AL732 -> 0.00011574074 | AP732: UR-0559-01P1 | AQ732: 45120.556 | AR732: 45120.556 | AS732: =AR732-AQ732 -> 0.0002662037 | AU732: UR-43351-01P1 | AV732: 45121.421 | AW732: 45121.421 | AX732: =AW732-AV732 -> 9.2592592e-05 | BA732: UR-0524P1 | BB732: 45125.639 | BC732: 45125.639 | BD732: =BC732-BB732 -> 5.7870369e-05 | BF732: UR-0509-01P4 | BG732: 45126.958 | BH732: 45126.958 | BI732: =BH732-BG732 -> 0.00037037037 | BK732: UR-06101P1 | BL732: 45127.77 | BM732: 45127.77 | BN732: =BM732-BL732 -> 0.00023148148 | BP732: UR-0489P4 | BQ732: 45129.014 | BR732: 45129.014 | BS732: =BR732-BQ732 -> 6.9444446e-05 | BV732: UR-0509-01P4 | BW732: 45131.969 | BX732: 45131.97 | BY732: =BX732-BW732 -> 0.0003587963 | CA732: UR-0509-01P1 | CB732: 45132.479 | CC732: 45132.479 | CD732: =CC732-CB732 -> 0.00024305555 | CF732: UR-0509-01P1 | CG732: 45133.585 | CH732: 45133.585 | CI732: =CH732-CG732 -> 0.00025462963 | CK732: UR-0519P8 | CL732: 45134.723 | CM732: 45134.723 | CN732: =CM732-CL732 -> 0.00030092592 | CP732: UR-0481-01P6 | CQ732: 45135.912 | CR732: 45135.913 | CS732: =CR732-CQ732 -> 0.00024305556
F733: UR-4425P1 | G733: 45111.704 | H733: 45111.704 | I733: =H733-G733 -> 5.7870369e-05 | K733: UR-0511P1 | L733: 45112.448 | M733: 45112.448 | N733: =M733-L733 -> 0.00020833334 | P733: UR-0509-01P4 | Q733: 45113.616 | R733: 45113.616 | S733: =R733-Q733 -> 0.00035879629 | U733: UR-0538P1 | V733: 45114.959 | W733: 45114.959 | X733: =W733-V733 -> 6.9444439e-05 | AA733: UR-0486P4 | AB733: 45117.457 | AC733: 45117.458 | AD733: =AC733-AB733 -> 0.00018518518 | AF733: UR-0509-01P4 | AG733: 45118.913 | AH733: 45118.913 | AI733: =AH733-AG733 -> 0.00035879629 | AK733: UR-4341-02P4 | AL733: 45119.752 | AM733: 45119.752 | AN733: =AM733-AL733 -> 0.00011574074 | AP733: UR-0559-01P1 | AQ733: 45120.555 | AR733: 45120.555 | AS733: =AR733-AQ733 -> 0.00026620371 | AU733: UR-43351-01P1 | AV733: 45121.421 | AW733: 45121.421 | AX733: =AW733-AV733 -> 9.2592592e-05 | BA733: UR-0524P1 | BB733: 45125.639 | BC733: 45125.639 | BD733: =BC733-BB733 -> 5.7870369e-05 | BF733: UR-0511P1 | BG733: 45126.607 | BH733: 45126.607 | BI733: =BH733-BG733 -> 0.00019675925 | BK733: UR-06101P1 | BL733: 45127.77 | BM733: 45127.77 | BN733: =BM733-BL733 -> 0.00023148148 | BP733: UR-0489P4 | BQ733: 45129.014 | BR733: 45129.014 | BS733: =BR733-BQ733 -> 6.9444439e-05 | BV733: UR-0509-01P4 | BW733: 45131.969 | BX733: 45131.969 | BY733: =BX733-BW733 -> 0.00037037037 | CA733: UR-0509-01P1 | CB733: 45132.478 | CC733: 45132.478 | CD733: =CC733-CB733 -> 0.00024305555 | CF733: UR-0509-01P1 | CG733: 45133.584 | CH733: 45133.584 | CI733: =CH733-CG733 -> 0.00024305555 | CK733: UR-0519P8 | CL733: 45134.723 | CM733: 45134.723 | CN733: =CM733-CL733 -> 0.00030092592 | CP733: UR-0481-01P6 | CQ733: 45135.912 | CR733: 45135.912 | CS733: =CR733-CQ733 -> 0.00023148148
F734: UR-4425P1 | G734: 45111.704 | H734: 45111.704 | I734: =H734-G734 -> 6.9444439e-05 | K734: UR-0511P1 | L734: 45112.448 | M734: 45112.448 | N734: =M734-L734 -> 0.00020833333 | P734: UR-0509-01P4 | Q734: 45113.615 | R734: 45113.616 | S734: =R734-Q734 -> 0.0003587963 | U734: UR-0538P1 | V734: 45114.959 | W734: 45114.959 | X734: =W734-V734 -> 5.7870369e-05 | AA734: UR-0486P4 | AB734: 45117.457 | AC734: 45117.457 | AD734: =AC734-AB734 -> 0.00018518518 | AF734: UR-0509-01P4 | AG734: 45118.912 | AH734: 45118.913 | AI734: =AH734-AG734 -> 0.00035879629 | AK734: UR-4341-02P4 | AL734: 45119.751 | AM734: 45119.752 | AN734: =AM734-AL734 -> 0.00011574074 | AP734: UR-0559-01P1 | AQ734: 45120.555 | AR734: 45120.555 | AS734: =AR734-AQ734 -> 0.0002662037 | AU734: UR-43351-01P1 | AV734: 45121.421 | AW734: 45121.421 | AX734: =AW734-AV734 -> 8.1018516e-05 | BA734: UR-0524P4 | BB734: 45125.621 | BC734: 45125.621 | BD734: =BC734-BB734 -> 6.9444446e-05 | BF734: UR-0511P1 | BG734: 45126.606 | BH734: 45126.606 | BI734: =BH734-BG734 -> 0.00020833334 | BK734: UR-06101P1 | BL734: 45127.769 | BM734: 45127.77 | BN734: =BM734-BL734 -> 0.00023148148 | BP734: UR-0489P4 | BQ734: 45129.014 | BR734: 45129.014 | BS734: =BR734-BQ734 -> 6.9444446e-05 | BV734: UR-0509-01P4 | BW734: 45131.969 | BX734: 45131.969 | BY734: =BX734-BW734 -> 0.00035879629 | CA734: UR-0509-01P1 | CB734: 45132.478 | CC734: 45132.478 | CD734: =CC734-CB734 -> 0.00024305555 | CF734: UR-0509-01P1 | CG734: 45133.584 | CH734: 45133.584 | CI734: =CH734-CG734 -> 0.00024305555 | CK734: UR-0519P8 | CL734: 45134.722 | CM734: 45134.722 | CN734: =CM734-CL734 -> 0.00030092593 | CP734: UR-0481-01P6 | CQ734: 45135.912 | CR734: 45135.912 | CS734: =CR734-CQ734 -> 0.00024305556
F735: UR-4425P1 | G735: 45111.703 | H735: 45111.704 | I735: =H735-G735 -> 5.7870369e-05 | K735: UR-0511P1 | L735: 45112.447 | M735: 45112.448 | N735: =M735-L735 -> 0.00020833334 | P735: UR-0509-01P4 | Q735: 45113.615 | R735: 45113.615 | S735: =R735-Q735 -> 0.00037037037 | U735: UR-0538P1 | V735: 45114.958 | W735: 45114.958 | X735: =W735-V735 -> 6.9444446e-05 | AA735: UR-0486P4 | AB735: 45117.457 | AC735: 45117.457 | AD735: =AC735-AB735 -> 0.00018518518 | AF735: UR-0509-01P4 | AG735: 45118.912 | AH735: 45118.912 | AI735: =AH735-AG735 -> 0.00037037037 | AK735: UR-4341-02P4 | AL735: 45119.751 | AM735: 45119.751 | AN735: =AM735-AL735 -> 0.00010416666 | AP735: UR-0559-01P1 | AQ735: 45120.554 | AR735: 45120.555 | AS735: =AR735-AQ735 -> 0.0002662037 | AU735: UR-43351-01P1 | AV735: 45121.421 | AW735: 45121.421 | AX735: =AW735-AV735 -> 9.2592592e-05 | BA735: UR-0524P4 | BB735: 45125.621 | BC735: 45125.621 | BD735: =BC735-BB735 -> 6.9444439e-05 | BF735: UR-0511P1 | BG735: 45126.606 | BH735: 45126.606 | BI735: =BH735-BG735 -> 0.00020833333 | BK735: UR-06101P1 | BL735: 45127.769 | BM735: 45127.769 | BN735: =BM735-BL735 -> 0.00023148148 | BP735: UR-0489P4 | BQ735: 45129.014 | BR735: 45129.014 | BS735: =BR735-BQ735 -> 6.9444446e-05 | BV735: UR-0509-01P4 | BW735: 45131.968 | BX735: 45131.969 | BY735: =BX735-BW735 -> 0.0003587963 | CA735: UR-0509-01P1 | CB735: 45132.478 | CC735: 45132.478 | CD735: =CC735-CB735 -> 0.00024305555 | CF735: UR-0509-01P1 | CG735: 45133.584 | CH735: 45133.584 | CI735: =CH735-CG735 -> 0.00025462963 | CK735: UR-0519P8 | CL735: 45134.722 | CM735: 45134.722 | CN735: =CM735-CL735 -> 0.00030092593 | CP735: UR-0481-01P6 | CQ735: 45135.911 | CR735: 45135.912 | CS735: =CR735-CQ735 -> 0.00023148148
F736: UR-4425P1 | G736: 45111.703 | H736: 45111.703 | I736: =H736-G736 -> 6.9444446e-05 | K736: UR-0511P1 | L736: 45112.447 | M736: 45112.447 | N736: =M736-L736 -> 0.00020833333 | P736: UR-0509-01P4 | Q736: 45113.614 | R736: 45113.615 | S736: =R736-Q736 -> 0.00037037037 | U736: UR-0538P1 | V736: 45114.958 | W736: 45114.958 | X736: =W736-V736 -> 5.7870369e-05 | AA736: UR-0486P4 | AB736: 45117.457 | AC736: 45117.457 | AD736: =AC736-AB736 -> 0.00018518518 | AF736: UR-0511P1 | AG736: 45118.458 | AH736: 45118.458 | AI736: =AH736-AG736 -> 0.00020833333 | AK736: UR-4461P1 | AL736: 45119.813 | AM736: 45119.813 | AN736: =AM736-AL736 -> 5.7870377e-05 | AP736: UR-0559-01P1 | AQ736: 45120.554 | AR736: 45120.554 | AS736: =AR736-AQ736 -> 0.0002662037 | AU736: UR-43351-01P1 | AV736: 45121.42 | AW736: 45121.421 | AX736: =AW736-AV736 -> 9.2592592e-05 | BA736: UR-0524P4 | BB736: 45125.62 | BC736: 45125.621 | BD736: =BC736-BB736 -> 6.9444439e-05 | BF736: UR-0511P1 | BG736: 45126.606 | BH736: 45126.606 | BI736: =BH736-BG736 -> 0.00020833334 | BK736: UR-06101P1 | BL736: 45127.769 | BM736: 45127.769 | BN736: =BM736-BL736 -> 0.00021990741 | BP736: UR-0489P4 | BQ736: 45129.014 | BR736: 45129.014 | BS736: =BR736-BQ736 -> 6.9444439e-05 | BV736: UR-0509-01P4 | BW736: 45131.968 | BX736: 45131.968 | BY736: =BX736-BW736 -> 0.0003587963 | CA736: UR-0509-01P1 | CB736: 45132.477 | CC736: 45132.477 | CD736: =CC736-CB736 -> 0.00024305555 | CF736: UR-0509-01P1 | CG736: 45133.583 | CH736: 45133.583 | CI736: =CH736-CG736 -> 0.00025462963 | CK736: UR-0519P8 | CL736: 45134.721 | CM736: 45134.722 | CN736: =CM736-CL736 -> 0.00030092592 | CP736: UR-0481-01P6 | CQ736: 45135.911 | CR736: 45135.911 | CS736: =CR736-CQ736 -> 0.00023148148
F737: UR-4425P1 | G737: 45111.703 | H737: 45111.703 | I737: =H737-G737 -> 5.7870369e-05 | K737: UR-0511P1 | L737: 45112.447 | M737: 45112.447 | N737: =M737-L737 -> 0.00020833333 | P737: UR-0509-01P4 | Q737: 45113.614 | R737: 45113.614 | S737: =R737-Q737 -> 0.00037037038 | U737: UR-0538P1 | V737: 45114.958 | W737: 45114.958 | X737: =W737-V737 -> 6.9444446e-05 | AA737: UR-0486P4 | AB737: 45117.456 | AC737: 45117.456 | AD737: =AC737-AB737 -> 0.00018518518 | AF737: UR-0511P1 | AG737: 45118.458 | AH737: 45118.458 | AI737: =AH737-AG737 -> 0.00020833333 | AK737: UR-4461P1 | AL737: 45119.813 | AM737: 45119.813 | AN737: =AM737-AL737 -> 6.9444446e-05 | AP737: UR-0559-01P1 | AQ737: 45120.554 | AR737: 45120.554 | AS737: =AR737-AQ737 -> 0.0002662037 | AU737: UR-43351-01P1 | AV737: 45121.42 | AW737: 45121.42 | AX737: =AW737-AV737 -> 9.2592592e-05 | BA737: UR-0524P4 | BB737: 45125.62 | BC737: 45125.62 | BD737: =BC737-BB737 -> 6.9444439e-05 | BF737: UR-0511P1 | BG737: 45126.605 | BH737: 45126.605 | BI737: =BH737-BG737 -> 0.00020833333 | BK737: UR-06101P1 | BL737: 45127.768 | BM737: 45127.769 | BN737: =BM737-BL737 -> 0.00023148148 | BP737: UR-0489P4 | BQ737: 45129.013 | BR737: 45129.013 | BS737: =BR737-BQ737 -> 5.7870369e-05 | BV737: UR-0509-01P4 | BW737: 45131.967 | BX737: 45131.968 | BY737: =BX737-BW737 -> 0.00035879629 | CA737: UR-0509-01P1 | CB737: 45132.477 | CC737: 45132.477 | CD737: =CC737-CB737 -> 0.00024305556 | CF737: UR-0509-01P1 | CG737: 45133.583 | CH737: 45133.583 | CI737: =CH737-CG737 -> 0.00024305555 | CK737: UR-0519P8 | CL737: 45134.721 | CM737: 45134.721 | CN737: =CM737-CL737 -> 0.00030092592 | CP737: UR-0481-01P6 | CQ737: 45135.911 | CR737: 45135.911 | CS737: =CR737-CQ737 -> 0.00024305556
F738: UR-4425P1 | G738: 45111.703 | H738: 45111.703 | I738: =H738-G738 -> 6.9444439e-05 | K738: UR-0511P1 | L738: 45112.446 | M738: 45112.447 | N738: =M738-L738 -> 0.00020833334 | P738: UR-0509-01P4 | Q738: 45113.614 | R738: 45113.614 | S738: =R738-Q738 -> 0.0003587963 | U738: UR-0538P1 | V738: 45114.958 | W738: 45114.958 | X738: =W738-V738 -> 6.9444446e-05 | AA738: UR-0486P4 | AB738: 45117.456 | AC738: 45117.456 | AD738: =AC738-AB738 -> 0.00018518518 | AF738: UR-0511P1 | AG738: 45118.458 | AH738: 45118.458 | AI738: =AH738-AG738 -> 0.00020833334 | AK738: UR-4461P1 | AL738: 45119.812 | AM738: 45119.812 | AN738: =AM738-AL738 -> 6.9444446e-05 | AP738: UR-0559-01P1 | AQ738: 45120.553 | AR738: 45120.554 | AS738: =AR738-AQ738 -> 0.00026620371 | AU738: UR-43351-01P1 | AV738: 45121.42 | AW738: 45121.42 | AX738: =AW738-AV738 -> 8.1018523e-05 | BA738: UR-0524P4 | BB738: 45125.62 | BC738: 45125.62 | BD738: =BC738-BB738 -> 6.9444446e-05 | BF738: UR-0511P1 | BG738: 45126.605 | BH738: 45126.605 | BI738: =BH738-BG738 -> 0.00020833333 | BK738: UR-06101P1 | BL738: 45127.768 | BM738: 45127.768 | BN738: =BM738-BL738 -> 0.0002199074 | BP738: UR-0489P4 | BQ738: 45129.013 | BR738: 45129.013 | BS738: =BR738-BQ738 -> 5.7870369e-05 | BV738: UR-0509-01P4 | BW738: 45131.967 | BX738: 45131.967 | BY738: =BX738-BW738 -> 0.00035879629 | CA738: UR-0509-01P1 | CB738: 45132.477 | CC738: 45132.477 | CD738: =CC738-CB738 -> 0.00024305555 | CF738: UR-0509-01P1 | CG738: 45133.583 | CH738: 45133.583 | CI738: =CH738-CG738 -> 0.00024305555 | CK738: UR-0519P8 | CL738: 45134.721 | CM738: 45134.721 | CN738: =CM738-CL738 -> 0.00030092592 | CP738: UR-0481-01P6 | CQ738: 45135.91 | CR738: 45135.91 | CS738: =CR738-CQ738 -> 0.00024305556
F739: UR-4425P1 | G739: 45111.703 | H739: 45111.703 | I739: =H739-G739 -> 5.7870369e-05 | K739: UR-0511P1 | L739: 45112.446 | M739: 45112.446 | N739: =M739-L739 -> 0.00020833333 | P739: UR-0509-01P4 | Q739: 45113.613 | R739: 45113.613 | S739: =R739-Q739 -> 0.00035879629 | U739: UR-0538P1 | V739: 45114.958 | W739: 45114.958 | X739: =W739-V739 -> 5.7870369e-05 | AA739: UR-0486P4 | AB739: 45117.456 | AC739: 45117.456 | AD739: =AC739-AB739 -> 0.00018518518 | AF739: UR-0511P1 | AG739: 45118.457 | AH739: 45118.457 | AI739: =AH739-AG739 -> 0.00020833333 | AK739: UR-4461P1 | AL739: 45119.812 | AM739: 45119.812 | AN739: =AM739-AL739 -> 5.7870369e-05 | AP739: UR-0559-01P1 | AQ739: 45120.553 | AR739: 45120.553 | AS739: =AR739-AQ739 -> 0.00026620371 | AU739: UR-43351-01P1 | AV739: 45121.42 | AW739: 45121.42 | AX739: =AW739-AV739 -> 9.2592592e-05 | BA739: UR-0524P4 | BB739: 45125.62 | BC739: 45125.62 | BD739: =BC739-BB739 -> 6.9444446e-05 | BF739: UR-0511P1 | BG739: 45126.605 | BH739: 45126.605 | BI739: =BH739-BG739 -> 0.00020833334 | BK739: UR-06101P1 | BL739: 45127.768 | BM739: 45127.768 | BN739: =BM739-BL739 -> 0.00023148148 | BP739: UR-0489P4 | BQ739: 45129.013 | BR739: 45129.013 | BS739: =BR739-BQ739 -> 6.9444446e-05 | BV739: UR-0509-01P4 | BW739: 45131.966 | BX739: 45131.967 | BY739: =BX739-BW739 -> 0.00035879629 | CA739: UR-0509-01P1 | CB739: 45132.476 | CC739: 45132.477 | CD739: =CC739-CB739 -> 0.00024305555 | CF739: UR-0509-01P1 | CG739: 45133.582 | CH739: 45133.582 | CI739: =CH739-CG739 -> 0.00023148148 | CK739: UR-0519P8 | CL739: 45134.72 | CM739: 45134.721 | CN739: =CM739-CL739 -> 0.0003125 | CP739: UR-0481-01P6 | CQ739: 45135.91 | CR739: 45135.91 | CS739: =CR739-CQ739 -> 0.00024305555
F740: UR-4425P1 | G740: 45111.703 | H740: 45111.703 | I740: =H740-G740 -> 6.9444446e-05 | K740: UR-0511P1 | L740: 45112.446 | M740: 45112.446 | N740: =M740-L740 -> 0.00020833334 | P740: UR-0509-01P4 | Q740: 45113.613 | R740: 45113.613 | S740: =R740-Q740 -> 0.00035879629 | U740: UR-0538P1 | V740: 45114.958 | W740: 45114.958 | X740: =W740-V740 -> 5.7870369e-05 | AA740: UR-0489P1 | AB740: 45117.498 | AC740: 45117.498 | AD740: =AC740-AB740 -> 4.62963e-05 | AF740: UR-0511P1 | AG740: 45118.457 | AH740: 45118.457 | AI740: =AH740-AG740 -> 0.00020833333 | AK740: UR-4461P1 | AL740: 45119.812 | AM740: 45119.812 | AN740: =AM740-AL740 -> 6.9444446e-05 | AP740: UR-0559-01P1 | AQ740: 45120.553 | AR740: 45120.553 | AS740: =AR740-AQ740 -> 0.00026620371 | AU740: UR-43351-01P1 | AV740: 45121.42 | AW740: 45121.42 | AX740: =AW740-AV740 -> 8.1018523e-05 | BA740: UR-0524P4 | BB740: 45125.62 | BC740: 45125.62 | BD740: =BC740-BB740 -> 6.9444446e-05 | BF740: UR-0511P1 | BG740: 45126.604 | BH740: 45126.605 | BI740: =BH740-BG740 -> 0.00020833333 | BK740: UR-06101P1 | BL740: 45127.768 | BM740: 45127.768 | BN740: =BM740-BL740 -> 0.00023148148 | BP740: UR-0489P4 | BQ740: 45129.013 | BR740: 45129.013 | BS740: =BR740-BQ740 -> 5.7870369e-05 | BV740: UR-0509-01P4 | BW740: 45131.966 | BX740: 45131.966 | BY740: =BX740-BW740 -> 0.00037037037 | CA740: UR-0509-01P1 | CB740: 45132.476 | CC740: 45132.476 | CD740: =CC740-CB740 -> 0.00024305555 | CF740: UR-0509-01P1 | CG740: 45133.582 | CH740: 45133.582 | CI740: =CH740-CG740 -> 0.00024305555 | CK740: UR-0519P8 | CL740: 45134.72 | CM740: 45134.72 | CN740: =CM740-CL740 -> 0.00030092592 | CP740: UR-0481-01P6 | CQ740: 45135.91 | CR740: 45135.91 | CS740: =CR740-CQ740 -> 0.00023148148
F741: UR-4425P1 | G741: 45111.702 | H741: 45111.702 | I741: =H741-G741 -> 5.7870369e-05 | K741: UR-0511P1 | L741: 45112.446 | M741: 45112.446 | N741: =M741-L741 -> 0.00020833333 | P741: UR-0509-01P4 | Q741: 45113.612 | R741: 45113.613 | S741: =R741-Q741 -> 0.00035879629 | U741: UR-0538P1 | V741: 45114.957 | W741: 45114.958 | X741: =W741-V741 -> 5.7870369e-05 | AA741: UR-0489P1 | AB741: 45117.498 | AC741: 45117.498 | AD741: =AC741-AB741 -> 4.6296293e-05 | AF741: UR-0511P1 | AG741: 45118.457 | AH741: 45118.457 | AI741: =AH741-AG741 -> 0.00019675925 | AK741: UR-4461P1 | AL741: 45119.812 | AM741: 45119.812 | AN741: =AM741-AL741 -> 5.7870369e-05 | AP741: UR-0559-01P1 | AQ741: 45120.552 | AR741: 45120.553 | AS741: =AR741-AQ741 -> 0.00027777778 | AU741: UR-43351-01P1 | AV741: 45121.419 | AW741: 45121.419 | AX741: =AW741-AV741 -> 9.2592592e-05 | BA741: UR-0524P4 | BB741: 45125.62 | BC741: 45125.62 | BD741: =BC741-BB741 -> 6.9444446e-05 | BF741: UR-0511P1 | BG741: 45126.604 | BH741: 45126.604 | BI741: =BH741-BG741 -> 0.00020833334 | BK741: UR-06101P1 | BL741: 45127.767 | BM741: 45127.767 | BN741: =BM741-BL741 -> 0.00023148148 | BP741: UR-0489P4 | BQ741: 45129.013 | BR741: 45129.013 | BS741: =BR741-BQ741 -> 6.9444446e-05 | BV741: UR-0509-01P4 | BW741: 45131.965 | BX741: 45131.966 | BY741: =BX741-BW741 -> 0.00037037038 | CA741: UR-0509-01P1 | CB741: 45132.476 | CC741: 45132.476 | CD741: =CC741-CB741 -> 0.00024305555 | CF741: UR-0509-01P1 | CG741: 45133.582 | CH741: 45133.582 | CI741: =CH741-CG741 -> 0.00024305555 | CK741: UR-0519P8 | CL741: 45134.719 | CM741: 45134.72 | CN741: =CM741-CL741 -> 0.00030092592 | CP741: UR-0481-01P6 | CQ741: 45135.909 | CR741: 45135.909 | CS741: =CR741-CQ741 -> 0.00023148148
F742: UR-4425P1 | G742: 45111.702 | H742: 45111.702 | I742: =H742-G742 -> 6.9444439e-05 | K742: UR-0511P1 | L742: 45112.445 | M742: 45112.445 | N742: =M742-L742 -> 0.00021990741 | P742: UR-0509-01P4 | Q742: 45113.612 | R742: 45113.612 | S742: =R742-Q742 -> 0.00035879629 | U742: UR-0538P1 | V742: 45114.957 | W742: 45114.957 | X742: =W742-V742 -> 6.9444439e-05 | AA742: UR-0489P1 | AB742: 45117.497 | AC742: 45117.497 | AD742: =AC742-AB742 -> 4.6296293e-05 | AF742: UR-0511P1 | AG742: 45118.456 | AH742: 45118.456 | AI742: =AH742-AG742 -> 0.00019675926 | AK742: UR-4461P1 | AL742: 45119.812 | AM742: 45119.812 | AN742: =AM742-AL742 -> 6.9444446e-05 | AP742: UR-0559-01P1 | AQ742: 45120.552 | AR742: 45120.552 | AS742: =AR742-AQ742 -> 0.0002662037 | AU742: UR-43351-01P6 | AV742: 45121.415 | AW742: 45121.415 | AX742: =AW742-AV742 -> 9.2592592e-05 | BA742: UR-0524P4 | BB742: 45125.619 | BC742: 45125.619 | BD742: =BC742-BB742 -> 6.9444446e-05 | BF742: UR-0511P1 | BG742: 45126.604 | BH742: 45126.604 | BI742: =BH742-BG742 -> 0.00020833333 | BK742: UR-06101P8 | BL742: 45127.75 | BM742: 45127.75 | BN742: =BM742-BL742 -> 0.00037037037 | BP742: UR-0489P4 | BQ742: 45129.012 | BR742: 45129.012 | BS742: =BR742-BQ742 -> 6.9444446e-05 | BV742: UR-0509-01P4 | BW742: 45131.965 | BX742: 45131.965 | BY742: =BX742-BW742 -> 0.00035879629 | CA742: UR-0509-01P1 | CB742: 45132.475 | CC742: 45132.476 | CD742: =CC742-CB742 -> 0.00024305555 | CF742: UR-0509-01P1 | CG742: 45133.581 | CH742: 45133.581 | CI742: =CH742-CG742 -> 0.00024305555 | CK742: UR-0519P8 | CL742: 45134.719 | CM742: 45134.719 | CN742: =CM742-CL742 -> 0.00030092592 | CP742: UR-0481-01P6 | CQ742: 45135.909 | CR742: 45135.909 | CS742: =CR742-CQ742 -> 0.00024305555
F743: UR-4425P1 | G743: 45111.702 | H743: 45111.702 | I743: =H743-G743 -> 5.7870369e-05 | K743: UR-0511P1 | L743: 45112.445 | M743: 45112.445 | N743: =M743-L743 -> 0.00020833333 | P743: UR-0509-01P4 | Q743: 45113.611 | R743: 45113.612 | S743: =R743-Q743 -> 0.00035879629 | U743: UR-0538P1 | V743: 45114.957 | W743: 45114.957 | X743: =W743-V743 -> 5.7870369e-05 | AA743: UR-0489P1 | AB743: 45117.497 | AC743: 45117.497 | AD743: =AC743-AB743 -> 5.7870369e-05 | AF743: UR-0511P1 | AG743: 45118.456 | AH743: 45118.456 | AI743: =AH743-AG743 -> 0.00019675926 | AK743: UR-4461P1 | AL743: 45119.812 | AM743: 45119.812 | AN743: =AM743-AL743 -> 5.7870377e-05 | AP743: UR-0559-01P1 | AQ743: 45120.552 | AR743: 45120.552 | AS743: =AR743-AQ743 -> 0.0002662037 | AU743: UR-43351-01P6 | AV743: 45121.415 | AW743: 45121.415 | AX743: =AW743-AV743 -> 9.2592592e-05 | BA743: UR-0524P4 | BB743: 45125.619 | BC743: 45125.619 | BD743: =BC743-BB743 -> 6.9444439e-05 | BF743: UR-0511P1 | BG743: 45126.603 | BH743: 45126.604 | BI743: =BH743-BG743 -> 0.00020833333 | BK743: UR-06101P8 | BL743: 45127.75 | BM743: 45127.75 | BN743: =BM743-BL743 -> 0.00038194445 | BP743: UR-0489P4 | BQ743: 45129.012 | BR743: 45129.012 | BS743: =BR743-BQ743 -> 5.7870369e-05 | BV743: UR-0509-01P4 | BW743: 45131.965 | BX743: 45131.965 | BY743: =BX743-BW743 -> 0.0003587963 | CA743: UR-0509-01P1 | CB743: 45132.475 | CC743: 45132.475 | CD743: =CC743-CB743 -> 0.00024305555 | CF743: UR-0509-01P1 | CG743: 45133.581 | CH743: 45133.581 | CI743: =CH743-CG743 -> 0.00024305555 | CK743: UR-0519P8 | CL743: 45134.719 | CM743: 45134.719 | CN743: =CM743-CL743 -> 0.00030092593 | CP743: UR-0481-01P6 | CQ743: 45135.908 | CR743: 45135.909 | CS743: =CR743-CQ743 -> 0.00024305556
... F1164: URS-0486P1 | G1164: 45111.625 | H1164: 45111.625 | I1164: =H1164-G1164 -> 6.9444446e-05 | K1164: URS-0437P2 | L1164: 45112.995 | M1164: 45112.995 | N1164: =M1164-L1164 -> 4.62963e-05 | P1164: URS-0437P1 | Q1164: 45113.783 | R1164: 45113.783 | S1164: =R1164-Q1164 -> 3.4722223e-05 | U1164: UR-4377P1 | V1164: 45114.462 | W1164: 45114.462 | X1164: =W1164-V1164 -> 5.7870369e-05 | AA1164: UR-0559-01P1 | AB1164: 45117.895 | AC1164: 45117.896 | AD1164: =AC1164-AB1164 -> 0.0002662037 | AF1164: URS-0486P1 | AG1164: 45118.404 | AH1164: 45118.404 | AI1164: =AH1164-AG1164 -> 6.9444446e-05 | AK1164: URS-3977-01P2 | AL1164: 45119.867 | AM1164: 45119.867 | AN1164: =AM1164-AL1164 -> 5.7870369e-05 | AP1164: URS-42144-02P6_20230523 | AQ1164: 45120.696 | AR1164: 45120.696 | AS1164: =AR1164-AQ1164 -> 0.00010416667 | AU1164: UTS-2471P2 | AV1164: 45121.959 | AW1164: 45121.959 | AX1164: =AW1164-AV1164 -> 3.4722223e-05 | BA1164: URS-0418P1 | BB1164: 45125.608 | BC1164: 45125.608 | BD1164: =BC1164-BB1164 -> 3.4722223e-05 | BF1164: URS-0437P2 | BG1164: 45126.99 | BH1164: 45126.99 | BI1164: =BH1164-BG1164 -> 4.6296293e-05 | BK1164: UT-0987-01P6_20220909 | BL1164: 45127.608 | BM1164: 45127.609 | BN1164: =BM1164-BL1164 -> 0.00012731482 | BP1164: URS-0437P1 | BQ1164: 45128.873 | BR1164: 45128.873 | BS1164: =BR1164-BQ1164 -> 2.3148146e-05 | BV1164: URS-0483P4 | BW1164: 45131.933 | BX1164: 45131.933 | BY1164: =BX1164-BW1164 -> 6.9444446e-05 | CA1164: UR-4551P01_20230714 | CB1164: 45132.611 | CC1164: 45132.611 | CD1164: =CC1164-CB1164 -> 0.00012731481 | CF1164: URS-0437P1 | CG1164: 45133.379 | CH1164: 45133.379 | CI1164: =CH1164-CG1164 -> 3.4722223e-05 | CK1164: URS-4215P4 | CL1164: 45134.452 | CM1164: 45134.452 | CN1164: =CM1164-CL1164 -> 8.1018516e-05 | CP1164: UR-0493P2 | CQ1164: 45135.392 | CR1164: 45135.392 | CS1164: =CR1164-CQ1164 -> 5.7870369e-05
F1165: URS-0486P1 | G1165: 45111.625 | H1165: 45111.625 | I1165: =H1165-G1165 -> 6.9444446e-05 | K1165: URS-0437P2 | L1165: 45112.994 | M1165: 45112.995 | N1165: =M1165-L1165 -> 4.62963e-05 | P1165: URS-0437P1 | Q1165: 45113.783 | R1165: 45113.783 | S1165: =R1165-Q1165 -> 3.4722216e-05 | U1165: UR-4377P1 | V1165: 45114.462 | W1165: 45114.462 | X1165: =W1165-V1165 -> 5.7870369e-05 | AA1165: UR-0559-01P1 | AB1165: 45117.895 | AC1165: 45117.895 | AD1165: =AC1165-AB1165 -> 0.00026620371 | AF1165: URS-0486P1 | AG1165: 45118.404 | AH1165: 45118.404 | AI1165: =AH1165-AG1165 -> 6.9444446e-05 | AK1165: URS-3977-01P2 | AL1165: 45119.867 | AM1165: 45119.867 | AN1165: =AM1165-AL1165 -> 4.6296293e-05 | AP1165: URS-42144-02P6_20230523 | AQ1165: 45120.696 | AR1165: 45120.696 | AS1165: =AR1165-AQ1165 -> 9.2592592e-05 | AU1165: UTS-2471P2 | AV1165: 45121.959 | AW1165: 45121.959 | AX1165: =AW1165-AV1165 -> 3.4722223e-05 | BA1165: URS-0418P1 | BB1165: 45125.607 | BC1165: 45125.607 | BD1165: =BC1165-BB1165 -> 3.4722223e-05 | BF1165: URS-0437P2 | BG1165: 45126.99 | BH1165: 45126.99 | BI1165: =BH1165-BG1165 -> 4.6296293e-05 | BP1165: URS-0437P1 | BQ1165: 45128.873 | BR1165: 45128.873 | BS1165: =BR1165-BQ1165 -> 2.3148146e-05 | BV1165: URS-0483P4 | BW1165: 45131.933 | BX1165: 45131.933 | BY1165: =BX1165-BW1165 -> 6.9444446e-05 | CA1165: UR-4551P01_20230714 | CB1165: 45132.611 | CC1165: 45132.611 | CD1165: =CC1165-CB1165 -> 0.00012731482 | CF1165: URS-0437P1 | CG1165: 45133.379 | CH1165: 45133.379 | CI1165: =CH1165-CG1165 -> 3.4722223e-05 | CK1165: URS-4215P4 | CL1165: 45134.452 | CM1165: 45134.452 | CN1165: =CM1165-CL1165 -> 8.1018516e-05 | CP1165: UR-0493P2 | CQ1165: 45135.391 | CR1165: 45135.391 | CS1165: =CR1165-CQ1165 -> 5.7870369e-05
F1166: URS-0486P1 | G1166: 45111.625 | H1166: 45111.625 | I1166: =H1166-G1166 -> 6.9444439e-05 | K1166: URS-0437P2 | L1166: 45112.994 | M1166: 45112.994 | N1166: =M1166-L1166 -> 4.6296293e-05 | P1166: URS-0437P1 | Q1166: 45113.782 | R1166: 45113.782 | S1166: =R1166-Q1166 -> 2.3148146e-05 | U1166: UR-4377P1 | V1166: 45114.462 | W1166: 45114.462 | X1166: =W1166-V1166 -> 5.7870369e-05 | AA1166: UR-0559-01P1 | AB1166: 45117.895 | AC1166: 45117.895 | AD1166: =AC1166-AB1166 -> 0.00027777778 | AF1166: URS-0486P1 | AG1166: 45118.403 | AH1166: 45118.404 | AI1166: =AH1166-AG1166 -> 6.9444446e-05 | AK1166: URS-3977-01P2 | AL1166: 45119.867 | AM1166: 45119.867 | AN1166: =AM1166-AL1166 -> 4.6296293e-05 | AP1166: URS-42144-02P6_20230523 | AQ1166: 45120.695 | AR1166: 45120.696 | AS1166: =AR1166-AQ1166 -> 0.00010416667 | BA1166: URS-0418P1 | BB1166: 45125.607 | BC1166: 45125.607 | BD1166: =BC1166-BB1166 -> 4.62963e-05 | BF1166: URS-0437P2 | BG1166: 45126.99 | BH1166: 45126.99 | BI1166: =BH1166-BG1166 -> 3.4722216e-05 | BP1166: URS-0437P1 | BQ1166: 45128.873 | BR1166: 45128.873 | BS1166: =BR1166-BQ1166 -> 3.4722223e-05 | BV1166: URS-0483P4 | BW1166: 45131.933 | BX1166: 45131.933 | BY1166: =BX1166-BW1166 -> 6.9444446e-05 | CA1166: UR-4551P01_20230714 | CB1166: 45132.611 | CC1166: 45132.611 | CD1166: =CC1166-CB1166 -> 0.00011574074 | CF1166: URS-0437P1 | CG1166: 45133.379 | CH1166: 45133.379 | CI1166: =CH1166-CG1166 -> 2.3148146e-05 | CK1166: URS-4215P4 | CL1166: 45134.452 | CM1166: 45134.452 | CN1166: =CM1166-CL1166 -> 8.1018516e-05 | CP1166: UR-0493P2 | CQ1166: 45135.391 | CR1166: 45135.391 | CS1166: =CR1166-CQ1166 -> 5.7870369e-05
F1167: URS-0486P1 | G1167: 45111.625 | H1167: 45111.625 | I1167: =H1167-G1167 -> 6.9444439e-05 | K1167: URS-0437P2 | L1167: 45112.994 | M1167: 45112.994 | N1167: =M1167-L1167 -> 3.4722223e-05 | P1167: URS-0437P1 | Q1167: 45113.782 | R1167: 45113.782 | S1167: =R1167-Q1167 -> 3.4722223e-05 | U1167: UR-4377P1 | V1167: 45114.462 | W1167: 45114.462 | X1167: =W1167-V1167 -> 5.7870369e-05 | AA1167: UR-0559-01P1 | AB1167: 45117.894 | AC1167: 45117.895 | AD1167: =AC1167-AB1167 -> 0.00026620371 | AF1167: URS-0486P1 | AG1167: 45118.403 | AH1167: 45118.403 | AI1167: =AH1167-AG1167 -> 6.9444446e-05 | AK1167: URS-3977-01P2 | AL1167: 45119.866 | AM1167: 45119.866 | AN1167: =AM1167-AL1167 -> 4.6296293e-05 | AP1167: URS-42144-02P6_20230523 | AQ1167: 45120.695 | AR1167: 45120.695 | AS1167: =AR1167-AQ1167 -> 0.00010416666 | BA1167: URS-0418P1 | BB1167: 45125.607 | BC1167: 45125.607 | BD1167: =BC1167-BB1167 -> 4.6296293e-05 | BF1167: URS-0437P2 | BG1167: 45126.99 | BH1167: 45126.99 | BI1167: =BH1167-BG1167 -> 4.6296293e-05 | BP1167: URS-0437P1 | BQ1167: 45128.872 | BR1167: 45128.872 | BS1167: =BR1167-BQ1167 -> 2.3148154e-05 | BV1167: URS-0483P4 | BW1167: 45131.933 | BX1167: 45131.933 | BY1167: =BX1167-BW1167 -> 6.9444446e-05 | CA1167: UR-4551P01_20230714 | CB1167: 45132.61 | CC1167: 45132.611 | CD1167: =CC1167-CB1167 -> 0.00012731482 | CF1167: URS-0437P1 | CG1167: 45133.378 | CH1167: 45133.378 | CI1167: =CH1167-CG1167 -> 3.4722223e-05 | CK1167: URS-4215P4 | CL1167: 45134.451 | CM1167: 45134.452 | CN1167: =CM1167-CL1167 -> 8.1018516e-05 | CP1167: UR-0493P2 | CQ1167: 45135.391 | CR1167: 45135.391 | CS1167: =CR1167-CQ1167 -> 5.7870369e-05
F1168: URS-0486P1 | G1168: 45111.624 | H1168: 45111.624 | I1168: =H1168-G1168 -> 6.9444439e-05 | K1168: URS-0475P1 | L1168: 45112.706 | M1168: 45112.706 | N1168: =M1168-L1168 -> 4.6296293e-05 | P1168: URS-0437P1 | Q1168: 45113.782 | R1168: 45113.782 | S1168: =R1168-Q1168 -> 3.4722223e-05 | U1168: UR-4377P1 | V1168: 45114.461 | W1168: 45114.461 | X1168: =W1168-V1168 -> 5.7870369e-05 | AA1168: UR-0559-01P1 | AB1168: 45117.894 | AC1168: 45117.894 | AD1168: =AC1168-AB1168 -> 0.00027777778 | AF1168: URS-0486P1 | AG1168: 45118.403 | AH1168: 45118.403 | AI1168: =AH1168-AG1168 -> 6.9444446e-05 | AK1168: URS-42511P1 | AL1168: 45119.748 | AM1168: 45119.748 | AN1168: =AM1168-AL1168 -> 5.7870369e-05 | AP1168: URS-42144-02P6_20230523 | AQ1168: 45120.695 | AR1168: 45120.695 | AS1168: =AR1168-AQ1168 -> 0.00010416667 | BA1168: URS-0418P1 | BB1168: 45125.607 | BC1168: 45125.607 | BD1168: =BC1168-BB1168 -> 3.4722223e-05 | BF1168: URS-0437P2 | BG1168: 45126.99 | BH1168: 45126.99 | BI1168: =BH1168-BG1168 -> 4.6296293e-05 | BP1168: URS-0437P1 | BQ1168: 45128.872 | BR1168: 45128.872 | BS1168: =BR1168-BQ1168 -> 3.4722223e-05 | BV1168: URS-0483P4 | BW1168: 45131.933 | BX1168: 45131.933 | BY1168: =BX1168-BW1168 -> 6.9444439e-05 | CA1168: UR-4551P01_20230714 | CB1168: 45132.61 | CC1168: 45132.61 | CD1168: =CC1168-CB1168 -> 0.00012731482 | CF1168: URS-0437P2 | CG1168: 45133.412 | CH1168: 45133.412 | CI1168: =CH1168-CG1168 -> 4.62963e-05 | CK1168: URS-4215P4 | CL1168: 45134.451 | CM1168: 45134.451 | CN1168: =CM1168-CL1168 -> 8.1018523e-05 | CP1168: UR-0493P2 | CQ1168: 45135.391 | CR1168: 45135.391 | CS1168: =CR1168-CQ1168 -> 5.7870369e-05
F1169: URS-0505P2 | G1169: 45111.587 | H1169: 45111.587 | I1169: =H1169-G1169 -> 6.9444439e-05 | K1169: URS-0475P1 | L1169: 45112.706 | M1169: 45112.706 | N1169: =M1169-L1169 -> 4.62963e-05 | P1169: URS-0437P1 | Q1169: 45113.782 | R1169: 45113.782 | S1169: =R1169-Q1169 -> 3.4722223e-05 | U1169: UR-4377P1 | V1169: 45114.461 | W1169: 45114.461 | X1169: =W1169-V1169 -> 5.7870369e-05 | AA1169: UR-0559-01P1 | AB1169: 45117.602 | AC1169: 45117.603 | AD1169: =AC1169-AB1169 -> 0.0002662037 | AF1169: URS-0486P1 | AG1169: 45118.403 | AH1169: 45118.403 | AI1169: =AH1169-AG1169 -> 6.9444439e-05 | AK1169: URS-42511P1 | AL1169: 45119.748 | AM1169: 45119.748 | AN1169: =AM1169-AL1169 -> 4.6296293e-05 | AP1169: URS-4215P1 | AQ1169: 45120.953 | AR1169: 45120.953 | AS1169: =AR1169-AQ1169 -> 5.7870369e-05 | BA1169: URS-0418P1 | BB1169: 45125.607 | BC1169: 45125.607 | BD1169: =BC1169-BB1169 -> 3.4722216e-05 | BF1169: URS-0437P2 | BG1169: 45126.99 | BH1169: 45126.99 | BI1169: =BH1169-BG1169 -> 4.62963e-05 | BP1169: URS-0437P1 | BQ1169: 45128.872 | BR1169: 45128.872 | BS1169: =BR1169-BQ1169 -> 2.3148146e-05 | BV1169: URS-0483P4 | BW1169: 45131.933 | BX1169: 45131.933 | BY1169: =BX1169-BW1169 -> 6.9444439e-05 | CA1169: UR-4551P01_20230714 | CB1169: 45132.61 | CC1169: 45132.61 | CD1169: =CC1169-CB1169 -> 0.00011574074 | CF1169: URS-0437P2 | CG1169: 45133.411 | CH1169: 45133.411 | CI1169: =CH1169-CG1169 -> 3.4722223e-05 | CK1169: URS-4215P4 | CL1169: 45134.451 | CM1169: 45134.451 | CN1169: =CM1169-CL1169 -> 8.1018523e-05 | CP1169: UR-0493P2 | CQ1169: 45135.391 | CR1169: 45135.391 | CS1169: =CR1169-CQ1169 -> 5.7870369e-05
F1170: URS-0505P2 | G1170: 45111.587 | H1170: 45111.587 | I1170: =H1170-G1170 -> 5.7870369e-05 | K1170: URS-0475P1 | L1170: 45112.706 | M1170: 45112.706 | N1170: =M1170-L1170 -> 4.62963e-05 | P1170: URS-0437P1 | Q1170: 45113.782 | R1170: 45113.782 | S1170: =R1170-Q1170 -> 3.4722223e-05 | U1170: UR-4377P1 | V1170: 45114.461 | W1170: 45114.461 | X1170: =W1170-V1170 -> 5.7870369e-05 | AA1170: UR-0559-01P1 | AB1170: 45117.602 | AC1170: 45117.602 | AD1170: =AC1170-AB1170 -> 0.0002662037 | AF1170: URS-0486P1 | AG1170: 45118.403 | AH1170: 45118.403 | AI1170: =AH1170-AG1170 -> 6.9444439e-05 | AK1170: URS-42511P1 | AL1170: 45119.748 | AM1170: 45119.748 | AN1170: =AM1170-AL1170 -> 4.62963e-05 | AP1170: URS-4215P1 | AQ1170: 45120.953 | AR1170: 45120.953 | AS1170: =AR1170-AQ1170 -> 5.7870369e-05 | BA1170: URS-0418P1 | BB1170: 45125.607 | BC1170: 45125.607 | BD1170: =BC1170-BB1170 -> 3.4722223e-05 | BF1170: URS-0437P2 | BG1170: 45126.989 | BH1170: 45126.989 | BI1170: =BH1170-BG1170 -> 3.4722223e-05 | BP1170: URS-0437P1 | BQ1170: 45128.872 | BR1170: 45128.872 | BS1170: =BR1170-BQ1170 -> 2.3148154e-05 | BV1170: URS-0483P4 | BW1170: 45131.932 | BX1170: 45131.932 | BY1170: =BX1170-BW1170 -> 6.9444446e-05 | CA1170: UR-4551P01_20230714 | CB1170: 45132.61 | CC1170: 45132.61 | CD1170: =CC1170-CB1170 -> 0.00012731482 | CF1170: URS-0437P2 | CG1170: 45133.411 | CH1170: 45133.411 | CI1170: =CH1170-CG1170 -> 3.4722223e-05 | CK1170: URS-4215P4 | CL1170: 45134.451 | CM1170: 45134.451 | CN1170: =CM1170-CL1170 -> 8.1018523e-05 | CP1170: UR-0493P2 | CQ1170: 45135.391 | CR1170: 45135.391 | CS1170: =CR1170-CQ1170 -> 4.62963e-05
F1171: URS-0505P2 | G1171: 45111.587 | H1171: 45111.587 | I1171: =H1171-G1171 -> 5.7870369e-05 | K1171: URS-0475P1 | L1171: 45112.706 | M1171: 45112.706 | N1171: =M1171-L1171 -> 3.4722223e-05 | P1171: URS-0437P1 | Q1171: 45113.782 | R1171: 45113.782 | S1171: =R1171-Q1171 -> 3.4722223e-05 | U1171: UR-4377P1 | V1171: 45114.461 | W1171: 45114.461 | X1171: =W1171-V1171 -> 5.7870369e-05 | AA1171: UR-0559-01P1 | AB1171: 45117.602 | AC1171: 45117.602 | AD1171: =AC1171-AB1171 -> 0.00027777778 | AF1171: URS-0486P1 | AG1171: 45118.403 | AH1171: 45118.403 | AI1171: =AH1171-AG1171 -> 6.9444439e-05 | AK1171: URS-42511P1 | AL1171: 45119.748 | AM1171: 45119.748 | AN1171: =AM1171-AL1171 -> 4.62963e-05 | AP1171: URS-4215P1 | AQ1171: 45120.953 | AR1171: 45120.953 | AS1171: =AR1171-AQ1171 -> 5.7870369e-05 | BA1171: URS-0418P1 | BB1171: 45125.606 | BC1171: 45125.607 | BD1171: =BC1171-BB1171 -> 4.6296293e-05 | BF1171: URS-0437P2 | BG1171: 45126.989 | BH1171: 45126.989 | BI1171: =BH1171-BG1171 -> 3.4722223e-05 | BP1171: URS-0437P1 | BQ1171: 45128.872 | BR1171: 45128.872 | BS1171: =BR1171-BQ1171 -> 3.4722223e-05 | BV1171: URS-0483P4 | BW1171: 45131.932 | BX1171: 45131.932 | BY1171: =BX1171-BW1171 -> 6.9444446e-05 | CA1171: UR-4551P01_20230714 | CB1171: 45132.61 | CC1171: 45132.61 | CD1171: =CC1171-CB1171 -> 0.00012731482 | CF1171: URS-0437P2 | CG1171: 45133.411 | CH1171: 45133.411 | CI1171: =CH1171-CG1171 -> 3.4722223e-05 | CK1171: URS-4215P4 | CL1171: 45134.451 | CM1171: 45134.451 | CN1171: =CM1171-CL1171 -> 8.1018523e-05 | CP1171: UR-0493P2 | CQ1171: 45135.39 | CR1171: 45135.39 | CS1171: =CR1171-CQ1171 -> 5.7870369e-05
F1172: URS-0505P2 | G1172: 45111.586 | H1172: 45111.587 | I1172: =H1172-G1172 -> 5.7870369e-05 | K1172: URS-0475P1 | L1172: 45112.706 | M1172: 45112.706 | N1172: =M1172-L1172 -> 3.4722223e-05 | P1172: URS-0437P1 | Q1172: 45113.782 | R1172: 45113.782 | S1172: =R1172-Q1172 -> 3.4722223e-05 | U1172: UR-4377P1 | V1172: 45114.461 | W1172: 45114.461 | X1172: =W1172-V1172 -> 5.7870369e-05 | AA1172: UR-0559-01P1 | AB1172: 45117.601 | AC1172: 45117.602 | AD1172: =AC1172-AB1172 -> 0.00027777778 | AF1172: URS-0486P1 | AG1172: 45118.402 | AH1172: 45118.402 | AI1172: =AH1172-AG1172 -> 6.9444439e-05 | AK1172: URS-42511P1 | AL1172: 45119.748 | AM1172: 45119.748 | AN1172: =AM1172-AL1172 -> 4.62963e-05 | AP1172: URS-4215P1 | AQ1172: 45120.952 | AR1172: 45120.952 | AS1172: =AR1172-AQ1172 -> 5.7870369e-05 | BA1172: URS-0418P1 | BB1172: 45125.606 | BC1172: 45125.606 | BD1172: =BC1172-BB1172 -> 4.62963e-05 | BF1172: URS-0437P2 | BG1172: 45126.989 | BH1172: 45126.989 | BI1172: =BH1172-BG1172 -> 3.4722223e-05 | BP1172: URS-0437P1 | BQ1172: 45128.872 | BR1172: 45128.872 | BS1172: =BR1172-BQ1172 -> 3.4722223e-05 | BV1172: URS-0483P4 | BW1172: 45131.932 | BX1172: 45131.932 | BY1172: =BX1172-BW1172 -> 6.9444446e-05 | CA1172: UR-4551P01_20230714 | CB1172: 45132.609 | CC1172: 45132.609 | CD1172: =CC1172-CB1172 -> 0.00013888889 | CF1172: URS-0437P2 | CG1172: 45133.411 | CH1172: 45133.411 | CI1172: =CH1172-CG1172 -> 4.6296293e-05 | CK1172: URS-4215P4 | CL1172: 45134.451 | CM1172: 45134.451 | CN1172: =CM1172-CL1172 -> 8.1018523e-05 | CP1172: UR-0493P2 | CQ1172: 45135.39 | CR1172: 45135.39 | CS1172: =CR1172-CQ1172 -> 4.6296293e-05
F1173: URS-0505P2 | G1173: 45111.586 | H1173: 45111.586 | I1173: =H1173-G1173 -> 5.7870369e-05 | K1173: URS-0475P1 | L1173: 45112.705 | M1173: 45112.705 | N1173: =M1173-L1173 -> 4.62963e-05 | P1173: URS-0437P1 | Q1173: 45113.782 | R1173: 45113.782 | S1173: =R1173-Q1173 -> 3.4722223e-05 | U1173: UR-4377P1 | V1173: 45114.461 | W1173: 45114.461 | X1173: =W1173-V1173 -> 5.7870369e-05 | AA1173: UR-0559-01P1 | AB1173: 45117.601 | AC1173: 45117.601 | AD1173: =AC1173-AB1173 -> 0.0002662037 | AF1173: URS-0486P1 | AG1173: 45118.402 | AH1173: 45118.402 | AI1173: =AH1173-AG1173 -> 6.9444439e-05 | AK1173: URS-42511P1 | AL1173: 45119.747 | AM1173: 45119.747 | AN1173: =AM1173-AL1173 -> 5.7870377e-05 | AP1173: URS-4215P1 | AQ1173: 45120.952 | AR1173: 45120.952 | AS1173: =AR1173-AQ1173 -> 5.7870377e-05 | BA1173: URS-0418P1 | BB1173: 45125.606 | BC1173: 45125.606 | BD1173: =BC1173-BB1173 -> 3.4722223e-05 | BF1173: URS-0437P2 | BG1173: 45126.989 | BH1173: 45126.989 | BI1173: =BH1173-BG1173 -> 4.62963e-05 | BP1173: URS-0437P1 | BQ1173: 45128.872 | BR1173: 45128.872 | BS1173: =BR1173-BQ1173 -> 2.3148146e-05 | BV1173: URS-0483P4 | BW1173: 45131.932 | BX1173: 45131.932 | BY1173: =BX1173-BW1173 -> 6.9444446e-05 | CA1173: UR-4551P01_20230714 | CB1173: 45132.609 | CC1173: 45132.609 | CD1173: =CC1173-CB1173 -> 0.00012731482 | CF1173: URS-0437P2 | CG1173: 45133.411 | CH1173: 45133.411 | CI1173: =CH1173-CG1173 -> 4.6296293e-05 | CK1173: URS-4215P4 | CL1173: 45134.45 | CM1173: 45134.451 | CN1173: =CM1173-CL1173 -> 8.1018523e-05 | CP1173: UR-0493P2 | CQ1173: 45135.39 | CR1173: 45135.39 | CS1173: =CR1173-CQ1173 -> 5.7870377e-05
F1174: URS-0505P2 | G1174: 45111.586 | H1174: 45111.586 | I1174: =H1174-G1174 -> 5.7870377e-05 | K1174: URS-0475P1 | L1174: 45112.705 | M1174: 45112.705 | N1174: =M1174-L1174 -> 4.6296293e-05 | P1174: URS-0437P1 | Q1174: 45113.422 | R1174: 45113.422 | S1174: =R1174-Q1174 -> 3.4722223e-05 | U1174: UR-4377P1 | V1174: 45114.46 | W1174: 45114.46 | X1174: =W1174-V1174 -> 5.7870369e-05 | AA1174: UR-0559-01P1 | AB1174: 45117.601 | AC1174: 45117.601 | AD1174: =AC1174-AB1174 -> 0.0002662037 | AF1174: URS-0486P1 | AG1174: 45118.402 | AH1174: 45118.402 | AI1174: =AH1174-AG1174 -> 6.9444446e-05 | AK1174: URS-42511P1 | AL1174: 45119.747 | AM1174: 45119.747 | AN1174: =AM1174-AL1174 -> 4.6296293e-05 | AP1174: URS-4215P1 | AQ1174: 45120.952 | AR1174: 45120.952 | AS1174: =AR1174-AQ1174 -> 5.7870377e-05 | BA1174: URS-0418P1 | BB1174: 45125.606 | BC1174: 45125.606 | BD1174: =BC1174-BB1174 -> 3.4722223e-05 | BF1174: URS-0437P2 | BG1174: 45126.989 | BH1174: 45126.989 | BI1174: =BH1174-BG1174 -> 4.6296293e-05 | BP1174: URS-0437P1 | BQ1174: 45128.872 | BR1174: 45128.872 | BS1174: =BR1174-BQ1174 -> 3.4722223e-05 | BV1174: URS-0483P4 | BW1174: 45131.932 | BX1174: 45131.932 | BY1174: =BX1174-BW1174 -> 6.9444446e-05 | CA1174: UR-4551P01_20230714 | CB1174: 45132.608 | CC1174: 45132.609 | CD1174: =CC1174-CB1174 -> 0.00012731482 | CF1174: URS-0437P2 | CG1174: 45133.411 | CH1174: 45133.411 | CI1174: =CH1174-CG1174 -> 3.4722216e-05 | CK1174: URS-4215P4 | CL1174: 45134.45 | CM1174: 45134.45 | CN1174: =CM1174-CL1174 -> 8.1018516e-05 | CP1174: UR-0493P2 | CQ1174: 45135.39 | CR1174: 45135.39 | CS1174: =CR1174-CQ1174 -> 5.7870369e-05
F1175: URS-0505P2 | G1175: 45111.586 | H1175: 45111.586 | I1175: =H1175-G1175 -> 5.7870369e-05 | K1175: URS-0475P1 | L1175: 45112.705 | M1175: 45112.705 | N1175: =M1175-L1175 -> 4.6296293e-05 | P1175: URS-0437P1 | Q1175: 45113.422 | R1175: 45113.422 | S1175: =R1175-Q1175 -> 3.4722216e-05 | U1175: UR-4377P1 | V1175: 45114.46 | W1175: 45114.46 | X1175: =W1175-V1175 -> 5.7870369e-05 | AA1175: UR-0559-01P1 | AB1175: 45117.6 | AC1175: 45117.601 | AD1175: =AC1175-AB1175 -> 0.0002662037 | AF1175: URS-0486P1 | AG1175: 45118.402 | AH1175: 45118.402 | AI1175: =AH1175-AG1175 -> 8.1018523e-05 | AK1175: URS-42511P1 | AL1175: 45119.747 | AM1175: 45119.747 | AN1175: =AM1175-AL1175 -> 5.7870369e-05 | AP1175: URS-4215P1 | AQ1175: 45120.952 | AR1175: 45120.952 | AS1175: =AR1175-AQ1175 -> 5.7870369e-05 | BA1175: URS-0418P1 | BB1175: 45125.606 | BC1175: 45125.606 | BD1175: =BC1175-BB1175 -> 3.4722223e-05 | BF1175: URS-0437P2 | BG1175: 45126.989 | BH1175: 45126.989 | BI1175: =BH1175-BG1175 -> 3.4722223e-05 | BP1175: URS-0437P1 | BQ1175: 45128.871 | BR1175: 45128.872 | BS1175: =BR1175-BQ1175 -> 3.4722223e-05 | BV1175: URS-0483P4 | BW1175: 45131.932 | BX1175: 45131.932 | BY1175: =BX1175-BW1175 -> 6.9444439e-05 | CA1175: UR-4551P01_20230714 | CB1175: 45132.608 | CC1175: 45132.608 | CD1175: =CC1175-CB1175 -> 0.00012731482 | CF1175: URS-0437P2 | CG1175: 45133.41 | CH1175: 45133.41 | CI1175: =CH1175-CG1175 -> 3.4722223e-05 | CK1175: URS-4215P4 | CL1175: 45134.45 | CM1175: 45134.45 | CN1175: =CM1175-CL1175 -> 9.2592592e-05 | CP1175: UR-0493P2 | CQ1175: 45135.39 | CR1175: 45135.39 | CS1175: =CR1175-CQ1175 -> 4.6296293e-05
F1176: URS-0505P2 | G1176: 45111.586 | H1176: 45111.586 | I1176: =H1176-G1176 -> 6.9444446e-05 | K1176: URS-0475P1 | L1176: 45112.705 | M1176: 45112.705 | N1176: =M1176-L1176 -> 3.4722223e-05 | P1176: URS-0437P1 | Q1176: 45113.422 | R1176: 45113.422 | S1176: =R1176-Q1176 -> 2.3148146e-05 | U1176: UR-4377P1 | V1176: 45114.46 | W1176: 45114.46 | X1176: =W1176-V1176 -> 5.7870369e-05 | AA1176: UR-0559-01P1 | AB1176: 45117.6 | AC1176: 45117.6 | AD1176: =AC1176-AB1176 -> 0.00026620371 | AF1176: URS-0486P1 | AG1176: 45118.402 | AH1176: 45118.402 | AI1176: =AH1176-AG1176 -> 8.1018523e-05 | AK1176: URS-42511P1 | AL1176: 45119.747 | AM1176: 45119.747 | AN1176: =AM1176-AL1176 -> 4.6296293e-05 | AP1176: URS-4215P1 | AQ1176: 45120.952 | AR1176: 45120.952 | AS1176: =AR1176-AQ1176 -> 5.7870369e-05 | BA1176: URS-0418P1 | BB1176: 45125.606 | BC1176: 45125.606 | BD1176: =BC1176-BB1176 -> 4.62963e-05 | BF1176: URS-0437P2 | BG1176: 45126.988 | BH1176: 45126.989 | BI1176: =BH1176-BG1176 -> 4.62963e-05 | BP1176: URS-0437P1 | BQ1176: 45128.871 | BR1176: 45128.871 | BS1176: =BR1176-BQ1176 -> 2.3148146e-05 | BV1176: URS-0483P4 | BW1176: 45131.932 | BX1176: 45131.932 | BY1176: =BX1176-BW1176 -> 6.9444446e-05 | CA1176: UR-4551P01_20230714 | CB1176: 45132.608 | CC1176: 45132.608 | CD1176: =CC1176-CB1176 -> 0.00012731482 | CF1176: URS-0437P2 | CG1176: 45133.41 | CH1176: 45133.41 | CI1176: =CH1176-CG1176 -> 3.4722223e-05 | CK1176: URS-4215P4 | CL1176: 45134.45 | CM1176: 45134.45 | CN1176: =CM1176-CL1176 -> 8.1018516e-05 | CP1176: UR-0493P2 | CQ1176: 45135.389 | CR1176: 45135.39 | CS1176: =CR1176-CQ1176 -> 5.7870369e-05
F1177: URS-0505P2 | G1177: 45111.586 | H1177: 45111.586 | I1177: =H1177-G1177 -> 6.9444439e-05 | K1177: URS-0475P1 | L1177: 45112.705 | M1177: 45112.705 | N1177: =M1177-L1177 -> 3.4722223e-05 | P1177: URS-0437P1 | Q1177: 45113.421 | R1177: 45113.421 | S1177: =R1177-Q1177 -> 3.4722223e-05 | U1177: UR-4377P1 | V1177: 45114.46 | W1177: 45114.46 | X1177: =W1177-V1177 -> 6.9444446e-05 | AA1177: UR-0559-01P1 | AB1177: 45117.6 | AC1177: 45117.6 | AD1177: =AC1177-AB1177 -> 0.00026620371 | AF1177: URS-0486P1 | AG1177: 45118.401 | AH1177: 45118.402 | AI1177: =AH1177-AG1177 -> 6.9444446e-05 | AK1177: URS-42511P1 | AL1177: 45119.747 | AM1177: 45119.747 | AN1177: =AM1177-AL1177 -> 4.62963e-05 | AP1177: URS-4215P1 | AQ1177: 45120.952 | AR1177: 45120.952 | AS1177: =AR1177-AQ1177 -> 5.7870369e-05 | BA1177: URS-0418P1 | BB1177: 45125.605 | BC1177: 45125.605 | BD1177: =BC1177-BB1177 -> 4.62963e-05 | BF1177: URS-0437P2 | BG1177: 45126.988 | BH1177: 45126.988 | BI1177: =BH1177-BG1177 -> 3.4722216e-05 | BP1177: URS-0437P1 | BQ1177: 45128.871 | BR1177: 45128.871 | BS1177: =BR1177-BQ1177 -> 2.3148146e-05 | BV1177: URS-0483P4 | BW1177: 45131.931 | BX1177: 45131.931 | BY1177: =BX1177-BW1177 -> 6.9444439e-05 | CA1177: UR-4551P01_20230714 | CB1177: 45132.608 | CC1177: 45132.608 | CD1177: =CC1177-CB1177 -> 0.00012731481 | CF1177: URS-0437P2 | CG1177: 45133.41 | CH1177: 45133.41 | CI1177: =CH1177-CG1177 -> 4.62963e-05 | CK1177: URS-4215P4 | CL1177: 45134.45 | CM1177: 45134.45 | CN1177: =CM1177-CL1177 -> 8.1018516e-05 | CP1177: UR-0493P2 | CQ1177: 45135.389 | CR1177: 45135.389 | CS1177: =CR1177-CQ1177 -> 4.6296293e-05
... F1250: UT-0992-01P6_20220909 | G1250: 45111.952 | H1250: 45111.952 | I1250: =H1250-G1250 -> 0.00011574075 | K1250: URS-0539P1 | L1250: 45112.408 | M1250: 45112.408 | N1250: =M1250-L1250 -> 4.6296293e-05 | P1250: URS-0437P1 | Q1250: 45113.409 | R1250: 45113.409 | S1250: =R1250-Q1250 -> 2.3148146e-05 | U1250: URS-0437P1 | V1250: 45114.935 | W1250: 45114.935 | X1250: =W1250-V1250 -> 3.4722223e-05 | AA1250: UR-0559-03P8 | AB1250: 45117.857 | AC1250: 45117.857 | AD1250: =AC1250-AB1250 -> 0.00028935185 | AF1250: UT-1006P1 | AG1250: 45118.441 | AH1250: 45118.441 | AI1250: =AH1250-AG1250 -> 8.1018523e-05 | AK1250: UT-2508P1_20230620 | AL1250: 45119.407 | AM1250: 45119.407 | AN1250: =AM1250-AL1250 -> 4.6296293e-05 | AP1250: URS-4215P4 | AQ1250: 45120.958 | AR1250: 45120.958 | AS1250: =AR1250-AQ1250 -> 9.2592592e-05 | BA1250: URS-0483P4 | BB1250: 45125.958 | BC1250: 45125.958 | BD1250: =BC1250-BB1250 -> 6.9444446e-05 | BF1250: URS-0437P2 | BG1250: 45126.444 | BH1250: 45126.444 | BI1250: =BH1250-BG1250 -> 4.62963e-05 | BP1250: URS-0437P1 | BQ1250: 45128.393 | BR1250: 45128.393 | BS1250: =BR1250-BQ1250 -> 3.4722223e-05 | BV1250: URS-0505P2 | BW1250: 45131.612 | BX1250: 45131.612 | BY1250: =BX1250-BW1250 -> 6.9444446e-05 | CA1250: URS-0437P1 | CB1250: 45132.387 | CC1250: 45132.387 | CD1250: =CC1250-CB1250 -> 2.3148146e-05 | CF1250: URS-0437P2 | CG1250: 45133.398 | CH1250: 45133.398 | CI1250: =CH1250-CG1250 -> 3.4722223e-05 | CK1250: UTS-0816P1 | CL1250: 45135.001 | CM1250: 45135.001 | CN1250: =CM1250-CL1250 -> 4.62963e-05 | CP1250: UR-0509-01P1 | CQ1250: 45135.472 | CR1250: 45135.473 | CS1250: =CR1250-CQ1250 -> 0.00024305556
K1251: URS-0539P1 | L1251: 45112.408 | M1251: 45112.408 | N1251: =M1251-L1251 -> 4.62963e-05 | P1251: URS-0437P1 | Q1251: 45113.409 | R1251: 45113.409 | S1251: =R1251-Q1251 -> 3.4722223e-05 | U1251: URS-0437P1 | V1251: 45114.935 | W1251: 45114.935 | X1251: =W1251-V1251 -> 2.3148146e-05 | AA1251: UR-0559-03P8 | AB1251: 45117.856 | AC1251: 45117.857 | AD1251: =AC1251-AB1251 -> 0.00028935185 | AF1251: UT-1006P1 | AG1251: 45118.441 | AH1251: 45118.441 | AI1251: =AH1251-AG1251 -> 8.1018523e-05 | AK1251: UT-2508P1_20230620 | AL1251: 45119.407 | AM1251: 45119.407 | AN1251: =AM1251-AL1251 -> 4.6296293e-05 | AP1251: URS-4215P4 | AQ1251: 45120.958 | AR1251: 45120.958 | AS1251: =AR1251-AQ1251 -> 8.1018516e-05 | BA1251: URS-0483P4 | BB1251: 45125.958 | BC1251: 45125.958 | BD1251: =BC1251-BB1251 -> 6.9444439e-05 | BF1251: URS-0437P2 | BG1251: 45126.443 | BH1251: 45126.443 | BI1251: =BH1251-BG1251 -> 3.4722223e-05 | BP1251: URS-0437P1 | BQ1251: 45128.393 | BR1251: 45128.393 | BS1251: =BR1251-BQ1251 -> 2.3148154e-05 | BV1251: URS-0505P2 | BW1251: 45131.612 | BX1251: 45131.612 | BY1251: =BX1251-BW1251 -> 5.7870369e-05 | CA1251: URS-0437P1 | CB1251: 45132.387 | CC1251: 45132.387 | CD1251: =CC1251-CB1251 -> 2.3148146e-05 | CF1251: URS-0437P2 | CG1251: 45133.398 | CH1251: 45133.398 | CI1251: =CH1251-CG1251 -> 4.62963e-05 | CK1251: UTS-0816P1 | CL1251: 45135.001 | CM1251: 45135.001 | CN1251: =CM1251-CL1251 -> 5.7870369e-05 | CP1251: UR-0509-01P1 | CQ1251: 45135.472 | CR1251: 45135.472 | CS1251: =CR1251-CQ1251 -> 0.00024305555
K1252: URS-0539P1 | L1252: 45112.408 | M1252: 45112.408 | N1252: =M1252-L1252 -> 4.62963e-05 | P1252: URS-0437P1 | Q1252: 45113.409 | R1252: 45113.409 | S1252: =R1252-Q1252 -> 3.4722223e-05 | U1252: URS-0437P1 | V1252: 45114.935 | W1252: 45114.935 | X1252: =W1252-V1252 -> 3.4722223e-05 | AA1252: UR-0559-03P8 | AB1252: 45117.856 | AC1252: 45117.856 | AD1252: =AC1252-AB1252 -> 0.00028935185 | AF1252: UT-1006P1 | AG1252: 45118.441 | AH1252: 45118.441 | AI1252: =AH1252-AG1252 -> 8.1018523e-05 | AK1252: UT-2508P1_20230620 | AL1252: 45119.407 | AM1252: 45119.407 | AN1252: =AM1252-AL1252 -> 4.62963e-05 | AP1252: URS-4215P4 | AQ1252: 45120.957 | AR1252: 45120.958 | AS1252: =AR1252-AQ1252 -> 8.1018516e-05 | BA1252: URS-0483P4 | BB1252: 45125.958 | BC1252: 45125.958 | BD1252: =BC1252-BB1252 -> 6.9444446e-05 | BF1252: URS-0437P2 | BG1252: 45126.443 | BH1252: 45126.443 | BI1252: =BH1252-BG1252 -> 3.4722223e-05 | BP1252: URS-0437P1 | BQ1252: 45128.393 | BR1252: 45128.393 | BS1252: =BR1252-BQ1252 -> 3.4722223e-05 | BV1252: URS-0505P2 | BW1252: 45131.612 | BX1252: 45131.612 | BY1252: =BX1252-BW1252 -> 5.7870369e-05 | CA1252: URS-0437P1 | CB1252: 45132.387 | CC1252: 45132.387 | CD1252: =CC1252-CB1252 -> 3.4722223e-05 | CF1252: URS-0437P2 | CG1252: 45133.398 | CH1252: 45133.398 | CI1252: =CH1252-CG1252 -> 4.6296293e-05 | CK1252: UTS-0816P1 | CL1252: 45135.001 | CM1252: 45135.001 | CN1252: =CM1252-CL1252 -> 4.62963e-05 | CP1252: UR-0509-01P1 | CQ1252: 45135.472 | CR1252: 45135.472 | CS1252: =CR1252-CQ1252 -> 0.00024305555
K1253: URS-0539P1 | L1253: 45112.408 | M1253: 45112.408 | N1253: =M1253-L1253 -> 4.62963e-05 | P1253: URS-0437P1 | Q1253: 45113.409 | R1253: 45113.409 | S1253: =R1253-Q1253 -> 3.4722223e-05 | U1253: URS-0437P1 | V1253: 45114.935 | W1253: 45114.935 | X1253: =W1253-V1253 -> 3.4722223e-05 | AA1253: UR-0559-03P8 | AB1253: 45117.856 | AC1253: 45117.856 | AD1253: =AC1253-AB1253 -> 0.00028935185 | AF1253: UT-1006P1 | AG1253: 45118.441 | AH1253: 45118.441 | AI1253: =AH1253-AG1253 -> 8.1018523e-05 | AK1253: UT-2508P1_20230620 | AL1253: 45119.407 | AM1253: 45119.407 | AN1253: =AM1253-AL1253 -> 4.62963e-05 | AP1253: URS-4215P4 | AQ1253: 45120.957 | AR1253: 45120.957 | AS1253: =AR1253-AQ1253 -> 8.1018516e-05 | BA1253: URS-0483P4 | BB1253: 45125.958 | BC1253: 45125.958 | BD1253: =BC1253-BB1253 -> 6.9444439e-05 | BF1253: URS-0437P2 | BG1253: 45126.443 | BH1253: 45126.443 | BI1253: =BH1253-BG1253 -> 3.4722223e-05 | BP1253: URS-0437P1 | BQ1253: 45128.393 | BR1253: 45128.393 | BS1253: =BR1253-BQ1253 -> 3.4722223e-05 | BV1253: URS-0505P2 | BW1253: 45131.612 | BX1253: 45131.612 | BY1253: =BX1253-BW1253 -> 5.7870369e-05 | CA1253: URS-0437P1 | CB1253: 45132.387 | CC1253: 45132.387 | CD1253: =CC1253-CB1253 -> 3.4722223e-05 | CF1253: URS-0437P2 | CG1253: 45133.398 | CH1253: 45133.398 | CI1253: =CH1253-CG1253 -> 4.6296293e-05 | CK1253: UTS-0816P1 | CL1253: 45135.001 | CM1253: 45135.001 | CN1253: =CM1253-CL1253 -> 4.62963e-05 | CP1253: UR-0509-01P1 | CQ1253: 45135.471 | CR1253: 45135.472 | CS1253: =CR1253-CQ1253 -> 0.00025462962
K1254: URS-0539P1 | L1254: 45112.408 | M1254: 45112.408 | N1254: =M1254-L1254 -> 4.6296293e-05 | P1254: URS-0437P1 | Q1254: 45113.409 | R1254: 45113.409 | S1254: =R1254-Q1254 -> 2.3148154e-05 | U1254: URS-0437P1 | V1254: 45114.935 | W1254: 45114.935 | X1254: =W1254-V1254 -> 3.4722223e-05 | AA1254: UR-0559-03P8 | AB1254: 45117.855 | AC1254: 45117.856 | AD1254: =AC1254-AB1254 -> 0.00028935185 | AF1254: UT-1006P1 | AG1254: 45118.44 | AH1254: 45118.44 | AI1254: =AH1254-AG1254 -> 8.1018523e-05 | AK1254: UT-2508P1_20230620 | AL1254: 45119.407 | AM1254: 45119.407 | AN1254: =AM1254-AL1254 -> 4.6296293e-05 | AP1254: URS-4215P4 | AQ1254: 45120.957 | AR1254: 45120.957 | AS1254: =AR1254-AQ1254 -> 8.1018516e-05 | BA1254: URS-0483P4 | BB1254: 45125.957 | BC1254: 45125.957 | BD1254: =BC1254-BB1254 -> 6.9444446e-05 | BF1254: URS-0437P2 | BG1254: 45126.443 | BH1254: 45126.443 | BI1254: =BH1254-BG1254 -> 4.62963e-05 | BP1254: URS-0437P1 | BQ1254: 45128.392 | BR1254: 45128.392 | BS1254: =BR1254-BQ1254 -> 2.3148146e-05 | BV1254: URS-0505P2 | BW1254: 45131.611 | BX1254: 45131.612 | BY1254: =BX1254-BW1254 -> 5.7870369e-05 | CA1254: URS-0437P1 | CB1254: 45132.387 | CC1254: 45132.387 | CD1254: =CC1254-CB1254 -> 2.3148146e-05 | CF1254: URS-0437P2 | CG1254: 45133.398 | CH1254: 45133.398 | CI1254: =CH1254-CG1254 -> 3.4722223e-05 | CK1254: UTS-0816P1 | CL1254: 45135.001 | CM1254: 45135.001 | CN1254: =CM1254-CL1254 -> 5.7870377e-05 | CP1254: UR-0509-01P1 | CQ1254: 45135.471 | CR1254: 45135.471 | CS1254: =CR1254-CQ1254 -> 0.00024305555
K1255: URS-0539P1 | L1255: 45112.408 | M1255: 45112.408 | N1255: =M1255-L1255 -> 4.62963e-05 | P1255: URS-0437P1 | Q1255: 45113.409 | R1255: 45113.409 | S1255: =R1255-Q1255 -> 2.3148146e-05 | U1255: URS-0437P1 | V1255: 45114.935 | W1255: 45114.935 | X1255: =W1255-V1255 -> 2.3148146e-05 | AA1255: UR-0559-03P8 | AB1255: 45117.855 | AC1255: 45117.855 | AD1255: =AC1255-AB1255 -> 0.00028935185 | AF1255: UT-1006P1 | AG1255: 45118.44 | AH1255: 45118.44 | AI1255: =AH1255-AG1255 -> 8.1018523e-05 | AK1255: UT-2508P1_20230620 | AL1255: 45119.406 | AM1255: 45119.407 | AN1255: =AM1255-AL1255 -> 4.62963e-05 | AP1255: URS-4215P4 | AQ1255: 45120.957 | AR1255: 45120.957 | AS1255: =AR1255-AQ1255 -> 8.1018523e-05 | BA1255: URS-0483P4 | BB1255: 45125.957 | BC1255: 45125.957 | BD1255: =BC1255-BB1255 -> 6.9444439e-05 | BF1255: URS-0437P2 | BG1255: 45126.443 | BH1255: 45126.443 | BI1255: =BH1255-BG1255 -> 4.6296293e-05 | BP1255: URS-0437P1 | BQ1255: 45128.392 | BR1255: 45128.392 | BS1255: =BR1255-BQ1255 -> 3.4722223e-05 | BV1255: URS-0505P2 | BW1255: 45131.611 | BX1255: 45131.611 | BY1255: =BX1255-BW1255 -> 5.7870369e-05 | CA1255: URS-0437P1 | CB1255: 45132.386 | CC1255: 45132.387 | CD1255: =CC1255-CB1255 -> 3.4722223e-05 | CF1255: URS-0437P2 | CG1255: 45133.397 | CH1255: 45133.397 | CI1255: =CH1255-CG1255 -> 3.4722223e-05 | CK1255: UTS-0816P1 | CL1255: 45135.001 | CM1255: 45135.001 | CN1255: =CM1255-CL1255 -> 5.7870369e-05 | CP1255: UR-0509-01P1 | CQ1255: 45135.471 | CR1255: 45135.471 | CS1255: =CR1255-CQ1255 -> 0.00024305555
K1256: UT-0981P1 | L1256: 45112.908 | M1256: 45112.908 | N1256: =M1256-L1256 -> 6.9444446e-05 | P1256: URS-0437P1 | Q1256: 45113.408 | R1256: 45113.408 | S1256: =R1256-Q1256 -> 3.4722223e-05 | U1256: URS-0437P1 | V1256: 45114.935 | W1256: 45114.935 | X1256: =W1256-V1256 -> 3.4722223e-05 | AA1256: UR-0559-03P8 | AB1256: 45117.855 | AC1256: 45117.855 | AD1256: =AC1256-AB1256 -> 0.00028935185 | AF1256: UT-1006P1 | AG1256: 45118.44 | AH1256: 45118.44 | AI1256: =AH1256-AG1256 -> 8.1018516e-05 | AK1256: UT-2508P1_20230620 | AL1256: 45119.406 | AM1256: 45119.406 | AN1256: =AM1256-AL1256 -> 4.62963e-05 | AP1256: URS-4215P4 | AQ1256: 45120.957 | AR1256: 45120.957 | AS1256: =AR1256-AQ1256 -> 8.1018523e-05 | BA1256: URS-0483P4 | BB1256: 45125.957 | BC1256: 45125.957 | BD1256: =BC1256-BB1256 -> 6.9444446e-05 | BF1256: URS-0437P2 | BG1256: 45126.443 | BH1256: 45126.443 | BI1256: =BH1256-BG1256 -> 3.4722223e-05 | BP1256: URS-0437P1 | BQ1256: 45128.392 | BR1256: 45128.392 | BS1256: =BR1256-BQ1256 -> 3.4722223e-05 | BV1256: URS-0505P2 | BW1256: 45131.611 | BX1256: 45131.611 | BY1256: =BX1256-BW1256 -> 6.9444446e-05 | CA1256: URS-0437P1 | CB1256: 45132.386 | CC1256: 45132.386 | CD1256: =CC1256-CB1256 -> 2.3148146e-05 | CF1256: URS-0437P2 | CG1256: 45133.397 | CH1256: 45133.397 | CI1256: =CH1256-CG1256 -> 4.6296293e-05 | CK1256: UTS-0816P1 | CL1256: 45135.001 | CM1256: 45135.001 | CN1256: =CM1256-CL1256 -> 4.62963e-05 | CP1256: UR-0509-01P1 | CQ1256: 45135.47 | CR1256: 45135.471 | CS1256: =CR1256-CQ1256 -> 0.00025462963
K1257: UT-0981P1 | L1257: 45112.908 | M1257: 45112.908 | N1257: =M1257-L1257 -> 6.9444439e-05 | P1257: URS-0437P1 | Q1257: 45113.408 | R1257: 45113.408 | S1257: =R1257-Q1257 -> 3.4722223e-05 | U1257: URS-0437P1 | V1257: 45114.934 | W1257: 45114.934 | X1257: =W1257-V1257 -> 3.4722223e-05 | AA1257: UR-0559-03P8 | AB1257: 45117.854 | AC1257: 45117.854 | AD1257: =AC1257-AB1257 -> 0.00028935185 | AF1257: UT-1006P1 | AG1257: 45118.44 | AH1257: 45118.44 | AI1257: =AH1257-AG1257 -> 8.1018516e-05 | AK1257: UT-2508P1_20230620 | AL1257: 45119.406 | AM1257: 45119.406 | AN1257: =AM1257-AL1257 -> 4.62963e-05 | AP1257: URS-4215P4 | AQ1257: 45120.957 | AR1257: 45120.957 | AS1257: =AR1257-AQ1257 -> 8.1018523e-05 | BA1257: URS-0483P4 | BB1257: 45125.957 | BC1257: 45125.957 | BD1257: =BC1257-BB1257 -> 6.9444446e-05 | BF1257: URS-0437P2 | BG1257: 45126.442 | BH1257: 45126.442 | BI1257: =BH1257-BG1257 -> 4.6296293e-05 | BP1257: URS-0437P1 | BQ1257: 45128.392 | BR1257: 45128.392 | BS1257: =BR1257-BQ1257 -> 3.4722223e-05 | BV1257: URS-0505P2 | BW1257: 45131.611 | BX1257: 45131.611 | BY1257: =BX1257-BW1257 -> 6.9444439e-05 | CA1257: URS-0437P1 | CB1257: 45132.386 | CC1257: 45132.386 | CD1257: =CC1257-CB1257 -> 2.3148146e-05 | CF1257: URS-0437P2 | CG1257: 45133.397 | CH1257: 45133.397 | CI1257: =CH1257-CG1257 -> 4.6296293e-05 | CK1257: UTS-0816P1 | CL1257: 45135 | CM1257: 45135.001 | CN1257: =CM1257-CL1257 -> 4.62963e-05 | CP1257: UR-0509-01P1 | CQ1257: 45135.47 | CR1257: 45135.47 | CS1257: =CR1257-CQ1257 -> 0.00025462963
K1258: UT-0981P1 | L1258: 45112.908 | M1258: 45112.908 | N1258: =M1258-L1258 -> 6.9444446e-05 | P1258: URS-0437P1 | Q1258: 45113.408 | R1258: 45113.408 | S1258: =R1258-Q1258 -> 2.3148146e-05 | U1258: URS-0437P1 | V1258: 45114.934 | W1258: 45114.934 | X1258: =W1258-V1258 -> 2.3148146e-05 | AA1258: UR-0559-03P8 | AB1258: 45117.854 | AC1258: 45117.854 | AD1258: =AC1258-AB1258 -> 0.00028935185 | AF1258: UT-2508P6_20230620 | AG1258: 45118.784 | AH1258: 45118.784 | AI1258: =AH1258-AG1258 -> 2.3148146e-05 | AK1258: UT-2508P1_20230620 | AL1258: 45119.406 | AM1258: 45119.406 | AN1258: =AM1258-AL1258 -> 4.62963e-05 | AP1258: URS-4215P4 | AQ1258: 45120.956 | AR1258: 45120.957 | AS1258: =AR1258-AQ1258 -> 8.1018516e-05 | BA1258: URS-0483P4 | BB1258: 45125.957 | BC1258: 45125.957 | BD1258: =BC1258-BB1258 -> 6.9444446e-05 | BF1258: URS-0437P2 | BG1258: 45126.442 | BH1258: 45126.442 | BI1258: =BH1258-BG1258 -> 4.62963e-05 | BP1258: URS-0437P1 | BQ1258: 45128.392 | BR1258: 45128.392 | BS1258: =BR1258-BQ1258 -> 2.3148154e-05 | BV1258: URS-42144-02P1_20230523 | BW1258: 45131.629 | BX1258: 45131.629 | BY1258: =BX1258-BW1258 -> 0.00011574074 | CA1258: URS-0437P1 | CB1258: 45132.386 | CC1258: 45132.386 | CD1258: =CC1258-CB1258 -> 3.4722216e-05 | CF1258: URS-0437P2 | CG1258: 45133.397 | CH1258: 45133.397 | CI1258: =CH1258-CG1258 -> 4.62963e-05 | CK1258: UTS-0816P1 | CL1258: 45135 | CM1258: 45135 | CN1258: =CM1258-CL1258 -> 4.62963e-05 | CP1258: UR-0509-01P1 | CQ1258: 45135.47 | CR1258: 45135.47 | CS1258: =CR1258-CQ1258 -> 0.00024305555
K1259: UT-0981P1 | L1259: 45112.907 | M1259: 45112.907 | N1259: =M1259-L1259 -> 6.9444446e-05 | P1259: URS-0437P1 | Q1259: 45113.408 | R1259: 45113.408 | S1259: =R1259-Q1259 -> 2.3148146e-05 | U1259: URS-0437P1 | V1259: 45114.934 | W1259: 45114.934 | X1259: =W1259-V1259 -> 3.4722223e-05 | AA1259: UR-0559-03P8 | AB1259: 45117.853 | AC1259: 45117.854 | AD1259: =AC1259-AB1259 -> 0.00028935185 | AF1259: UT-2508P6_20230620 | AG1259: 45118.784 | AH1259: 45118.784 | AI1259: =AH1259-AG1259 -> 2.3148154e-05 | AK1259: UT-2508P1_20230620 | AL1259: 45119.406 | AM1259: 45119.406 | AN1259: =AM1259-AL1259 -> 4.62963e-05 | AP1259: URS-4215P4 | AQ1259: 45120.956 | AR1259: 45120.956 | AS1259: =AR1259-AQ1259 -> 8.1018523e-05 | BA1259: URS-0483P4 | BB1259: 45125.957 | BC1259: 45125.957 | BD1259: =BC1259-BB1259 -> 6.9444439e-05 | BF1259: URS-0437P2 | BG1259: 45126.442 | BH1259: 45126.442 | BI1259: =BH1259-BG1259 -> 4.62963e-05 | BP1259: URS-0437P1 | BQ1259: 45128.392 | BR1259: 45128.392 | BS1259: =BR1259-BQ1259 -> 3.4722223e-05 | BV1259: URS-42144-02P1_20230523 | BW1259: 45131.629 | BX1259: 45131.629 | BY1259: =BX1259-BW1259 -> 0.00011574074 | CA1259: URS-0437P1 | CB1259: 45132.386 | CC1259: 45132.386 | CD1259: =CC1259-CB1259 -> 3.4722223e-05 | CF1259: URS-0437P2 | CG1259: 45133.397 | CH1259: 45133.397 | CI1259: =CH1259-CG1259 -> 4.62963e-05 | CK1259: UTS-0816P4 | CL1259: 45134.941 | CM1259: 45134.941 | CN1259: =CM1259-CL1259 -> 0.00011574075 | CP1259: UR-0509-01P1 | CQ1259: 45135.469 | CR1259: 45135.47 | CS1259: =CR1259-CQ1259 -> 0.00024305555
K1260: UT-0981P1 | L1260: 45112.907 | M1260: 45112.907 | N1260: =M1260-L1260 -> 6.9444446e-05 | P1260: URS-0437P1 | Q1260: 45113.408 | R1260: 45113.408 | S1260: =R1260-Q1260 -> 3.4722223e-05 | U1260: URS-0437P1 | V1260: 45114.934 | W1260: 45114.934 | X1260: =W1260-V1260 -> 3.4722223e-05 | AA1260: UR-0559-03P8 | AB1260: 45117.853 | AC1260: 45117.853 | AD1260: =AC1260-AB1260 -> 0.00028935185 | AF1260: UT-2508P6_20230620 | AG1260: 45118.784 | AH1260: 45118.784 | AI1260: =AH1260-AG1260 -> 2.3148154e-05 | AK1260: UT-2508P1_20230620 | AL1260: 45119.406 | AM1260: 45119.406 | AN1260: =AM1260-AL1260 -> 4.62963e-05 | AP1260: URS-4215P4 | AQ1260: 45120.956 | AR1260: 45120.956 | AS1260: =AR1260-AQ1260 -> 8.1018516e-05 | BA1260: URS-0483P4 | BB1260: 45125.957 | BC1260: 45125.957 | BD1260: =BC1260-BB1260 -> 6.9444439e-05 | BF1260: URS-0437P2 | BG1260: 45126.442 | BH1260: 45126.442 | BI1260: =BH1260-BG1260 -> 3.4722223e-05 | BP1260: URS-0437P1 | BQ1260: 45128.392 | BR1260: 45128.392 | BS1260: =BR1260-BQ1260 -> 3.4722223e-05 | BV1260: URS-42144-02P1_20230523 | BW1260: 45131.628 | BX1260: 45131.628 | BY1260: =BX1260-BW1260 -> 0.00011574074 | CA1260: URS-0437P1 | CB1260: 45132.386 | CC1260: 45132.386 | CD1260: =CC1260-CB1260 -> 2.3148154e-05 | CF1260: URS-0437P2 | CG1260: 45133.397 | CH1260: 45133.397 | CI1260: =CH1260-CG1260 -> 4.62963e-05 | CK1260: UTS-0816P4 | CL1260: 45134.941 | CM1260: 45134.941 | CN1260: =CM1260-CL1260 -> 0.00011574074 | CP1260: UR-0509-01P1 | CQ1260: 45135.469 | CR1260: 45135.469 | CS1260: =CR1260-CQ1260 -> 0.00025462963
K1261: UT-0981P1 | L1261: 45112.907 | M1261: 45112.907 | N1261: =M1261-L1261 -> 6.9444439e-05 | P1261: URS-0437P1 | Q1261: 45113.408 | R1261: 45113.408 | S1261: =R1261-Q1261 -> 3.4722223e-05 | U1261: URS-0437P1 | V1261: 45114.934 | W1261: 45114.934 | X1261: =W1261-V1261 -> 2.3148146e-05 | AA1261: UR-0559-03P8 | AB1261: 45117.853 | AC1261: 45117.853 | AD1261: =AC1261-AB1261 -> 0.00028935185 | AF1261: UT-2508P6_20230620 | AG1261: 45118.784 | AH1261: 45118.784 | AI1261: =AH1261-AG1261 -> 2.3148154e-05 | AK1261: UT-2508P1_20230620 | AL1261: 45119.405 | AM1261: 45119.405 | AN1261: =AM1261-AL1261 -> 4.62963e-05 | AP1261: URS-4215P4 | AQ1261: 45120.956 | AR1261: 45120.956 | AS1261: =AR1261-AQ1261 -> 9.2592592e-05 | BA1261: URS-0483P4 | BB1261: 45125.956 | BC1261: 45125.956 | BD1261: =BC1261-BB1261 -> 6.9444446e-05 | BF1261: URS-0437P2 | BG1261: 45126.442 | BH1261: 45126.442 | BI1261: =BH1261-BG1261 -> 3.4722223e-05 | BP1261: URS-0437P1 | BQ1261: 45128.391 | BR1261: 45128.391 | BS1261: =BR1261-BQ1261 -> 2.3148146e-05 | BV1261: URS-42144-02P1_20230523 | BW1261: 45131.628 | BX1261: 45131.628 | BY1261: =BX1261-BW1261 -> 0.00012731482 | CA1261: URS-0437P1 | CB1261: 45132.386 | CC1261: 45132.386 | CD1261: =CC1261-CB1261 -> 2.3148146e-05 | CF1261: URS-0437P2 | CG1261: 45133.396 | CH1261: 45133.397 | CI1261: =CH1261-CG1261 -> 3.4722223e-05 | CK1261: UTS-0816P4 | CL1261: 45134.941 | CM1261: 45134.941 | CN1261: =CM1261-CL1261 -> 0.00011574074 | CP1261: UR-0509-01P1 | CQ1261: 45135.469 | CR1261: 45135.469 | CS1261: =CR1261-CQ1261 -> 0.00024305556
K1262: UT-0981P1 | L1262: 45112.907 | M1262: 45112.907 | N1262: =M1262-L1262 -> 6.9444439e-05 | P1262: URS-0437P1 | Q1262: 45113.408 | R1262: 45113.408 | S1262: =R1262-Q1262 -> 3.4722223e-05 | U1262: URS-0437P1 | V1262: 45114.934 | W1262: 45114.934 | X1262: =W1262-V1262 -> 2.3148146e-05 | AA1262: UR-0559-03P8 | AB1262: 45117.852 | AC1262: 45117.853 | AD1262: =AC1262-AB1262 -> 0.00028935185 | AF1262: UT-2508P6_20230620 | AG1262: 45118.783 | AH1262: 45118.783 | AI1262: =AH1262-AG1262 -> 2.3148154e-05 | AK1262: UT-2508P1_20230620 | AL1262: 45119.405 | AM1262: 45119.405 | AN1262: =AM1262-AL1262 -> 4.62963e-05 | AP1262: URS-4215P4 | AQ1262: 45120.956 | AR1262: 45120.956 | AS1262: =AR1262-AQ1262 -> 8.1018516e-05 | BA1262: URS-0483P4 | BB1262: 45125.956 | BC1262: 45125.956 | BD1262: =BC1262-BB1262 -> 6.9444446e-05 | BF1262: URS-0437P2 | BG1262: 45126.442 | BH1262: 45126.442 | BI1262: =BH1262-BG1262 -> 3.4722223e-05 | BP1262: URS-0437P1 | BQ1262: 45128.391 | BR1262: 45128.391 | BS1262: =BR1262-BQ1262 -> 3.4722223e-05 | BV1262: URS-42144-02P1_20230523 | BW1262: 45131.628 | BX1262: 45131.628 | BY1262: =BX1262-BW1262 -> 0.00011574074 | CA1262: URS-0437P1 | CB1262: 45132.381 | CC1262: 45132.381 | CD1262: =CC1262-CB1262 -> 2.3148146e-05 | CF1262: URS-0437P2 | CG1262: 45133.396 | CH1262: 45133.396 | CI1262: =CH1262-CG1262 -> 4.62963e-05 | CK1262: UTS-0816P4 | CL1262: 45134.941 | CM1262: 45134.941 | CN1262: =CM1262-CL1262 -> 0.00011574075 | CP1262: UR-0509-01P1 | CQ1262: 45134.485 | CR1262: 45134.486 | CS1262: =CR1262-CQ1262 -> 0.00024305555
... K1283: UT-0981P1 | L1283: 45112.903 | M1283: 45112.903 | N1283: =M1283-L1283 -> 8.1018516e-05 | P1283: URS-0437P2 | Q1283: 45113.805 | R1283: 45113.805 | S1283: =R1283-Q1283 -> 4.6296293e-05 | U1283: URS-0437P1 | V1283: 45114.93 | W1283: 45114.93 | X1283: =W1283-V1283 -> 3.4722223e-05 | AA1283: UR-0589P1_20230629 | AB1283: 45117.616 | AC1283: 45117.616 | AD1283: =AC1283-AB1283 -> 6.9444446e-05 | AF1283: UT-2537P8_20221102 | AG1283: 45118.679 | AH1283: 45118.679 | AI1283: =AH1283-AG1283 -> 0.00018518518 | AK1283: UTS-08031P6 | AL1283: 45119.764 | AM1283: 45119.764 | AN1283: =AM1283-AL1283 -> 0.00017361112 | AP1283: URS-42881P1 | AQ1283: 45120.907 | AR1283: 45120.907 | AS1283: =AR1283-AQ1283 -> 6.9444446e-05 | BA1283: URS-0483P4 | BB1283: 45125.953 | BC1283: 45125.953 | BD1283: =BC1283-BB1283 -> 6.9444446e-05 | BF1283: URS-0437P2 | BG1283: 45126.438 | BH1283: 45126.438 | BI1283: =BH1283-BG1283 -> 3.4722223e-05 | BP1283: URS-0437P1 | BQ1283: 45128.388 | BR1283: 45128.388 | BS1283: =BR1283-BQ1283 -> 3.4722223e-05 | BV1283: URS-42144-02P1_20230523 | BW1283: 45131.624 | BX1283: 45131.624 | BY1283: =BX1283-BW1283 -> 0.00011574075 | CA1283: URS-0437P1 | CB1283: 45132.378 | CC1283: 45132.378 | CD1283: =CC1283-CB1283 -> 2.3148146e-05 | CF1283: URS-0483P4 | CG1283: 45133.87 | CH1283: 45133.87 | CI1283: =CH1283-CG1283 -> 6.9444446e-05 | CK1283: UTS-0816P4 | CL1283: 45134.937 | CM1283: 45134.937 | CN1283: =CM1283-CL1283 -> 0.00011574074 | CP1283: UR-0509-01P1 | CQ1283: 45134.479 | CR1283: 45134.479 | CS1283: =CR1283-CQ1283 -> 0.00024305555
K1284: UT-0981P1 | L1284: 45112.903 | M1284: 45112.903 | N1284: =M1284-L1284 -> 6.9444446e-05 | P1284: URS-0437P2 | Q1284: 45113.805 | R1284: 45113.805 | S1284: =R1284-Q1284 -> 3.4722223e-05 | U1284: URS-0437P1 | V1284: 45114.93 | W1284: 45114.93 | X1284: =W1284-V1284 -> 3.4722223e-05 | AA1284: UR-0589P1_20230629 | AB1284: 45117.615 | AC1284: 45117.615 | AD1284: =AC1284-AB1284 -> 5.7870369e-05 | AK1284: UTS-08031P6 | AL1284: 45119.764 | AM1284: 45119.764 | AN1284: =AM1284-AL1284 -> 0.00017361112 | AP1284: URS-42881P1 | AQ1284: 45120.907 | AR1284: 45120.907 | AS1284: =AR1284-AQ1284 -> 6.9444446e-05 | BA1284: URS-0483P4 | BB1284: 45125.953 | BC1284: 45125.953 | BD1284: =BC1284-BB1284 -> 6.9444446e-05 | BF1284: URS-0437P2 | BG1284: 45126.438 | BH1284: 45126.438 | BI1284: =BH1284-BG1284 -> 3.4722223e-05 | BP1284: URS-0437P1 | BQ1284: 45128.388 | BR1284: 45128.388 | BS1284: =BR1284-BQ1284 -> 3.4722216e-05 | BV1284: URS-42144-02P1_20230523 | BW1284: 45131.624 | BX1284: 45131.624 | BY1284: =BX1284-BW1284 -> 0.00011574074 | CA1284: URS-0437P1 | CB1284: 45132.378 | CC1284: 45132.378 | CD1284: =CC1284-CB1284 -> 2.3148154e-05 | CF1284: URS-0483P4 | CG1284: 45133.869 | CH1284: 45133.87 | CI1284: =CH1284-CG1284 -> 6.9444446e-05 | CK1284: UTS-0816P4 | CL1284: 45134.936 | CM1284: 45134.937 | CN1284: =CM1284-CL1284 -> 0.00011574074 | CP1284: UR-0509-01P1 | CQ1284: 45134.478 | CR1284: 45134.479 | CS1284: =CR1284-CQ1284 -> 0.00024305555
K1285: UT-0981P1 | L1285: 45112.902 | M1285: 45112.903 | N1285: =M1285-L1285 -> 6.9444446e-05 | P1285: URS-0437P2 | Q1285: 45113.805 | R1285: 45113.805 | S1285: =R1285-Q1285 -> 3.4722223e-05 | U1285: URS-0437P1 | V1285: 45114.93 | W1285: 45114.93 | X1285: =W1285-V1285 -> 3.4722223e-05 | AA1285: UR-0589P1_20230629 | AB1285: 45117.615 | AC1285: 45117.615 | AD1285: =AC1285-AB1285 -> 6.9444439e-05 | AK1285: UTS-08031P6 | AL1285: 45119.764 | AM1285: 45119.764 | AN1285: =AM1285-AL1285 -> 0.00018518518 | AP1285: URS-42881P1 | AQ1285: 45120.907 | AR1285: 45120.907 | AS1285: =AR1285-AQ1285 -> 6.9444446e-05 | BA1285: URS-0483P4 | BB1285: 45125.953 | BC1285: 45125.953 | BD1285: =BC1285-BB1285 -> 6.9444446e-05 | BF1285: URS-0437P2 | BG1285: 45126.438 | BH1285: 45126.438 | BI1285: =BH1285-BG1285 -> 4.62963e-05 | BP1285: URS-0437P1 | BQ1285: 45128.388 | BR1285: 45128.388 | BS1285: =BR1285-BQ1285 -> 2.3148146e-05 | BV1285: URS-42144-02P1_20230523 | BW1285: 45131.623 | BX1285: 45131.624 | BY1285: =BX1285-BW1285 -> 0.00012731482 | CA1285: URS-0437P1 | CB1285: 45132.378 | CC1285: 45132.378 | CD1285: =CC1285-CB1285 -> 3.4722223e-05 | CF1285: URS-0483P4 | CG1285: 45133.869 | CH1285: 45133.869 | CI1285: =CH1285-CG1285 -> 6.9444446e-05 | CK1285: UTS-0816P4 | CL1285: 45134.936 | CM1285: 45134.936 | CN1285: =CM1285-CL1285 -> 0.00011574075 | CP1285: UR-0509-01P1 | CQ1285: 45134.478 | CR1285: 45134.478 | CS1285: =CR1285-CQ1285 -> 0.00024305556
K1286: UT-0981P1 | L1286: 45112.902 | M1286: 45112.902 | N1286: =M1286-L1286 -> 6.9444446e-05 | P1286: URS-0437P2 | Q1286: 45113.805 | R1286: 45113.805 | S1286: =R1286-Q1286 -> 3.4722223e-05 | U1286: URS-0437P1 | V1286: 45114.93 | W1286: 45114.93 | X1286: =W1286-V1286 -> 3.4722223e-05 | AA1286: UR-0589P1_20230629 | AB1286: 45117.615 | AC1286: 45117.615 | AD1286: =AC1286-AB1286 -> 5.7870369e-05 | AK1286: UTS-08031P6 | AL1286: 45119.763 | AM1286: 45119.764 | AN1286: =AM1286-AL1286 -> 0.00018518518 | AP1286: URS-42881P1 | AQ1286: 45120.906 | AR1286: 45120.906 | AS1286: =AR1286-AQ1286 -> 8.1018523e-05 | BA1286: URS-0483P4 | BB1286: 45125.953 | BC1286: 45125.953 | BD1286: =BC1286-BB1286 -> 6.9444439e-05 | BF1286: URS-0437P2 | BG1286: 45126.438 | BH1286: 45126.438 | BI1286: =BH1286-BG1286 -> 4.62963e-05 | BP1286: URS-0437P1 | BQ1286: 45128.388 | BR1286: 45128.388 | BS1286: =BR1286-BQ1286 -> 3.4722223e-05 | BV1286: URS-42144-02P1_20230523 | BW1286: 45131.623 | BX1286: 45131.623 | BY1286: =BX1286-BW1286 -> 0.00011574075 | CA1286: URS-0437P1 | CB1286: 45132.378 | CC1286: 45132.378 | CD1286: =CC1286-CB1286 -> 3.4722223e-05 | CF1286: URS-0483P4 | CG1286: 45133.869 | CH1286: 45133.869 | CI1286: =CH1286-CG1286 -> 6.9444446e-05 | CK1286: UTS-0816P4 | CL1286: 45134.936 | CM1286: 45134.936 | CN1286: =CM1286-CL1286 -> 0.00011574074 | CP1286: UR-0509-01P1 | CQ1286: 45134.478 | CR1286: 45134.478 | CS1286: =CR1286-CQ1286 -> 0.00024305555
K1287: UT-0981P1 | L1287: 45112.902 | M1287: 45112.902 | N1287: =M1287-L1287 -> 6.9444446e-05 | P1287: URS-0437P2 | Q1287: 45113.804 | R1287: 45113.804 | S1287: =R1287-Q1287 -> 3.4722223e-05 | U1287: URS-0437P1 | V1287: 45114.93 | W1287: 45114.93 | X1287: =W1287-V1287 -> 3.4722223e-05 | AA1287: UR-0589P1_20230629 | AB1287: 45117.615 | AC1287: 45117.615 | AD1287: =AC1287-AB1287 -> 6.9444446e-05 | AK1287: UTS-08031P6 | AL1287: 45119.763 | AM1287: 45119.763 | AN1287: =AM1287-AL1287 -> 0.00017361112 | AP1287: URS-42881P1 | AQ1287: 45120.906 | AR1287: 45120.906 | AS1287: =AR1287-AQ1287 -> 8.1018516e-05 | BA1287: URS-0483P4 | BB1287: 45125.952 | BC1287: 45125.953 | BD1287: =BC1287-BB1287 -> 6.9444446e-05 | BF1287: URS-0437P2 | BG1287: 45126.438 | BH1287: 45126.438 | BI1287: =BH1287-BG1287 -> 3.4722223e-05 | BP1287: URS-0437P1 | BQ1287: 45128.387 | BR1287: 45128.387 | BS1287: =BR1287-BQ1287 -> 3.4722223e-05 | BV1287: URS-42144-02P1_20230523 | BW1287: 45131.623 | BX1287: 45131.623 | BY1287: =BX1287-BW1287 -> 0.00012731482 | CA1287: URS-0437P1 | CB1287: 45132.378 | CC1287: 45132.378 | CD1287: =CC1287-CB1287 -> 2.3148146e-05 | CF1287: URS-0483P4 | CG1287: 45133.869 | CH1287: 45133.869 | CI1287: =CH1287-CG1287 -> 6.9444446e-05 | CK1287: UTS-0816P4 | CL1287: 45134.936 | CM1287: 45134.936 | CN1287: =CM1287-CL1287 -> 0.00011574074 | CP1287: UR-0509-01P1 | CQ1287: 45134.477 | CR1287: 45134.478 | CS1287: =CR1287-CQ1287 -> 0.00024305555
K1288: UT-0981P1 | L1288: 45112.902 | M1288: 45112.902 | N1288: =M1288-L1288 -> 6.9444439e-05 | P1288: URS-0437P2 | Q1288: 45113.804 | R1288: 45113.804 | S1288: =R1288-Q1288 -> 3.4722216e-05 | U1288: URS-0437P1 | V1288: 45114.93 | W1288: 45114.93 | X1288: =W1288-V1288 -> 2.3148146e-05 | AA1288: UR-0589P1_20230629 | AB1288: 45117.615 | AC1288: 45117.615 | AD1288: =AC1288-AB1288 -> 6.9444446e-05 | AK1288: UTS-08031P6 | AL1288: 45119.763 | AM1288: 45119.763 | AN1288: =AM1288-AL1288 -> 0.00018518518 | AP1288: URS-42881P1 | AQ1288: 45120.906 | AR1288: 45120.906 | AS1288: =AR1288-AQ1288 -> 8.1018516e-05 | BA1288: URS-0483P4 | BB1288: 45125.952 | BC1288: 45125.952 | BD1288: =BC1288-BB1288 -> 6.9444439e-05 | BF1288: URS-0437P2 | BG1288: 45126.437 | BH1288: 45126.437 | BI1288: =BH1288-BG1288 -> 4.6296293e-05 | BP1288: URS-0437P1 | BQ1288: 45128.387 | BR1288: 45128.387 | BS1288: =BR1288-BQ1288 -> 2.3148146e-05 | BV1288: URS-42144-02P1_20230523 | BW1288: 45131.623 | BX1288: 45131.623 | BY1288: =BX1288-BW1288 -> 0.00011574074 | CA1288: URS-0437P2 | CB1288: 45132.413 | CC1288: 45132.413 | CD1288: =CC1288-CB1288 -> 4.6296293e-05 | CF1288: URS-0483P4 | CG1288: 45133.869 | CH1288: 45133.869 | CI1288: =CH1288-CG1288 -> 6.9444446e-05 | CK1288: UTS-0816P4 | CL1288: 45134.936 | CM1288: 45134.936 | CN1288: =CM1288-CL1288 -> 0.00011574075 | CP1288: UR-0509-01P1 | CQ1288: 45134.477 | CR1288: 45134.477 | CS1288: =CR1288-CQ1288 -> 0.00024305556
K1289: UT-0981P1 | L1289: 45112.902 | M1289: 45112.902 | N1289: =M1289-L1289 -> 6.9444439e-05 | P1289: URS-0437P2 | Q1289: 45113.804 | R1289: 45113.804 | S1289: =R1289-Q1289 -> 4.62963e-05 | U1289: URS-0437P1 | V1289: 45114.93 | W1289: 45114.93 | X1289: =W1289-V1289 -> 3.4722223e-05 | AA1289: UR-0589P1_20230629 | AB1289: 45117.615 | AC1289: 45117.615 | AD1289: =AC1289-AB1289 -> 6.9444446e-05 | AK1289: UTS-08031P6 | AL1289: 45119.763 | AM1289: 45119.763 | AN1289: =AM1289-AL1289 -> 0.00017361112 | AP1289: URS-42881P1 | AQ1289: 45120.906 | AR1289: 45120.906 | AS1289: =AR1289-AQ1289 -> 8.1018516e-05 | BA1289: URS-0483P4 | BB1289: 45125.952 | BC1289: 45125.952 | BD1289: =BC1289-BB1289 -> 6.9444446e-05 | BF1289: URS-0437P2 | BG1289: 45126.437 | BH1289: 45126.437 | BI1289: =BH1289-BG1289 -> 4.6296293e-05 | BP1289: URS-0437P1 | BQ1289: 45128.387 | BR1289: 45128.387 | BS1289: =BR1289-BQ1289 -> 3.4722223e-05 | BV1289: URS-42144-02P1_20230523 | BW1289: 45131.623 | BX1289: 45131.623 | BY1289: =BX1289-BW1289 -> 0.00012731482 | CA1289: URS-0437P2 | CB1289: 45132.413 | CC1289: 45132.413 | CD1289: =CC1289-CB1289 -> 4.6296293e-05 | CF1289: URS-0483P4 | CG1289: 45133.869 | CH1289: 45133.869 | CI1289: =CH1289-CG1289 -> 6.9444446e-05 | CK1289: UTS-0816P4 | CL1289: 45134.935 | CM1289: 45134.936 | CN1289: =CM1289-CL1289 -> 0.00011574074 | CP1289: UR-0509-01P1 | CQ1289: 45134.477 | CR1289: 45134.477 | CS1289: =CR1289-CQ1289 -> 0.00024305556
K1290: UT-0981P1 | L1290: 45112.902 | M1290: 45112.902 | N1290: =M1290-L1290 -> 8.1018516e-05 | P1290: URS-0437P2 | Q1290: 45113.804 | R1290: 45113.804 | S1290: =R1290-Q1290 -> 4.6296293e-05 | U1290: URS-0437P1 | V1290: 45114.929 | W1290: 45114.929 | X1290: =W1290-V1290 -> 3.4722223e-05 | AA1290: UR-0589P1_20230629 | AB1290: 45117.615 | AC1290: 45117.615 | AD1290: =AC1290-AB1290 -> 5.7870377e-05 | AK1290: UTS-08031P6 | AL1290: 45119.762 | AM1290: 45119.762 | AN1290: =AM1290-AL1290 -> 0.00017361111 | AP1290: URS-42881P1 | AQ1290: 45120.906 | AR1290: 45120.906 | AS1290: =AR1290-AQ1290 -> 8.1018523e-05 | BA1290: URS-0483P4 | BB1290: 45125.952 | BC1290: 45125.952 | BD1290: =BC1290-BB1290 -> 8.1018516e-05 | BF1290: URS-0437P2 | BG1290: 45126.437 | BH1290: 45126.437 | BI1290: =BH1290-BG1290 -> 4.62963e-05 | BP1290: URS-0437P1 | BQ1290: 45128.387 | BR1290: 45128.387 | BS1290: =BR1290-BQ1290 -> 3.4722223e-05 | BV1290: URS-42144-02P1_20230523 | BW1290: 45131.623 | BX1290: 45131.623 | BY1290: =BX1290-BW1290 -> 0.00011574074 | CA1290: URS-0437P2 | CB1290: 45132.413 | CC1290: 45132.413 | CD1290: =CC1290-CB1290 -> 4.6296293e-05 | CF1290: URS-0483P4 | CG1290: 45133.868 | CH1290: 45133.869 | CI1290: =CH1290-CG1290 -> 6.9444446e-05 | CK1290: UTS-0816P4 | CL1290: 45134.935 | CM1290: 45134.935 | CN1290: =CM1290-CL1290 -> 0.00011574074 | CP1290: UR-0509-01P1 | CQ1290: 45134.476 | CR1290: 45134.477 | CS1290: =CR1290-CQ1290 -> 0.00024305555
K1291: UT-0981P1 | L1291: 45112.901 | M1291: 45112.901 | N1291: =M1291-L1291 -> 6.9444439e-05 | P1291: URS-0437P2 | Q1291: 45113.804 | R1291: 45113.804 | S1291: =R1291-Q1291 -> 3.4722223e-05 | U1291: URS-0437P1 | V1291: 45114.929 | W1291: 45114.929 | X1291: =W1291-V1291 -> 2.3148146e-05 | AA1291: UR-0589P1_20230629 | AB1291: 45117.614 | AC1291: 45117.614 | AD1291: =AC1291-AB1291 -> 6.9444446e-05 | AK1291: UTS-08031P6 | AL1291: 45119.762 | AM1291: 45119.762 | AN1291: =AM1291-AL1291 -> 0.00018518518 | AP1291: URS-42881P1 | AQ1291: 45120.906 | AR1291: 45120.906 | AS1291: =AR1291-AQ1291 -> 8.1018523e-05 | BA1291: URS-0483P4 | BB1291: 45125.952 | BC1291: 45125.952 | BD1291: =BC1291-BB1291 -> 6.9444446e-05 | BF1291: URS-0437P2 | BG1291: 45126.437 | BH1291: 45126.437 | BI1291: =BH1291-BG1291 -> 3.4722223e-05 | BP1291: URS-0437P1 | BQ1291: 45128.387 | BR1291: 45128.387 | BS1291: =BR1291-BQ1291 -> 2.3148154e-05 | BV1291: URS-42144-02P1_20230523 | BW1291: 45131.622 | BX1291: 45131.622 | BY1291: =BX1291-BW1291 -> 0.00012731482 | CA1291: URS-0437P2 | CB1291: 45132.413 | CC1291: 45132.413 | CD1291: =CC1291-CB1291 -> 4.62963e-05 | CF1291: URS-0483P4 | CG1291: 45133.868 | CH1291: 45133.868 | CI1291: =CH1291-CG1291 -> 6.9444446e-05 | CK1291: UTS-0816P4 | CL1291: 45134.935 | CM1291: 45134.935 | CN1291: =CM1291-CL1291 -> 0.00012731482 | CP1291: UR-0509-01P1 | CQ1291: 45134.476 | CR1291: 45134.476 | CS1291: =CR1291-CQ1291 -> 0.00024305555
K1292: UT-0981P1 | L1292: 45112.901 | M1292: 45112.901 | N1292: =M1292-L1292 -> 6.9444446e-05 | P1292: URS-0437P2 | Q1292: 45113.804 | R1292: 45113.804 | S1292: =R1292-Q1292 -> 3.4722223e-05 | U1292: URS-0437P1 | V1292: 45114.929 | W1292: 45114.929 | X1292: =W1292-V1292 -> 3.4722223e-05 | AA1292: UR-0589P1_20230629 | AB1292: 45117.614 | AC1292: 45117.614 | AD1292: =AC1292-AB1292 -> 5.7870369e-05 | AK1292: UTS-08031P6 | AL1292: 45119.761 | AM1292: 45119.761 | AN1292: =AM1292-AL1292 -> 0.00017361111 | AP1292: URS-42881P1 | AQ1292: 45120.905 | AR1292: 45120.905 | AS1292: =AR1292-AQ1292 -> 6.9444446e-05 | BA1292: URS-0483P4 | BB1292: 45125.952 | BC1292: 45125.952 | BD1292: =BC1292-BB1292 -> 6.9444446e-05 | BF1292: URS-0437P2 | BG1292: 45126.437 | BH1292: 45126.437 | BI1292: =BH1292-BG1292 -> 3.4722223e-05 | BP1292: URS-0437P1 | BQ1292: 45128.387 | BR1292: 45128.387 | BS1292: =BR1292-BQ1292 -> 2.3148146e-05 | BV1292: URS-42144-02P1_20230523 | BW1292: 45131.622 | BX1292: 45131.622 | BY1292: =BX1292-BW1292 -> 0.00011574074 | CA1292: URS-0437P2 | CB1292: 45132.412 | CC1292: 45132.413 | CD1292: =CC1292-CB1292 -> 3.4722223e-05 | CF1292: URS-0483P4 | CG1292: 45133.868 | CH1292: 45133.868 | CI1292: =CH1292-CG1292 -> 6.9444439e-05 | CK1292: UTS-0816P4 | CL1292: 45134.935 | CM1292: 45134.935 | CN1292: =CM1292-CL1292 -> 0.00011574075 | CP1292: UR-0509-01P1 | CQ1292: 45134.476 | CR1292: 45134.476 | CS1292: =CR1292-CQ1292 -> 0.00024305556
K1293: UT-0981P1 | L1293: 45112.901 | M1293: 45112.901 | N1293: =M1293-L1293 -> 6.9444446e-05 | P1293: URS-0437P2 | Q1293: 45113.804 | R1293: 45113.804 | S1293: =R1293-Q1293 -> 3.4722223e-05 | U1293: URS-0437P1 | V1293: 45114.929 | W1293: 45114.929 | X1293: =W1293-V1293 -> 3.4722223e-05 | AA1293: UR-0589P4_20230629 | AB1293: 45117.613 | AC1293: 45117.613 | AD1293: =AC1293-AB1293 -> 0.00010416667 | AK1293: UTS-08031P6 | AL1293: 45119.761 | AM1293: 45119.761 | AN1293: =AM1293-AL1293 -> 0.00017361112 | AP1293: URS-42881P1 | AQ1293: 45120.905 | AR1293: 45120.905 | AS1293: =AR1293-AQ1293 -> 6.9444446e-05 | BA1293: URS-0483P4 | BB1293: 45125.952 | BC1293: 45125.952 | BD1293: =BC1293-BB1293 -> 6.9444446e-05 | BF1293: URS-0437P2 | BG1293: 45126.437 | BH1293: 45126.437 | BI1293: =BH1293-BG1293 -> 4.62963e-05 | BP1293: URS-0437P1 | BQ1293: 45128.386 | BR1293: 45128.386 | BS1293: =BR1293-BQ1293 -> 3.4722216e-05 | BV1293: URS-42144-02P1_20230523 | BW1293: 45131.622 | BX1293: 45131.622 | BY1293: =BX1293-BW1293 -> 0.00012731482 | CA1293: URS-0437P2 | CB1293: 45132.412 | CC1293: 45132.412 | CD1293: =CC1293-CB1293 -> 3.4722223e-05 | CF1293: URS-0483P4 | CG1293: 45133.868 | CH1293: 45133.868 | CI1293: =CH1293-CG1293 -> 6.9444446e-05 | CK1293: UTS-0816P4 | CL1293: 45134.935 | CM1293: 45134.935 | CN1293: =CM1293-CL1293 -> 0.00011574074 | CP1293: UR-0509-01P1 | CQ1293: 45134.475 | CR1293: 45134.476 | CS1293: =CR1293-CQ1293 -> 0.00024305555
K1294: UT-0981P1 | L1294: 45112.901 | M1294: 45112.901 | N1294: =M1294-L1294 -> 6.9444446e-05 | P1294: URS-0437P2 | Q1294: 45113.803 | R1294: 45113.803 | S1294: =R1294-Q1294 -> 4.62963e-05 | U1294: URS-0437P1 | V1294: 45114.929 | W1294: 45114.929 | X1294: =W1294-V1294 -> 2.3148154e-05 | AA1294: UR-0589P4_20230629 | AB1294: 45117.613 | AC1294: 45117.613 | AD1294: =AC1294-AB1294 -> 0.00011574075 | AP1294: URS-42881P1 | AQ1294: 45120.905 | AR1294: 45120.905 | AS1294: =AR1294-AQ1294 -> 6.9444446e-05 | BA1294: URS-0483P4 | BB1294: 45125.952 | BC1294: 45125.952 | BD1294: =BC1294-BB1294 -> 6.9444439e-05 | BF1294: URS-0437P2 | BG1294: 45126.436 | BH1294: 45126.437 | BI1294: =BH1294-BG1294 -> 4.62963e-05 | BP1294: URS-0437P1 | BQ1294: 45128.386 | BR1294: 45128.386 | BS1294: =BR1294-BQ1294 -> 3.4722223e-05 | BV1294: URS-42144-02P1_20230523 | BW1294: 45131.622 | BX1294: 45131.622 | BY1294: =BX1294-BW1294 -> 0.00011574074 | CA1294: URS-0437P2 | CB1294: 45132.412 | CC1294: 45132.412 | CD1294: =CC1294-CB1294 -> 4.62963e-05 | CF1294: URS-0483P4 | CG1294: 45133.868 | CH1294: 45133.868 | CI1294: =CH1294-CG1294 -> 6.9444439e-05 | CK1294: UTS-0816P4 | CL1294: 45134.934 | CM1294: 45134.935 | CN1294: =CM1294-CL1294 -> 0.00011574074 | CP1294: UR-0509-01P1 | CQ1294: 45134.475 | CR1294: 45134.475 | CS1294: =CR1294-CQ1294 -> 0.00024305555
K1295: UT-0981P1 | L1295: 45112.901 | M1295: 45112.901 | N1295: =M1295-L1295 -> 8.1018516e-05 | P1295: URS-0437P2 | Q1295: 45113.803 | R1295: 45113.803 | S1295: =R1295-Q1295 -> 4.6296293e-05 | U1295: URS-0437P1 | V1295: 45114.929 | W1295: 45114.929 | X1295: =W1295-V1295 -> 2.3148146e-05 | AA1295: UR-0589P4_20230629 | AB1295: 45117.612 | AC1295: 45117.613 | AD1295: =AC1295-AB1295 -> 0.00011574075 | AP1295: URS-42881P1 | AQ1295: 45120.905 | AR1295: 45120.905 | AS1295: =AR1295-AQ1295 -> 8.1018516e-05 | BA1295: URS-0483P4 | BB1295: 45125.951 | BC1295: 45125.951 | BD1295: =BC1295-BB1295 -> 6.9444446e-05 | BF1295: URS-0437P2 | BG1295: 45126.436 | BH1295: 45126.436 | BI1295: =BH1295-BG1295 -> 4.6296293e-05 | BP1295: URS-0437P1 | BQ1295: 45128.386 | BR1295: 45128.386 | BS1295: =BR1295-BQ1295 -> 3.4722216e-05 | BV1295: URS-42144-02P1_20230523 | BW1295: 45131.622 | BX1295: 45131.622 | BY1295: =BX1295-BW1295 -> 0.00011574074 | CA1295: URS-0437P2 | CB1295: 45132.412 | CC1295: 45132.412 | CD1295: =CC1295-CB1295 -> 4.62963e-05 | CF1295: URS-0483P4 | CG1295: 45133.868 | CH1295: 45133.868 | CI1295: =CH1295-CG1295 -> 6.9444446e-05 | CK1295: UTS-0816P4 | CL1295: 45134.934 | CM1295: 45134.934 | CN1295: =CM1295-CL1295 -> 0.00011574074 | CP1295: UR-0509-01P1 | CQ1295: 45134.475 | CR1295: 45134.475 | CS1295: =CR1295-CQ1295 -> 0.00024305555
K1296: UT-0981P1 | L1296: 45112.9 | M1296: 45112.901 | N1296: =M1296-L1296 -> 6.9444439e-05 | P1296: URS-0437P2 | Q1296: 45113.803 | R1296: 45113.803 | S1296: =R1296-Q1296 -> 4.6296293e-05 | U1296: URS-0437P1 | V1296: 45114.929 | W1296: 45114.929 | X1296: =W1296-V1296 -> 3.4722223e-05 | AA1296: UR-0589P4_20230629 | AB1296: 45117.612 | AC1296: 45117.612 | AD1296: =AC1296-AB1296 -> 0.00011574075 | AP1296: URS-42881P1 | AQ1296: 45120.905 | AR1296: 45120.905 | AS1296: =AR1296-AQ1296 -> 8.1018516e-05 | BA1296: URS-0483P4 | BB1296: 45125.951 | BC1296: 45125.951 | BD1296: =BC1296-BB1296 -> 6.9444446e-05 | BF1296: URS-0437P2 | BG1296: 45126.436 | BH1296: 45126.436 | BI1296: =BH1296-BG1296 -> 4.6296293e-05 | BP1296: URS-0437P1 | BQ1296: 45128.386 | BR1296: 45128.386 | BS1296: =BR1296-BQ1296 -> 2.3148146e-05 | BV1296: URS-42144-02P1_20230523 | BW1296: 45131.621 | BX1296: 45131.621 | BY1296: =BX1296-BW1296 -> 0.00011574075 | CA1296: URS-0437P2 | CB1296: 45132.412 | CC1296: 45132.412 | CD1296: =CC1296-CB1296 -> 4.6296293e-05 | CF1296: URS-0483P4 | CG1296: 45133.868 | CH1296: 45133.868 | CI1296: =CH1296-CG1296 -> 6.9444446e-05 | CK1296: UTS-0816P4 | CL1296: 45134.934 | CM1296: 45134.934 | CN1296: =CM1296-CL1296 -> 0.00011574075 | CP1296: UR-0509-01P1 | CQ1296: 45134.474 | CR1296: 45134.475 | CS1296: =CR1296-CQ1296 -> 0.00024305556
K1297: UT-0981P1 | L1297: 45112.9 | M1297: 45112.9 | N1297: =M1297-L1297 -> 6.9444439e-05 | P1297: URS-0437P2 | Q1297: 45113.803 | R1297: 45113.803 | S1297: =R1297-Q1297 -> 4.62963e-05 | U1297: URS-42144-02P1_20230523 | V1297: 45114.721 | W1297: 45114.721 | X1297: =W1297-V1297 -> 0.00011574074 | AA1297: UR-0589P4_20230629 | AB1297: 45117.612 | AC1297: 45117.612 | AD1297: =AC1297-AB1297 -> 0.00011574075 | AP1297: URS-42881P1 | AQ1297: 45120.905 | AR1297: 45120.905 | AS1297: =AR1297-AQ1297 -> 8.1018516e-05 | BA1297: URS-0483P4 | BB1297: 45125.951 | BC1297: 45125.951 | BD1297: =BC1297-BB1297 -> 6.9444446e-05 | BF1297: URS-0437P2 | BG1297: 45126.436 | BH1297: 45126.436 | BI1297: =BH1297-BG1297 -> 3.4722216e-05 | BP1297: URS-0437P1 | BQ1297: 45128.386 | BR1297: 45128.386 | BS1297: =BR1297-BQ1297 -> 2.3148154e-05 | BV1297: URS-42144-02P1_20230523 | BW1297: 45131.621 | BX1297: 45131.621 | BY1297: =BX1297-BW1297 -> 0.00011574074 | CA1297: URS-0437P2 | CB1297: 45132.412 | CC1297: 45132.412 | CD1297: =CC1297-CB1297 -> 3.4722223e-05 | CF1297: URS-0483P4 | CG1297: 45133.868 | CH1297: 45133.868 | CI1297: =CH1297-CG1297 -> 6.9444446e-05 | CK1297: UTS-0816P4 | CL1297: 45134.934 | CM1297: 45134.934 | CN1297: =CM1297-CL1297 -> 0.00012731482 | CP1297: UR-0509-01P1 | CQ1297: 45134.474 | CR1297: 45134.474 | CS1297: =CR1297-CQ1297 -> 0.00024305555
K1298: UT-0981P1 | L1298: 45112.9 | M1298: 45112.9 | N1298: =M1298-L1298 -> 6.9444446e-05 | P1298: URS-0437P2 | Q1298: 45113.803 | R1298: 45113.803 | S1298: =R1298-Q1298 -> 3.4722223e-05 | U1298: URS-42144-02P1_20230523 | V1298: 45114.721 | W1298: 45114.721 | X1298: =W1298-V1298 -> 0.00011574075 | AA1298: UR-0589P4_20230629 | AB1298: 45117.612 | AC1298: 45117.612 | AD1298: =AC1298-AB1298 -> 0.00011574074 | AP1298: URS-42881P1 | AQ1298: 45120.904 | AR1298: 45120.904 | AS1298: =AR1298-AQ1298 -> 8.1018516e-05 | BA1298: URS-0483P4 | BB1298: 45125.951 | BC1298: 45125.951 | BD1298: =BC1298-BB1298 -> 6.9444446e-05 | BF1298: URS-0437P2 | BG1298: 45126.436 | BH1298: 45126.436 | BI1298: =BH1298-BG1298 -> 3.4722223e-05 | BP1298: URS-0437P1 | BQ1298: 45128.386 | BR1298: 45128.386 | BS1298: =BR1298-BQ1298 -> 3.4722223e-05 | BV1298: URS-42144-02P1_20230523 | BW1298: 45131.621 | BX1298: 45131.621 | BY1298: =BX1298-BW1298 -> 0.00011574075 | CA1298: URS-0437P2 | CB1298: 45132.412 | CC1298: 45132.412 | CD1298: =CC1298-CB1298 -> 3.4722216e-05 | CF1298: URS-0483P4 | CG1298: 45133.867 | CH1298: 45133.867 | CI1298: =CH1298-CG1298 -> 6.9444446e-05 | CK1298: UTS-0816P4 | CL1298: 45134.934 | CM1298: 45134.934 | CN1298: =CM1298-CL1298 -> 0.00011574074 | CP1298: UR-0509-01P1 | CQ1298: 45134.474 | CR1298: 45134.474 | CS1298: =CR1298-CQ1298 -> 0.00024305555
K1299: UT-0981P1 | L1299: 45112.9 | M1299: 45112.9 | N1299: =M1299-L1299 -> 6.9444446e-05 | P1299: URS-0437P2 | Q1299: 45113.803 | R1299: 45113.803 | S1299: =R1299-Q1299 -> 3.4722216e-05 | U1299: URS-42144-02P1_20230523 | V1299: 45114.72 | W1299: 45114.72 | X1299: =W1299-V1299 -> 0.00011574075 | AA1299: UR-0589P4_20230629 | AB1299: 45117.612 | AC1299: 45117.612 | AD1299: =AC1299-AB1299 -> 0.00011574074 | AP1299: URS-42881P1 | AQ1299: 45120.904 | AR1299: 45120.904 | AS1299: =AR1299-AQ1299 -> 6.9444446e-05 | BA1299: URS-0483P4 | BB1299: 45125.951 | BC1299: 45125.951 | BD1299: =BC1299-BB1299 -> 6.9444446e-05 | BF1299: URS-0475P1 | BG1299: 45126.951 | BH1299: 45126.951 | BI1299: =BH1299-BG1299 -> 3.4722223e-05 | BP1299: URS-0437P1 | BQ1299: 45128.386 | BR1299: 45128.386 | BS1299: =BR1299-BQ1299 -> 3.4722223e-05 | BV1299: URS-42144-02P1_20230523 | BW1299: 45131.621 | BX1299: 45131.621 | BY1299: =BX1299-BW1299 -> 0.00011574074 | CA1299: URS-0437P2 | CB1299: 45132.411 | CC1299: 45132.411 | CD1299: =CC1299-CB1299 -> 4.62963e-05 | CF1299: URS-0483P4 | CG1299: 45133.867 | CH1299: 45133.867 | CI1299: =CH1299-CG1299 -> 6.9444446e-05 | CK1299: UTS-0816P4 | CL1299: 45134.934 | CM1299: 45134.934 | CN1299: =CM1299-CL1299 -> 0.00011574075 | CP1299: UR-0509-01P1 | CQ1299: 45134.473 | CR1299: 45134.474 | CS1299: =CR1299-CQ1299 -> 0.00024305555
K1300: UT-0981P1 | L1300: 45112.9 | M1300: 45112.9 | N1300: =M1300-L1300 -> 6.9444446e-05 | P1300: URS-0437P2 | Q1300: 45113.803 | R1300: 45113.803 | S1300: =R1300-Q1300 -> 4.6296293e-05 | U1300: URS-42144-02P1_20230523 | V1300: 45114.72 | W1300: 45114.72 | X1300: =W1300-V1300 -> 0.00011574075 | AA1300: UR-0589P4_20230629 | AB1300: 45117.612 | AC1300: 45117.612 | AD1300: =AC1300-AB1300 -> 0.00011574074 | AP1300: URS-42881P1 | AQ1300: 45120.904 | AR1300: 45120.904 | AS1300: =AR1300-AQ1300 -> 8.1018516e-05 | BA1300: URS-0483P4 | BB1300: 45125.951 | BC1300: 45125.951 | BD1300: =BC1300-BB1300 -> 6.9444439e-05 | BF1300: URS-0475P1 | BG1300: 45126.951 | BH1300: 45126.951 | BI1300: =BH1300-BG1300 -> 4.6296293e-05 | BP1300: URS-0437P1 | BQ1300: 45128.385 | BR1300: 45128.385 | BS1300: =BR1300-BQ1300 -> 2.3148146e-05 | BV1300: URS-42144-02P1_20230523 | BW1300: 45131.621 | BX1300: 45131.621 | BY1300: =BX1300-BW1300 -> 0.00011574074 | CA1300: URS-0437P2 | CB1300: 45132.411 | CC1300: 45132.411 | CD1300: =CC1300-CB1300 -> 4.62963e-05 | CF1300: URS-0483P4 | CG1300: 45133.867 | CH1300: 45133.867 | CI1300: =CH1300-CG1300 -> 6.9444439e-05 | CK1300: UTS-0816P4 | CL1300: 45134.933 | CM1300: 45134.933 | CN1300: =CM1300-CL1300 -> 0.00011574075 | CP1300: UR-0509-01P1 | CQ1300: 45134.473 | CR1300: 45134.473 | CS1300: =CR1300-CQ1300 -> 0.00025462963
K1301: UT-0981P1 | L1301: 45112.9 | M1301: 45112.9 | N1301: =M1301-L1301 -> 6.9444446e-05 | P1301: URS-0437P2 | Q1301: 45113.803 | R1301: 45113.803 | S1301: =R1301-Q1301 -> 4.62963e-05 | U1301: URS-42144-02P1_20230523 | V1301: 45114.72 | W1301: 45114.72 | X1301: =W1301-V1301 -> 0.00012731482 | AA1301: UR-0589P4_20230629 | AB1301: 45117.611 | AC1301: 45117.611 | AD1301: =AC1301-AB1301 -> 0.00011574074 | AP1301: URS-42881P1 | AQ1301: 45120.904 | AR1301: 45120.904 | AS1301: =AR1301-AQ1301 -> 8.1018516e-05 | BA1301: URS-0483P4 | BB1301: 45125.95 | BC1301: 45125.95 | BD1301: =BC1301-BB1301 -> 6.9444439e-05 | BF1301: URS-0475P1 | BG1301: 45126.951 | BH1301: 45126.951 | BI1301: =BH1301-BG1301 -> 4.62963e-05 | BP1301: URS-0437P1 | BQ1301: 45128.385 | BR1301: 45128.385 | BS1301: =BR1301-BQ1301 -> 3.4722223e-05 | BV1301: URS-42144-02P1_20230523 | BW1301: 45131.62 | BX1301: 45131.62 | BY1301: =BX1301-BW1301 -> 0.00011574075 | CA1301: URS-0437P2 | CB1301: 45132.411 | CC1301: 45132.411 | CD1301: =CC1301-CB1301 -> 4.62963e-05 | CF1301: URS-0483P4 | CG1301: 45133.867 | CH1301: 45133.867 | CI1301: =CH1301-CG1301 -> 5.7870369e-05 | CK1301: UTS-0816P4 | CL1301: 45134.933 | CM1301: 45134.933 | CN1301: =CM1301-CL1301 -> 0.00011574074 | CP1301: UR-0509-01P1 | CQ1301: 45134.473 | CR1301: 45134.473 | CS1301: =CR1301-CQ1301 -> 0.00024305556
K1302: UT-0981P1 | L1302: 45112.899 | M1302: 45112.899 | N1302: =M1302-L1302 -> 6.9444446e-05 | P1302: URS-0437P2 | Q1302: 45113.802 | R1302: 45113.802 | S1302: =R1302-Q1302 -> 4.6296293e-05 | U1302: URS-42144-02P1_20230523 | V1302: 45114.72 | W1302: 45114.72 | X1302: =W1302-V1302 -> 0.00011574074 | AA1302: UR-0589P4_20230629 | AB1302: 45117.611 | AC1302: 45117.611 | AD1302: =AC1302-AB1302 -> 0.00011574074 | AP1302: URS-42881P1 | AQ1302: 45120.904 | AR1302: 45120.904 | AS1302: =AR1302-AQ1302 -> 8.1018516e-05 | BA1302: URS-0483P4 | BB1302: 45125.95 | BC1302: 45125.95 | BD1302: =BC1302-BB1302 -> 6.9444446e-05 | BF1302: URS-0475P1 | BG1302: 45126.951 | BH1302: 45126.951 | BI1302: =BH1302-BG1302 -> 4.62963e-05 | BP1302: URS-0437P1 | BQ1302: 45128.385 | BR1302: 45128.385 | BS1302: =BR1302-BQ1302 -> 3.4722216e-05 | BV1302: URS-42144-02P1_20230523 | BW1302: 45131.62 | BX1302: 45131.62 | BY1302: =BX1302-BW1302 -> 0.00012731482 | CA1302: URS-0437P2 | CB1302: 45132.411 | CC1302: 45132.411 | CD1302: =CC1302-CB1302 -> 3.4722223e-05 | CF1302: URS-0483P4 | CG1302: 45133.867 | CH1302: 45133.867 | CI1302: =CH1302-CG1302 -> 6.9444446e-05 | CK1302: UTS-0816P4 | CL1302: 45134.933 | CM1302: 45134.933 | CN1302: =CM1302-CL1302 -> 0.00011574074 | CP1302: UR-0509-01P1 | CQ1302: 45134.472 | CR1302: 45134.473 | CS1302: =CR1302-CQ1302 -> 0.00024305555
K1303: UT-0981P1 | L1303: 45112.899 | M1303: 45112.899 | N1303: =M1303-L1303 -> 6.9444446e-05 | P1303: URS-0437P2 | Q1303: 45113.802 | R1303: 45113.802 | S1303: =R1303-Q1303 -> 4.62963e-05 | U1303: URS-42144-02P1_20230523 | V1303: 45114.72 | W1303: 45114.72 | X1303: =W1303-V1303 -> 0.00011574074 | AA1303: UR-0614P1_20230630 | AB1303: 45117.64 | AC1303: 45117.64 | AD1303: =AC1303-AB1303 -> 5.7870369e-05 | AP1303: URS-42881P1 | AQ1303: 45120.904 | AR1303: 45120.904 | AS1303: =AR1303-AQ1303 -> 8.1018516e-05 | BA1303: URS-0483P4 | BB1303: 45125.95 | BC1303: 45125.95 | BD1303: =BC1303-BB1303 -> 6.9444439e-05 | BF1303: URS-0475P1 | BG1303: 45126.951 | BH1303: 45126.951 | BI1303: =BH1303-BG1303 -> 3.4722223e-05 | BP1303: URS-0437P1 | BQ1303: 45128.385 | BR1303: 45128.385 | BS1303: =BR1303-BQ1303 -> 3.4722223e-05 | BV1303: URS-42144-02P1_20230523 | BW1303: 45131.62 | BX1303: 45131.62 | BY1303: =BX1303-BW1303 -> 0.00012731482 | CA1303: URS-0437P2 | CB1303: 45132.411 | CC1303: 45132.411 | CD1303: =CC1303-CB1303 -> 3.4722223e-05 | CF1303: URS-0483P4 | CG1303: 45133.867 | CH1303: 45133.867 | CI1303: =CH1303-CG1303 -> 6.9444446e-05 | CK1303: UTS-0816P4 | CL1303: 45134.933 | CM1303: 45134.933 | CN1303: =CM1303-CL1303 -> 0.00012731482 | CP1303: UR-0509-01P1 | CQ1303: 45134.472 | CR1303: 45134.472 | CS1303: =CR1303-CQ1303 -> 0.00024305555
K1304: UT-0981P8 | L1304: 45112.863 | M1304: 45112.863 | N1304: =M1304-L1304 -> 5.7870369e-05 | P1304: URS-0437P2 | Q1304: 45113.802 | R1304: 45113.802 | S1304: =R1304-Q1304 -> 3.4722223e-05 | U1304: URS-42144-02P1_20230523 | V1304: 45114.719 | W1304: 45114.719 | X1304: =W1304-V1304 -> 0.00011574074 | AA1304: UR-0614P1_20230630 | AB1304: 45117.64 | AC1304: 45117.64 | AD1304: =AC1304-AB1304 -> 6.9444439e-05 | AP1304: URS-42881P1 | AQ1304: 45120.903 | AR1304: 45120.903 | AS1304: =AR1304-AQ1304 -> 8.1018516e-05 | BA1304: URS-0483P4 | BB1304: 45125.95 | BC1304: 45125.95 | BD1304: =BC1304-BB1304 -> 6.9444446e-05 | BF1304: URS-0475P1 | BG1304: 45126.951 | BH1304: 45126.951 | BI1304: =BH1304-BG1304 -> 4.62963e-05 | BP1304: URS-0437P1 | BQ1304: 45128.385 | BR1304: 45128.385 | BS1304: =BR1304-BQ1304 -> 2.3148154e-05 | BV1304: URS-42144-02P1_20230523 | BW1304: 45131.62 | BX1304: 45131.62 | BY1304: =BX1304-BW1304 -> 0.00012731481 | CA1304: URS-0437P2 | CB1304: 45132.411 | CC1304: 45132.411 | CD1304: =CC1304-CB1304 -> 4.6296293e-05 | CF1304: URS-0483P4 | CG1304: 45133.866 | CH1304: 45133.866 | CI1304: =CH1304-CG1304 -> 8.1018516e-05 | CK1304: UTS-0816P4 | CL1304: 45134.933 | CM1304: 45134.933 | CN1304: =CM1304-CL1304 -> 0.00011574074 | CP1304: UR-0509-01P1 | CQ1304: 45134.472 | CR1304: 45134.472 | CS1304: =CR1304-CQ1304 -> 0.00024305555
K1305: UT-0981P8 | L1305: 45112.863 | M1305: 45112.863 | N1305: =M1305-L1305 -> 4.62963e-05 | P1305: URS-0437P2 | Q1305: 45113.802 | R1305: 45113.802 | S1305: =R1305-Q1305 -> 3.4722223e-05 | U1305: URS-42144-02P1_20230523 | V1305: 45114.719 | W1305: 45114.719 | X1305: =W1305-V1305 -> 0.00011574074 | AA1305: UR-0614P1_20230630 | AB1305: 45117.639 | AC1305: 45117.639 | AD1305: =AC1305-AB1305 -> 6.9444439e-05 | AP1305: URS-42881P1 | AQ1305: 45120.903 | AR1305: 45120.903 | AS1305: =AR1305-AQ1305 -> 8.1018523e-05 | BA1305: URS-0483P4 | BB1305: 45125.95 | BC1305: 45125.95 | BD1305: =BC1305-BB1305 -> 6.9444446e-05 | BF1305: URS-0475P1 | BG1305: 45126.95 | BH1305: 45126.95 | BI1305: =BH1305-BG1305 -> 4.62963e-05 | BP1305: URS-0437P1 | BQ1305: 45128.385 | BR1305: 45128.385 | BS1305: =BR1305-BQ1305 -> 2.3148146e-05 | BV1305: URS-42144-02P1_20230523 | BW1305: 45131.62 | BX1305: 45131.62 | BY1305: =BX1305-BW1305 -> 0.00011574074 | CA1305: URS-0437P2 | CB1305: 45132.41 | CC1305: 45132.41 | CD1305: =CC1305-CB1305 -> 4.6296293e-05 | CF1305: URS-0483P4 | CG1305: 45133.866 | CH1305: 45133.866 | CI1305: =CH1305-CG1305 -> 6.9444446e-05 | CK1305: UTS-0816P4 | CL1305: 45134.932 | CM1305: 45134.932 | CN1305: =CM1305-CL1305 -> 0.00011574074 | CP1305: UR-0509-01P1 | CQ1305: 45134.471 | CR1305: 45134.472 | CS1305: =CR1305-CQ1305 -> 0.00024305555
... K1311: UT-0981P8 | L1311: 45112.862 | M1311: 45112.862 | N1311: =M1311-L1311 -> 4.62963e-05 | P1311: URS-0437P2 | Q1311: 45113.801 | R1311: 45113.801 | S1311: =R1311-Q1311 -> 3.4722223e-05 | U1311: URS-42144-02P1_20230523 | V1311: 45114.718 | W1311: 45114.718 | X1311: =W1311-V1311 -> 0.00011574074 | AA1311: UR-0614P4_20230630 | AB1311: 45117.629 | AC1311: 45117.63 | AD1311: =AC1311-AB1311 -> 0.00010416667 | AP1311: URS-42881P1 | AQ1311: 45120.902 | AR1311: 45120.902 | AS1311: =AR1311-AQ1311 -> 6.9444439e-05 | BA1311: URS-0483P4 | BB1311: 45125.949 | BC1311: 45125.949 | BD1311: =BC1311-BB1311 -> 6.9444439e-05 | BF1311: URS-0475P1 | BG1311: 45126.949 | BH1311: 45126.95 | BI1311: =BH1311-BG1311 -> 3.4722216e-05 | BP1311: URS-0437P1 | BQ1311: 45128.384 | BR1311: 45128.384 | BS1311: =BR1311-BQ1311 -> 3.4722223e-05 | BV1311: URS-42144-02P1_20230523 | BW1311: 45131.618 | BX1311: 45131.618 | BY1311: =BX1311-BW1311 -> 0.00012731482 | CA1311: URS-0437P2 | CB1311: 45132.409 | CC1311: 45132.409 | CD1311: =CC1311-CB1311 -> 4.6296293e-05 | CF1311: URS-0483P4 | CG1311: 45133.865 | CH1311: 45133.865 | CI1311: =CH1311-CG1311 -> 5.7870369e-05 | CK1311: UTS-0879P2 | CL1311: 45134.928 | CM1311: 45134.928 | CN1311: =CM1311-CL1311 -> 3.4722223e-05 | CP1311: UR-0509-01P1 | CQ1311: 45134.47 | CR1311: 45134.47 | CS1311: =CR1311-CQ1311 -> 0.00024305555
K1312: UT-0981P8 | L1312: 45112.862 | M1312: 45112.862 | N1312: =M1312-L1312 -> 4.62963e-05 | P1312: URS-0437P2 | Q1312: 45113.801 | R1312: 45113.801 | S1312: =R1312-Q1312 -> 4.6296293e-05 | U1312: URS-42144-02P1_20230523 | V1312: 45114.718 | W1312: 45114.718 | X1312: =W1312-V1312 -> 0.00012731482 | AA1312: UR-0614P4_20230630 | AB1312: 45117.629 | AC1312: 45117.629 | AD1312: =AC1312-AB1312 -> 0.00011574074 | AP1312: URS-42881P1 | AQ1312: 45120.902 | AR1312: 45120.902 | AS1312: =AR1312-AQ1312 -> 6.9444439e-05 | BA1312: URS-0483P4 | BB1312: 45125.949 | BC1312: 45125.949 | BD1312: =BC1312-BB1312 -> 6.9444446e-05 | BF1312: URS-0475P1 | BG1312: 45126.949 | BH1312: 45126.949 | BI1312: =BH1312-BG1312 -> 4.6296293e-05 | BP1312: URS-0437P1 | BQ1312: 45128.384 | BR1312: 45128.384 | BS1312: =BR1312-BQ1312 -> 3.4722223e-05 | BV1312: URS-42144-02P1_20230523 | BW1312: 45131.618 | BX1312: 45131.618 | BY1312: =BX1312-BW1312 -> 0.00012731482 | CA1312: URS-0437P2 | CB1312: 45132.409 | CC1312: 45132.409 | CD1312: =CC1312-CB1312 -> 3.4722216e-05 | CF1312: URS-0483P4 | CG1312: 45133.865 | CH1312: 45133.865 | CI1312: =CH1312-CG1312 -> 6.9444439e-05 | CP1312: UR-0509-01P1 | CQ1312: 45134.469 | CR1312: 45134.469 | CS1312: =CR1312-CQ1312 -> 0.00024305555
K1313: UT-0981P8 | L1313: 45112.862 | M1313: 45112.862 | N1313: =M1313-L1313 -> 4.62963e-05 | P1313: URS-0437P2 | Q1313: 45113.801 | R1313: 45113.801 | S1313: =R1313-Q1313 -> 3.4722223e-05 | U1313: URS-42144-02P1_20230523 | V1313: 45114.718 | W1313: 45114.718 | X1313: =W1313-V1313 -> 0.00012731482 | AA1313: URS-0437P2 | AB1313: 45117.434 | AC1313: 45117.434 | AD1313: =AC1313-AB1313 -> 4.62963e-05 | AP1313: URS-42881P6 | AQ1313: 45120.866 | AR1313: 45120.866 | AS1313: =AR1313-AQ1313 -> 5.7870369e-05 | BA1313: URS-0483P4 | BB1313: 45125.949 | BC1313: 45125.949 | BD1313: =BC1313-BB1313 -> 6.9444439e-05 | BF1313: URS-0475P1 | BG1313: 45126.949 | BH1313: 45126.949 | BI1313: =BH1313-BG1313 -> 4.6296293e-05 | BP1313: URS-0437P2 | BQ1313: 45128.893 | BR1313: 45128.893 | BS1313: =BR1313-BQ1313 -> 3.4722223e-05 | BV1313: URS-42144-02P1_20230523 | BW1313: 45131.618 | BX1313: 45131.618 | BY1313: =BX1313-BW1313 -> 0.00011574074 | CA1313: URS-0437P2 | CB1313: 45132.409 | CC1313: 45132.409 | CD1313: =CC1313-CB1313 -> 3.4722223e-05 | CF1313: URS-0483P4 | CG1313: 45133.865 | CH1313: 45133.865 | CI1313: =CH1313-CG1313 -> 6.9444446e-05 | CP1313: UR-0509-01P1 | CQ1313: 45134.469 | CR1313: 45134.469 | CS1313: =CR1313-CQ1313 -> 0.00024305555
K1314: UT-0981P8 | L1314: 45112.861 | M1314: 45112.861 | N1314: =M1314-L1314 -> 4.62963e-05 | P1314: URS-0437P2 | Q1314: 45113.801 | R1314: 45113.801 | S1314: =R1314-Q1314 -> 4.62963e-05 | U1314: URS-42144-02P1_20230523 | V1314: 45114.717 | W1314: 45114.718 | X1314: =W1314-V1314 -> 0.00011574074 | AA1314: URS-0437P2 | AB1314: 45117.433 | AC1314: 45117.433 | AD1314: =AC1314-AB1314 -> 4.62963e-05 | AP1314: URS-42881P6 | AQ1314: 45120.866 | AR1314: 45120.866 | AS1314: =AR1314-AQ1314 -> 5.7870369e-05 | BA1314: URS-0483P4 | BB1314: 45125.948 | BC1314: 45125.949 | BD1314: =BC1314-BB1314 -> 6.9444446e-05 | BF1314: URS-0475P2 | BG1314: 45126.88 | BH1314: 45126.881 | BI1314: =BH1314-BG1314 -> 5.7870369e-05 | BP1314: URS-0437P2 | BQ1314: 45128.893 | BR1314: 45128.893 | BS1314: =BR1314-BQ1314 -> 3.4722216e-05 | BV1314: URS-42144-02P1_20230523 | BW1314: 45131.618 | BX1314: 45131.618 | BY1314: =BX1314-BW1314 -> 0.00012731482 | CA1314: URS-0437P2 | CB1314: 45132.409 | CC1314: 45132.409 | CD1314: =CC1314-CB1314 -> 4.6296293e-05 | CF1314: URS-0483P4 | CG1314: 45133.865 | CH1314: 45133.865 | CI1314: =CH1314-CG1314 -> 6.9444446e-05 | CP1314: UR-0509-01P1 | CQ1314: 45134.469 | CR1314: 45134.469 | CS1314: =CR1314-CQ1314 -> 0.00024305555
K1315: UT-0981P8 | L1315: 45112.861 | M1315: 45112.861 | N1315: =M1315-L1315 -> 4.62963e-05 | P1315: URS-0437P2 | Q1315: 45113.801 | R1315: 45113.801 | S1315: =R1315-Q1315 -> 3.4722223e-05 | U1315: URS-42144-02P1_20230523 | V1315: 45114.717 | W1315: 45114.717 | X1315: =W1315-V1315 -> 0.00011574074 | AA1315: URS-0437P2 | AB1315: 45117.433 | AC1315: 45117.433 | AD1315: =AC1315-AB1315 -> 4.6296293e-05 | AP1315: URS-42881P6 | AQ1315: 45120.866 | AR1315: 45120.866 | AS1315: =AR1315-AQ1315 -> 6.9444439e-05 | BA1315: URS-0483P4 | BB1315: 45125.948 | BC1315: 45125.948 | BD1315: =BC1315-BB1315 -> 6.9444439e-05 | BF1315: URS-0475P2 | BG1315: 45126.88 | BH1315: 45126.88 | BI1315: =BH1315-BG1315 -> 4.62963e-05 | BP1315: URS-0437P2 | BQ1315: 45128.893 | BR1315: 45128.893 | BS1315: =BR1315-BQ1315 -> 4.62963e-05 | BV1315: URS-42144-02P1_20230523 | BW1315: 45131.617 | BX1315: 45131.618 | BY1315: =BX1315-BW1315 -> 0.00012731482 | CA1315: URS-0437P2 | CB1315: 45132.409 | CC1315: 45132.409 | CD1315: =CC1315-CB1315 -> 4.62963e-05 | CF1315: URS-0483P4 | CG1315: 45133.865 | CH1315: 45133.865 | CI1315: =CH1315-CG1315 -> 6.9444446e-05 | CP1315: UR-0509-01P1 | CQ1315: 45134.468 | CR1315: 45134.468 | CS1315: =CR1315-CQ1315 -> 0.00024305555
K1316: UT-0981P8 | L1316: 45112.861 | M1316: 45112.861 | N1316: =M1316-L1316 -> 4.62963e-05 | P1316: URS-0437P2 | Q1316: 45113.8 | R1316: 45113.8 | S1316: =R1316-Q1316 -> 3.4722223e-05 | U1316: URS-42144-02P1_20230523 | V1316: 45114.717 | W1316: 45114.717 | X1316: =W1316-V1316 -> 0.00011574074 | AA1316: URS-0437P2 | AB1316: 45117.433 | AC1316: 45117.433 | AD1316: =AC1316-AB1316 -> 3.4722223e-05 | AP1316: URS-42881P6 | AQ1316: 45120.866 | AR1316: 45120.866 | AS1316: =AR1316-AQ1316 -> 5.7870377e-05 | BA1316: URS-0483P4 | BB1316: 45125.948 | BC1316: 45125.948 | BD1316: =BC1316-BB1316 -> 6.9444446e-05 | BF1316: URS-0475P2 | BG1316: 45126.88 | BH1316: 45126.88 | BI1316: =BH1316-BG1316 -> 4.62963e-05 | BP1316: URS-0437P2 | BQ1316: 45128.893 | BR1316: 45128.893 | BS1316: =BR1316-BQ1316 -> 4.6296293e-05 | BV1316: URS-42144-02P1_20230523 | BW1316: 45131.617 | BX1316: 45131.617 | BY1316: =BX1316-BW1316 -> 0.00011574074 | CA1316: URS-0437P2 | CB1316: 45132.409 | CC1316: 45132.409 | CD1316: =CC1316-CB1316 -> 4.62963e-05 | CF1316: URS-0483P4 | CG1316: 45133.864 | CH1316: 45133.865 | CI1316: =CH1316-CG1316 -> 6.9444446e-05 | CP1316: UR-0509-01P1 | CQ1316: 45134.468 | CR1316: 45134.468 | CS1316: =CR1316-CQ1316 -> 0.00024305555
K1317: UT-0981P8 | L1317: 45112.861 | M1317: 45112.861 | N1317: =M1317-L1317 -> 4.62963e-05 | P1317: URS-0437P2 | Q1317: 45113.8 | R1317: 45113.8 | S1317: =R1317-Q1317 -> 3.4722223e-05 | U1317: URS-42144-02P1_20230523 | V1317: 45114.717 | W1317: 45114.717 | X1317: =W1317-V1317 -> 0.00011574074 | AA1317: URS-0437P2 | AB1317: 45117.433 | AC1317: 45117.433 | AD1317: =AC1317-AB1317 -> 3.4722216e-05 | AP1317: URS-42881P6 | AQ1317: 45120.866 | AR1317: 45120.866 | AS1317: =AR1317-AQ1317 -> 5.7870377e-05 | BA1317: URS-0483P4 | BB1317: 45125.948 | BC1317: 45125.948 | BD1317: =BC1317-BB1317 -> 6.9444446e-05 | BF1317: URS-0475P2 | BG1317: 45126.88 | BH1317: 45126.88 | BI1317: =BH1317-BG1317 -> 5.7870369e-05 | BP1317: URS-0437P2 | BQ1317: 45128.892 | BR1317: 45128.893 | BS1317: =BR1317-BQ1317 -> 4.6296293e-05 | BV1317: URS-42144-02P1_20230523 | BW1317: 45131.617 | BX1317: 45131.617 | BY1317: =BX1317-BW1317 -> 0.00012731482 | CA1317: URS-0437P2 | CB1317: 45132.408 | CC1317: 45132.408 | CD1317: =CC1317-CB1317 -> 4.62963e-05 | CF1317: URS-0483P4 | CG1317: 45133.864 | CH1317: 45133.864 | CI1317: =CH1317-CG1317 -> 6.9444439e-05 | CP1317: UR-0509-01P1 | CQ1317: 45134.468 | CR1317: 45134.468 | CS1317: =CR1317-CQ1317 -> 0.00024305555
K1318: UT-0981P8 | L1318: 45112.861 | M1318: 45112.861 | N1318: =M1318-L1318 -> 4.62963e-05 | P1318: URS-0437P2 | Q1318: 45113.8 | R1318: 45113.8 | S1318: =R1318-Q1318 -> 4.62963e-05 | U1318: URS-42144-02P1_20230523 | V1318: 45114.717 | W1318: 45114.717 | X1318: =W1318-V1318 -> 0.00011574075 | AA1318: URS-0437P2 | AB1318: 45117.433 | AC1318: 45117.433 | AD1318: =AC1318-AB1318 -> 4.6296293e-05 | AP1318: URS-42881P6 | AQ1318: 45120.865 | AR1318: 45120.865 | AS1318: =AR1318-AQ1318 -> 5.7870377e-05 | BA1318: URS-0483P4 | BB1318: 45125.948 | BC1318: 45125.948 | BD1318: =BC1318-BB1318 -> 6.9444446e-05 | BF1318: URS-0475P2 | BG1318: 45126.88 | BH1318: 45126.88 | BI1318: =BH1318-BG1318 -> 5.7870369e-05 | BP1318: URS-0437P2 | BQ1318: 45128.892 | BR1318: 45128.892 | BS1318: =BR1318-BQ1318 -> 4.62963e-05 | BV1318: URS-42144-02P1_20230523 | BW1318: 45131.617 | BX1318: 45131.617 | BY1318: =BX1318-BW1318 -> 0.00012731482 | CA1318: URS-0437P2 | CB1318: 45132.408 | CC1318: 45132.408 | CD1318: =CC1318-CB1318 -> 3.4722223e-05 | CF1318: URS-0483P4 | CG1318: 45133.864 | CH1318: 45133.864 | CI1318: =CH1318-CG1318 -> 6.9444446e-05 | CP1318: UR-0509-01P1 | CQ1318: 45134.467 | CR1318: 45134.467 | CS1318: =CR1318-CQ1318 -> 0.00024305555
K1319: UT-0981P8 | L1319: 45112.86 | M1319: 45112.861 | N1319: =M1319-L1319 -> 4.62963e-05 | P1319: URS-0437P2 | Q1319: 45113.8 | R1319: 45113.8 | S1319: =R1319-Q1319 -> 4.6296293e-05 | U1319: URS-42144-02P1_20230523 | V1319: 45114.716 | W1319: 45114.717 | X1319: =W1319-V1319 -> 0.00012731482 | AA1319: URS-0437P2 | AB1319: 45117.433 | AC1319: 45117.433 | AD1319: =AC1319-AB1319 -> 4.6296293e-05 | AP1319: URS-42881P6 | AQ1319: 45120.865 | AR1319: 45120.865 | AS1319: =AR1319-AQ1319 -> 5.7870369e-05 | BA1319: URS-0483P4 | BB1319: 45125.948 | BC1319: 45125.948 | BD1319: =BC1319-BB1319 -> 6.9444446e-05 | BF1319: URS-0475P2 | BG1319: 45126.88 | BH1319: 45126.88 | BI1319: =BH1319-BG1319 -> 5.7870369e-05 | BP1319: URS-0437P2 | BQ1319: 45128.892 | BR1319: 45128.892 | BS1319: =BR1319-BQ1319 -> 4.6296293e-05 | BV1319: URS-42144-02P1_20230523 | BW1319: 45131.617 | BX1319: 45131.617 | BY1319: =BX1319-BW1319 -> 0.00011574074 | CA1319: URS-0437P2 | CB1319: 45132.408 | CC1319: 45132.408 | CD1319: =CC1319-CB1319 -> 3.4722223e-05 | CF1319: URS-0483P4 | CG1319: 45133.864 | CH1319: 45133.864 | CI1319: =CH1319-CG1319 -> 8.1018516e-05 | CP1319: UR-0509-01P1 | CQ1319: 45134.467 | CR1319: 45134.467 | CS1319: =CR1319-CQ1319 -> 0.00024305556
K1320: UT-0981P8 | L1320: 45112.86 | M1320: 45112.86 | N1320: =M1320-L1320 -> 4.62963e-05 | P1320: URS-0437P2 | Q1320: 45113.8 | R1320: 45113.8 | S1320: =R1320-Q1320 -> 3.4722223e-05 | U1320: URS-42144-02P1_20230523 | V1320: 45114.716 | W1320: 45114.716 | X1320: =W1320-V1320 -> 0.00012731482 | AA1320: URS-0437P2 | AB1320: 45117.432 | AC1320: 45117.433 | AD1320: =AC1320-AB1320 -> 4.62963e-05 | AP1320: URS-42881P6 | AQ1320: 45120.865 | AR1320: 45120.865 | AS1320: =AR1320-AQ1320 -> 5.7870369e-05 | BA1320: URS-0483P4 | BB1320: 45125.948 | BC1320: 45125.948 | BD1320: =BC1320-BB1320 -> 6.9444446e-05 | BF1320: URS-0475P2 | BG1320: 45126.879 | BH1320: 45126.879 | BI1320: =BH1320-BG1320 -> 4.6296293e-05 | BP1320: URS-0437P2 | BQ1320: 45128.892 | BR1320: 45128.892 | BS1320: =BR1320-BQ1320 -> 3.4722223e-05 | BV1320: URS-42144-02P1_20230523 | BW1320: 45131.616 | BX1320: 45131.617 | BY1320: =BX1320-BW1320 -> 0.00011574075 | CA1320: URS-0437P2 | CB1320: 45132.408 | CC1320: 45132.408 | CD1320: =CC1320-CB1320 -> 4.6296293e-05 | CF1320: URS-0483P4 | CG1320: 45133.864 | CH1320: 45133.864 | CI1320: =CH1320-CG1320 -> 6.9444446e-05 | CP1320: UR-0509-01P1 | CQ1320: 45134.467 | CR1320: 45134.467 | CS1320: =CR1320-CQ1320 -> 0.00024305555
...

Sheet 稼働時間
C2: TOTAL | D2: =SUM(D4:D36) -> 0.32326389 | H2: TOTAL | I2: =SUM(I4:I42) -> 0.33927083 | M2: TOTAL | N2: =SUM(N4:N36) -> 0.32917824 | R2: TOTAL | S2: =SUM(S4:S40) -> 0.34511574 | W2: TOTAL | X2: =SUM(X4:X44) -> 0.45070602 | AC2: TOTAL | AD2: =SUM(AD4:AD41) -> 0.41506944 | AH2: TOTAL | AI2: =SUM(AI4:AI44) -> 0.32462963 | AM2: TOTAL | AN2: =SUM(AN4:AN36) -> 0.31642361 | AR2: TOTAL | AS2: =SUM(AS4:AS36) -> 0.29248843 | AW2: TOTAL | AX2: =SUM(AX4:AX37) -> 0.29238426 | BC2: TOTAL | BD2: =SUM(BD4:BD43) -> 0.35559028 | BH2: TOTAL | BI2: =SUM(BI4:BI45) -> 0.4137037 | BM2: TOTAL | BN2: =SUM(BN4:BN33) -> 0.24423611 | BR2: TOTAL | BS2: =SUM(BS4:BS42) -> 0.38322917 | BX2: TOTAL | BY2: =SUM(BY4:BY42) -> 0.35584491 | CC2: TOTAL | CD2: =SUM(CD4:CD46) -> 0.3687963 | CH2: TOTAL | CI2: =SUM(CI4:CI37) -> 0.38704861 | CM2: TOTAL | CN2: =SUM(CN4:CN41) -> 0.35673611 | CR2: TOTAL | CS2: =SUM(CS4:CS54) -> 0.38233796 | CX2: TOTAL | CY2: =SUM(CY4:CY24) -> 0.21298611
A3: ３日 | B3: 検査開始時間 | C3: 検査終了時間 | D3: 検査時間 | F3: ４日 | G3: 検査開始時間 | H3: 検査終了時間 | I3: 検査時間 | K3: ５日 | L3: 検査開始時間 | M3: 検査終了時間 | N3: 検査時間 | P3: ６日 | Q3: 検査開始時間 | R3: 検査終了時間 | S3: 検査時間 | U3: ７日 | V3: 検査開始時間 | W3: 検査終了時間 | X3: 検査時間 | AA3: １０日 | AB3: 検査開始時間 | AC3: 検査終了時間 | AD3: 検査時間 | AF3: １１日 | AG3: 検査開始時間 | AH3: 検査終了時間 | AI3: 検査時間 | AK3: １２日 | AL3: 検査開始時間 | AM3: 検査終了時間 | AN3: 検査時間 | AP3: １３日 | AQ3: 検査開始時間 | AR3: 検査終了時間 | AS3: 検査時間 | AU3: １４日 | AV3: 検査開始時間 | AW3: 検査終了時間 | AX3: 検査時間 | BA3: １８日 | BB3: 検査開始時間 | BC3: 検査終了時間 | BD3: 検査時間 | BF3: １９日 | BG3: 検査開始時間 | BH3: 検査終了時間 | BI3: 検査時間 | BK3: ２０日 | BL3: 検査開始時間 | BM3: 検査終了時間 | BN3: 検査時間 | BP3: ２１日 | BQ3: 検査開始時間 | BR3: 検査終了時間 | BS3: 検査時間 | BV3: ２４日 | BW3: 検査開始時間 | BX3: 検査終了時間 | BY3: 検査時間 | CA3: ２５日 | CB3: 検査開始時間 | CC3: 検査終了時間 | CD3: 検査時間 | CF3: ２６日 | CG3: 検査開始時間 | CH3: 検査終了時間 | CI3: 検査時間 | CK3: ２７日 | CL3: 検査開始時間 | CM3: 検査終了時間 | CN3: 検査時間 | CP3: ２８日 | CQ3: 検査開始時間 | CR3: 検査終了時間 | CS3: 検査時間 | CV3: ３１日 | CW3: 検査開始時間 | CX3: 検査終了時間 | CY3: 検査時間
A4: URS-42881P6 | B4: 45110.391 | C4: 45110.399 | D4: =C4-B4 -> 0.0088657407 | F4: UR-4489P8 | G4: 45111.372 | H4: 45111.379 | I4: =H4-G4 -> 0.0069212963 | K4: UT-0992-01P1_20220909 | L4: 45112.383 | M4: 45112.387 | N4: =M4-L4 -> 0.0039236111 | P4: URS-0483P4 | Q4: 45113.383 | R4: 45113.397 | S4: =R4-Q4 -> 0.014074074 | U4: UR-0483P1 | V4: 45114.388 | W4: 45114.398 | X4: =W4-V4 -> 0.010185185 | AA4: URS-0483P4 | AB4: 45117.38 | AC4: 45117.394 | AD4: =AC4-AB4 -> 0.013449074 | AF4: UR-0486P4 | AG4: 45118.378 | AH4: 45118.389 | AI4: =AH4-AG4 -> 0.0109375 | AK4: UR-0480P1 | AL4: 45119.386 | AM4: 45119.394 | AN4: =AM4-AL4 -> 0.0081597222 | AP4: UR-0489P4 | AQ4: 45120.443 | AR4: 45120.454 | AS4: =AR4-AQ4 -> 0.010659722 | AU4: UR-0489P4 | AV4: 45121.379 | AW4: 45121.388 | AX4: =AW4-AV4 -> 0.0090046296 | BA4: UR-0480P4 | BB4: 45125.379 | BC4: 45125.387 | BD4: =BC4-BB4 -> 0.0075462963 | BF4: J-UR-0576P10_20230707 | BG4: 45126.41 | BH4: 45126.418 | BI4: =BH4-BG4 -> 0.0075115741 | BK4: URS-0419P2 | BL4: 45127.416 | BM4: 45127.419 | BN4: =BM4-BL4 -> 0.0022337963 | BP4: UR-0486P4 | BQ4: 45128.39 | BR4: 45128.399 | BS4: =BR4-BQ4 -> 0.0093287037 | BV4: UR-0480P4 | BW4: 45131.376 | BX4: 45131.384 | BY4: =BX4-BW4 -> 0.0075810185 | CA4: UR-0456P6 | CB4: 45132.381 | CC4: 45132.392 | CD4: =CC4-CB4 -> 0.011851852 | CF4: J-URS-43833P1_20221109 | CG4: 45133.373 | CH4: 45133.376 | CI4: =CH4-CG4 -> 0.0028703704 | CK4: UR-4461P6 | CL4: 45134.372 | CM4: 45134.384 | CN4: =CM4-CL4 -> 0.011678241 | CP4: URS-0475P2 | CQ4: 45135.381 | CR4: 45135.384 | CS4: =CR4-CQ4 -> 0.0028356481 | CV4: UR-0486P4 | CW4: 45138.443 | CX4: 45138.454 | CY4: =CX4-CW4 -> 0.011030093
A5: URS-42144-02P1_20230523 | B5: 45110.408 | C5: 45110.431 | D5: =C5-B5 -> 0.023402778 | F5: URS-0475P2 | G5: 45111.378 | H5: 45111.381 | I5: =H5-G5 -> 0.0025810185 | K5: URS-0539P1 | L5: 45112.408 | M5: 45112.413 | N5: =M5-L5 -> 0.0056944444 | P5: J-URS-43013P6_20221028 | Q5: 45113.406 | R5: 45113.41 | S5: =R5-Q5 -> 0.003900463 | U5: UR-0580P6_20230628 | V5: 45114.404 | W5: 45114.411 | X5: =W5-V5 -> 0.0072916667 | AA5: URS-0437P2 | AB5: 45117.414 | AC5: 45117.434 | AD5: =AC5-AB5 -> 0.019456019 | AF5: URS-0475P1 | AG5: 45118.392 | AH5: 45118.394 | AI5: =AH5-AG5 -> 0.0021875 | AK5: UT-2508P1_20230620 | AL5: 45119.405 | AM5: 45119.408 | AN5: =AM5-AL5 -> 0.0030208333 | AP5: UR-0489P1 | AQ5: 45120.542 | AR5: 45120.551 | AS5: =AR5-AQ5 -> 0.0096759259 | AU5: J-UR-05581P4_20220228 | AV5: 45121.386 | AW5: 45121.395 | AX5: =AW5-AV5 -> 0.0090046296 | BA5: URS-0486P1 | BB5: 45125.391 | BC5: 45125.398 | BD5: =BC5-BB5 -> 0.0072106482 | BF5: URS-0437P1 | BG5: 45126.419 | BH5: 45126.433 | BI5: =BH5-BG5 -> 0.014768519 | BK5: UR-0511P1 | BL5: 45127.439 | BM5: 45127.452 | BN5: =BM5-BL5 -> 0.013206019 | BP5: URS-0437P1 | BQ5: 45128.392 | BR5: 45128.398 | BS5: =BR5-BQ5 -> 0.0055787037 | BV5: UR-0476P2 | BW5: 45131.389 | BX5: 45131.39 | BY5: =BX5-BW5 -> 0.0011689815 | CA5: URS-0437P1 | CB5: 45132.381 | CC5: 45132.396 | CD5: =CC5-CB5 -> 0.015173611 | CF5: URS-0437P1 | CG5: 45133.378 | CH5: 45133.393 | CI5: =CH5-CG5 -> 0.014560185 | CK5: UR-4461P1 | CL5: 45134.408 | CM5: 45134.418 | CN5: =CM5-CL5 -> 0.0097337963 | CP5: UR-0493P2 | CQ5: 45135.389 | CR5: 45135.392 | CS5: =CR5-CQ5 -> 0.0027199074 | CV5: UR-0488-01P4 | CW5: 45138.459 | CX5: 45138.469 | CY5: =CX5-CW5 -> 0.0095833333
A6: UR-0511P1 | B6: 45110.435 | C6: 45110.448 | D6: =C6-B6 -> 0.013032407 | F6: UR-0388P2 | G6: 45111.383 | H6: 45111.385 | I6: =H6-G6 -> 0.0017013889 | K6: J-UR-4192-01P6_20211105 | L6: 45112.416 | M6: 45112.423 | N6: =M6-L6 -> 0.0065509259 | P6: URS-0437P1 | Q6: 45113.407 | R6: 45113.422 | S6: =R6-Q6 -> 0.014444444 | U6: UR-0580P1_20230628 | V6: 45114.416 | W6: 45114.421 | X6: =W6-V6 -> 0.0045023148 | AA6: UR-0511P1 | AB6: 45117.435 | AC6: 45117.448 | AD6: =AC6-AB6 -> 0.013194444 | AF6: URS-0486P1 | AG6: 45118.4 | AH6: 45118.407 | AI6: =AH6-AG6 -> 0.0065625 | AK6: UR-0511P1 | AL6: 45119.437 | AM6: 45119.45 | AN6: =AM6-AL6 -> 0.01337963 | AP6: UR-0559-01P1 | AQ6: 45120.547 | AR6: 45120.56 | AS6: =AR6-AQ6 -> 0.012534722 | AU6: UR-0489P1 | AV6: 45121.397 | AW6: 45121.406 | AX6: =AW6-AV6 -> 0.0085185185 | BA6: UR-0493P1 | BB6: 45125.406 | BC6: 45125.408 | BD6: =BC6-BB6 -> 0.0026157407 | BF6: UR-0576P1_20230707 | BG6: 45126.424 | BH6: 45126.429 | BI6: =BH6-BG6 -> 0.0055555556 | BK6: UR-4421-01P4 | BL6: 45127.46 | BM6: 45127.465 | BN6: =BM6-BL6 -> 0.005 | BP6: URS-0437P2 | BQ6: 45128.4 | BR6: 45128.415 | BS6: =BR6-BQ6 -> 0.015208333 | BV6: UR-0489P1 | BW6: 45131.402 | BX6: 45131.411 | BY6: =BX6-BW6 -> 0.0086805556 | CA6: URS-0437P2 | CB6: 45132.398 | CC6: 45132.413 | CD6: =CC6-CB6 -> 0.015381944 | CF6: URS-0437P2 | CG6: 45133.397 | CH6: 45133.412 | CI6: =CH6-CG6 -> 0.014918981 | CK6: URS-4215P1 | CL6: 45134.44 | CM6: 45134.447 | CN6: =CM6-CL6 -> 0.0064814815 | CP6: URS-0486P1 | CQ6: 45135.398 | CR6: 45135.405 | CS6: =CR6-CQ6 -> 0.0070138889 | CV6: URS-4343P4 | CW6: 45138.462 | CX6: 45138.464 | CY6: =CX6-CW6 -> 0.0015046296
A7: URS-42881P1 | B7: 45110.451 | C7: 45110.461 | D7: =C7-B7 -> 0.0094212963 | F7: UR-0476P2 | G7: 45111.386 | H7: 45111.387 | I7: =H7-G7 -> 0.0012037037 | K7: J-UR-4192-01P1_20211105 | L7: 45112.427 | M7: 45112.434 | N7: =M7-L7 -> 0.0068634259 | P7: UR-0483P1 | Q7: 45113.43 | R7: 45113.443 | S7: =R7-Q7 -> 0.0128125 | U7: UR-0595P6_20230628 | V7: 45114.425 | W7: 45114.428 | X7: =W7-V7 -> 0.002974537 | AA7: UR-0483P1 | AB7: 45117.437 | AC7: 45117.451 | AD7: =AC7-AB7 -> 0.013842593 | AF7: UR-0493P2 | AG7: 45118.41 | AH7: 45118.413 | AI7: =AH7-AG7 -> 0.0026967593 | AK7: UR-0483P1 | AL7: 45119.487 | AM7: 45119.498 | AN7: =AM7-AL7 -> 0.010150463 | AP7: J-UR-05581P1_20220228 | AQ7: 45120.568 | AR7: 45120.587 | AS7: =AR7-AQ7 -> 0.018564815 | AU7: UR-43351-01P6 | AV7: 45121.41 | AW7: 45121.415 | AX7: =AW7-AV7 -> 0.0050925926 | BA7: UR-0480P1 | BB7: 45125.425 | BC7: 45125.434 | BD7: =BC7-BB7 -> 0.0081481481 | BF7: J-UR-0582P10_20230706 | BG7: 45126.439 | BH7: 45126.448 | BI7: =BH7-BG7 -> 0.0083217593 | BK7: URS-0543P6 | BL7: 45127.467 | BM7: 45127.471 | BN7: =BM7-BL7 -> 0.0042013889 | BP7: URS-0505P2 | BQ7: 45128.403 | BR7: 45128.405 | BS7: =BR7-BQ7 -> 0.00125 | BV7: UR-4377P6 | BW7: 45131.405 | BX7: 45131.411 | BY7: =BX7-BW7 -> 0.0059837963 | CA7: UR-0480P4 | CB7: 45132.423 | CC7: 45132.431 | CD7: =CC7-CB7 -> 0.0083101852 | CF7: UR-0489P4 | CG7: 45133.417 | CH7: 45133.426 | CI7: =CH7-CG7 -> 0.0093171296 | CK7: URS-4215P4 | CL7: 45134.448 | CM7: 45134.456 | CN7: =CM7-CL7 -> 0.0078472222 | CP7: UR-0511P1 | CQ7: 45135.411 | CR7: 45135.427 | CS7: =CR7-CQ7 -> 0.015462963 | CV7: URS-0486P1 | CW7: 45138.476 | CX7: 45138.483 | CY7: =CX7-CW7 -> 0.0067939815
A8: J-UR-0578P4_20220525 | B8: 45110.47 | C8: 45110.472 | D8: =C8-B8 -> 0.0013888889 | F8: UR-0388P1 | G8: 45111.387 | H8: 45111.389 | I8: =H8-G8 -> 0.0011574074 | K8: UR-0511P1 | L8: 45112.439 | M8: 45112.452 | N8: =M8-L8 -> 0.013032407 | P8: UR-0388P2 | Q8: 45113.435 | R8: 45113.436 | S8: =R8-Q8 -> 0.0017592593 | U8: UR-0595P1_20230628 | V8: 45114.434 | W8: 45114.437 | X8: =W8-V8 -> 0.0029282407 | AA8: UR-0486P4 | AB8: 45117.456 | AC8: 45117.466 | AD8: =AC8-AB8 -> 0.010266204 | AF8: UR-0493P1 | AG8: 45118.422 | AH8: 45118.424 | AI8: =AH8-AG8 -> 0.0026273148 | AK8: URS-0505P2 | AL8: 45119.545 | AM8: 45119.547 | AN8: =AM8-AL8 -> 0.0015277778 | AP8: UR-0511P1 | AQ8: 45120.576 | AR8: 45120.591 | AS8: =AR8-AQ8 -> 0.015358796 | AU8: UR-43351-01P1 | AV8: 45121.419 | AW8: 45121.424 | AX8: =AW8-AV8 -> 0.0049189815 | BA8: J-UR-05581P1_20220228 | BB8: 45125.453 | BC8: 45125.46 | BD8: =BC8-BB8 -> 0.0074074074 | BF8: URS-0437P2 | BG8: 45126.442 | BH8: 45126.451 | BI8: =BH8-BG8 -> 0.0095833333 | BK8: UR-0559-01P1 | BL8: 45127.476 | BM8: 45127.484 | BN8: =BM8-BL8 -> 0.0083101852 | BP8: UR-0493P2 | BQ8: 45128.421 | BR8: 45128.424 | BS8: =BR8-BQ8 -> 0.0027546296 | BV8: UR-0480P1 | BW8: 45131.419 | BX8: 45131.428 | BY8: =BX8-BW8 -> 0.0085763889 | CA8: J-URS-43833P6_20221109 | CB8: 45132.437 | CC8: 45132.446 | CD8: =CC8-CB8 -> 0.0090856481 | CF8: UR-0489P1 | CG8: 45133.439 | CH8: 45133.448 | CI8: =CH8-CG8 -> 0.0088425926 | CK8: UR-0511P1 | CL8: 45134.456 | CM8: 45134.472 | CN8: =CM8-CL8 -> 0.016319444 | CP8: URS-43011P6 | CQ8: 45135.421 | CR8: 45135.423 | CS8: =CR8-CQ8 -> 0.0019097222 | CV8: J-UR-05581P1_20220228 | CW8: 45138.494 | CX8: 45138.503 | CY8: =CX8-CW8 -> 0.008900463
A9: J-UR-0585P6_20220601 | B9: 45110.495 | C9: 45110.498 | D9: =C9-B9 -> 0.0030208333 | F9: URS-0437P1 | G9: 45111.393 | H9: 45111.41 | I9: =H9-G9 -> 0.016643519 | K9: UR-0489P1 | L9: 45112.463 | M9: 45112.472 | N9: =M9-L9 -> 0.0082986111 | P9: UR-0388P1 | Q9: 45113.438 | R9: 45113.439 | S9: =R9-Q9 -> 0.0011574074 | U9: UR-0511P1 | V9: 45114.441 | W9: 45114.454 | X9: =W9-V9 -> 0.01318287 | AA9: UR-0489P4 | AB9: 45117.457 | AC9: 45117.467 | AD9: =AC9-AB9 -> 0.010069444 | AF9: UT-1006P1 | AG9: 45118.44 | AH9: 45118.442 | AI9: =AH9-AG9 -> 0.0021180556 | AK9: UR-0509-01P1 | AL9: 45119.562 | AM9: 45119.586 | AN9: =AM9-AL9 -> 0.023993056 | AP9: UR-0476P2 | AQ9: 45120.598 | AR9: 45120.6 | AS9: =AR9-AQ9 -> 0.0012615741 | AU9: UR-0509-01P1 | AV9: 45121.435 | AW9: 45121.459 | AX9: =AW9-AV9 -> 0.023611111 | BA9: UR-0584P12_20230706 | BB9: 45125.471 | BC9: 45125.477 | BD9: =BC9-BB9 -> 0.0060185185 | BF9: J-UR-0583P10_20230707 | BG9: 45126.462 | BH9: 45126.47 | BI9: =BH9-BG9 -> 0.0075115741 | BK9: J-UR-05581P1_20220228 | BL9: 45127.487 | BM9: 45127.495 | BN9: =BM9-BL9 -> 0.0074074074 | BP9: UR-0476P2 | BQ9: 45128.428 | BR9: 45128.43 | BS9: =BR9-BQ9 -> 0.0011921296 | BV9: URS-42144-02P6_20230523 | BW9: 45131.428 | BX9: 45131.449 | BY9: =BX9-BW9 -> 0.021527778 | CA9: UR-0511P1 | CB9: 45132.445 | CC9: 45132.461 | CD9: =CC9-CB9 -> 0.015532407 | CF9: URS-42144-02P6_20230523 | CG9: 45133.442 | CH9: 45133.464 | CI9: =CH9-CG9 -> 0.021516204 | CK9: UR-0509-01P1 | CL9: 45134.462 | CM9: 45134.486 | CN9: =CM9-CL9 -> 0.023194444 | CP9: UR-0480P4 | CQ9: 45135.435 | CR9: 45135.445 | CS9: =CR9-CQ9 -> 0.0096643518 | CV9: URS-0483P4 | CW9: 45138.503 | CX9: 45138.51 | CY9: =CX9-CW9 -> 0.0069675926
A10: J-UR-0585P1_20220601 | B10: 45110.505 | C10: 45110.506 | D10: =C10-B10 -> 0.0015625 | F10: J-UT-1010P1_20220817 | G10: 45111.414 | H10: 45111.415 | I10: =H10-G10 -> 0.00096064815 | K10: UR-0559-03P8 | L10: 45112.471 | M10: 45112.489 | N10: =M10-L10 -> 0.017743056 | P10: UR-0511P1 | Q10: 45113.455 | R10: 45113.47 | S10: =R10-Q10 -> 0.014988426 | U10: UR-4377P1 | V10: 45114.456 | W10: 45114.464 | X10: =W10-V10 -> 0.0074537037 | AA10: UR-0489P1 | AB10: 45117.489 | AC10: 45117.498 | AD10: =AC10-AB10 -> 0.0091319444 | AF10: UR-0511P1 | AG10: 45118.444 | AH10: 45118.458 | AI10: =AH10-AG10 -> 0.014548611 | AK10: UR-0488-01P4 | AL10: 45119.566 | AM10: 45119.576 | AN10: =AM10-AL10 -> 0.010046296 | AP10: URS-0505P2 | AQ10: 45120.608 | AR10: 45120.61 | AS10: =AR10-AQ10 -> 0.0016319444 | AU10: UR-0511P1 | AV10: 45121.448 | AW10: 45121.463 | AX10: =AW10-AV10 -> 0.014826389 | BA10: UR-0584P1_20230706 | BB10: 45125.541 | BC10: 45125.545 | BD10: =BC10-BB10 -> 0.0041203704 | BF10: J-UR-0583P01_20230707 | BG10: 45126.489 | BH10: 45126.496 | BI10: =BH10-BG10 -> 0.0073148148 | BK10: UR-0509-01P1 | BL10: 45127.497 | BM10: 45127.505 | BN10: =BM10-BL10 -> 0.007650463 | BP10: URS-0431P4 | BQ10: 45128.431 | BR10: 45128.433 | BS10: =BR10-BQ10 -> 0.0019097222 | BV10: UR-42143-02P6 | BW10: 45131.452 | BX10: 45131.456 | BY10: =BX10-BW10 -> 0.0041087963 | CA10: UT-2508P6_20230620 | CB10: 45132.45 | CC10: 45132.452 | CD10: =CC10-CB10 -> 0.0024884259 | CF10: UR-0541P4 | CG10: 45133.488 | CH10: 45133.489 | CI10: =CH10-CG10 -> 0.0013888889 | CK10: UR-0559-01P1 | CL10: 45134.489 | CM10: 45134.502 | CN10: =CM10-CL10 -> 0.01244213 | CP10: J-MVH-7249-01P4_20220419 | CQ10: 45135.438 | CR10: 45135.44 | CS10: =CR10-CQ10 -> 0.0013657407 | CV10: URS-0483P4 | CW10: 45138.534 | CX10: 45138.541 | CY10: =CX10-CW10 -> 0.0071412037
A11: J-UR-0585P1_20220601 | B11: 45110.539 | C11: 45110.539 | D11: =C11-B11 -> 0.00069444445 | F11: URS-0437P2 | G11: 45111.419 | H11: 45111.438 | I11: =H11-G11 -> 0.019351852 | K11: UR-0559-01P1 | L11: 45112.571 | M11: 45112.588 | N11: =M11-L11 -> 0.01712963 | P11: UR-4435P6 | Q11: 45113.455 | R11: 45113.464 | S11: =R11-Q11 -> 0.0083101852 | U11: URS-4215P1 | V11: 45114.467 | W11: 45114.473 | X11: =W11-V11 -> 0.0064351852 | AA11: URS-0486P1 | AB11: 45117.544 | AC11: 45117.549 | AD11: =AC11-AB11 -> 0.0051736111 | AF11: J-UR-05581P1_20220228 | AG11: 45118.471 | AH11: 45118.49 | AI11: =AH11-AG11 -> 0.018726852 | AK11: UR-0488-01P1 | AL11: 45119.594 | AM11: 45119.601 | AN11: =AM11-AL11 -> 0.0071296296 | AP11: MVJ-0501-02P8_20230704 | AQ11: 45120.61 | AR11: 45120.614 | AS11: =AR11-AQ11 -> 0.00375 | AU11: UR-0559-01P1 | AV11: 45121.463 | AW11: 45121.476 | AX11: =AW11-AV11 -> 0.012615741 | BA11: UR-0575P10_20230705 | BB11: 45125.549 | BC11: 45125.556 | BD11: =BC11-BB11 -> 0.0075347222 | BF11: J-UR-0582P01_20230706 | BG11: 45126.5 | BH11: 45126.506 | BI11: =BH11-BG11 -> 0.0059722222 | BK11: UR-0509-01P1 | BL11: 45127.541 | BM11: 45127.556 | BN11: =BM11-BL11 -> 0.015381944 | BP11: UR-0509-01P1 | BQ11: 45128.438 | BR11: 45128.461 | BS11: =BR11-BQ11 -> 0.023240741 | BV11: UR-0511P1 | BW11: 45131.453 | BX11: 45131.468 | BY11: =BX11-BW11 -> 0.015486111 | CA11: UT-2508P1_20230620 | CB11: 45132.455 | CC11: 45132.459 | CD11: =CC11-CB11 -> 0.0040277778 | CF11: UR-0541P1 | CG11: 45133.491 | CH11: 45133.492 | CI11: =CH11-CG11 -> 0.0012847222 | CK11: UR-0511P1 | CL11: 45134.497 | CM11: 45134.507 | CN11: =CM11-CL11 -> 0.0091666667 | CP11: MVH-7249-01P01_20230720 | CQ11: 45135.459 | CR11: 45135.46 | CS11: =CR11-CQ11 -> 0.0011111111 | CV11: J-UR-05581P1_20220228 | CW11: 45138.541 | CX11: 45138.546 | CY11: =CX11-CW11 -> 0.0058333333
A12: J-UR-0586P6_20220601 | B12: 45110.56 | C12: 45110.564 | D12: =C12-B12 -> 0.0045601852 | F12: UR-0511P1 | G12: 45111.423 | H12: 45111.436 | I12: =H12-G12 -> 0.013240741 | K12: UR-0481-01P6 | L12: 45112.585 | M12: 45112.611 | N12: =M12-L12 -> 0.025914352 | P12: UR-0480P4 | Q12: 45113.484 | R12: 45113.497 | S12: =R12-Q12 -> 0.012546296 | U12: URS-4215P4 | V12: 45114.475 | W12: 45114.483 | X12: =W12-V12 -> 0.0079050926 | AA12: UR-0396P4 | AB12: 45117.544 | AC12: 45117.547 | AD12: =AC12-AB12 -> 0.0029282407 | AF12: UR-0481-01P6 | AG12: 45118.475 | AH12: 45118.501 | AI12: =AH12-AG12 -> 0.026134259 | AK12: UT-0931-01P10 | AL12: 45119.603 | AM12: 45119.613 | AN12: =AM12-AL12 -> 0.0094675926 | AP12: MVJ-0501-02P1_20230704 | AQ12: 45120.628 | AR12: 45120.63 | AS12: =AR12-AQ12 -> 0.0026273148 | AU12: J-UR-05581P1_20220228 | AV12: 45121.487 | AW12: 45121.494 | AX12: =AW12-AV12 -> 0.007337963 | BA12: UR-0511P1 | BB12: 45125.561 | BC12: 45125.576 | BD12: =BC12-BB12 -> 0.014548611 | BF12: J-UR-0582P01_20230706 | BG12: 45126.541 | BH12: 45126.543 | BI12: =BH12-BG12 -> 0.0022800926 | BK12: URS-0543P1 | BL12: 45127.562 | BM12: 45127.565 | BN12: =BM12-BL12 -> 0.0030092593 | BP12: UR-0493P1 | BQ12: 45128.454 | BR12: 45128.457 | BS12: =BR12-BQ12 -> 0.0026157407 | BV12: UR-0388P2 | BW12: 45131.473 | BX12: 45131.475 | BY12: =BX12-BW12 -> 0.0020949074 | CA12: UR-0509-01P1 | CB12: 45132.463 | CC12: 45132.487 | CD12: =CC12-CB12 -> 0.023252315 | CF12: UR-0511P1 | CG12: 45133.501 | CH12: 45133.509 | CI12: =CH12-CG12 -> 0.0077662037 | CK12: UR-0511P1 | CL12: 45134.538 | CM12: 45134.545 | CN12: =CM12-CL12 -> 0.0077314815 | CP12: URS-43011P1 | CQ12: 45135.464 | CR12: 45135.465 | CS12: =CR12-CQ12 -> 0.0015393519 | CV12: UR-0488-01P1 | CW12: 45138.545 | CX12: 45138.552 | CY12: =CX12-CW12 -> 0.0073263889
A13: J-UR-0586P1_20220601 | B13: 45110.573 | C13: 45110.576 | D13: =C13-B13 -> 0.0026273148 | F13: UR-0396P4 | G13: 45111.45 | H13: 45111.453 | I13: =H13-G13 -> 0.0024768519 | K13: UR-0481-01P1 | L13: 45112.615 | M13: 45112.636 | N13: =M13-L13 -> 0.020266204 | P13: UR-0480P1 | Q13: 45113.541 | R13: 45113.55 | S13: =R13-Q13 -> 0.0082638889 | U13: J-UR-05581P4_20220228 | V13: 45114.486 | W13: 45114.504 | X13: =W13-V13 -> 0.018020833 | AA13: UR-0480P4 | AB13: 45117.551 | AC13: 45117.559 | AD13: =AC13-AB13 -> 0.0076851852 | AF13: UR-0481-01P1 | AG13: 45118.553 | AH13: 45118.573 | AI13: =AH13-AG13 -> 0.020277778 | AK13: UR-0486P4 | AL13: 45119.605 | AM13: 45119.616 | AN13: =AM13-AL13 -> 0.010833333 | AP13: URS-0475P2 | AQ13: 45120.647 | AR13: 45120.65 | AS13: =AR13-AQ13 -> 0.0025 | AU13: UR-0481-01P6 | AV13: 45121.545 | AW13: 45121.571 | AX13: =AW13-AV13 -> 0.02599537 | BA13: UR-0575P1_20230705 | BB13: 45125.564 | BC13: 45125.57 | BD13: =BC13-BB13 -> 0.0056712963 | BF13: UR-0489P4 | BG13: 45126.544 | BH13: 45126.553 | BI13: =BH13-BG13 -> 0.0091898148 | BK13: UR-43721P8 | BL13: 45127.577 | BM13: 45127.584 | BN13: =BM13-BL13 -> 0.0070601852 | BP13: J-UR-05581P4_20220228 | BQ13: 45128.466 | BR13: 45128.485 | BS13: =BR13-BQ13 -> 0.018113426 | BV13: UR-0509-01P1 | BW13: 45131.478 | BX13: 45131.501 | BY13: =BX13-BW13 -> 0.023333333 | CA13: UR-0480P1 | CB13: 45132.464 | CC13: 45132.472 | CD13: =CC13-CB13 -> 0.0082638889 | CF13: UR-0511P1 | CG13: 45133.537 | CH13: 45133.543 | CI13: =CH13-CG13 -> 0.0059953704 | CK13: URS-0429P4 | CL13: 45134.548 | CM13: 45134.55 | CN13: =CM13-CL13 -> 0.0021527778 | CP13: UR-0509-01P1 | CQ13: 45135.469 | CR13: 45135.496 | CS13: =CR13-CQ13 -> 0.026956019 | CV13: UR-0559-01P1 | CW13: 45138.557 | CX13: 45138.57 | CY13: =CX13-CW13 -> 0.012488426
A14: UR-0509-01P1 | B14: 45110.594 | C14: 45110.621 | D14: =C14-B14 -> 0.026481481 | F14: UR-0559-01P1 | G14: 45111.453 | H14: 45111.473 | I14: =H14-G14 -> 0.019953704 | K14: UR-4488P2 | L14: 45112.624 | M14: 45112.626 | N14: =M14-L14 -> 0.0018171296 | P14: J-UR-05581P1_20220228 | Q14: 45113.553 | R14: 45113.572 | S14: =R14-Q14 -> 0.019270833 | U14: J-UR-05581P4_20220228 | V14: 45114.539 | W14: 45114.544 | X14: =W14-V14 -> 0.0044444444 | AA14: J-UR-05581P1_20220228 | AB14: 45117.562 | AC14: 45117.58 | AD14: =AC14-AB14 -> 0.018518519 | AF14: UR-0588P4_20230630 | AG14: 45118.561 | AH14: 45118.562 | AI14: =AH14-AG14 -> 0.0016319444 | AK14: UR-0509-01P4 | AL14: 45119.619 | AM14: 45119.654 | AN14: =AM14-AL14 -> 0.035150463 | AP14: URS-0475P1 | AQ14: 45120.655 | AR14: 45120.657 | AS14: =AR14-AQ14 -> 0.0021759259 | AU14: URS-0540P4 | AV14: 45121.561 | AW14: 45121.565 | AX14: =AW14-AV14 -> 0.0040625 | BA14: UR-0559-01P1 | BB14: 45125.577 | BC14: 45125.59 | BD14: =BC14-BB14 -> 0.012511574 | BF14: UR-4035P1 | BG14: 45126.555 | BH14: 45126.559 | BI14: =BH14-BG14 -> 0.003587963 | BK14: UR-43721P1 | BL14: 45127.598 | BM14: 45127.605 | BN14: =BM14-BL14 -> 0.0074537037 | BP14: UR-0481-01P6 | BQ14: 45128.479 | BR14: 45128.506 | BS14: =BR14-BQ14 -> 0.026157407 | BV14: UR-0388P1 | BW14: 45131.481 | BX14: 45131.483 | BY14: =BX14-BW14 -> 0.0016550926 | CA14: UR-0488-01P4 | CB14: 45132.476 | CC14: 45132.486 | CD14: =CC14-CB14 -> 0.0094791667 | CF14: J-UR-05581P1_20220228 | CG14: 45133.546 | CH14: 45133.561 | CI14: =CH14-CG14 -> 0.014861111 | CK14: UR-0476P2 | CL14: 45134.555 | CM14: 45134.556 | CN14: =CM14-CL14 -> 0.0011689815 | CP14: J-UR-05581P1_20220228 | CQ14: 45135.499 | CR14: 45135.506 | CS14: =CR14-CQ14 -> 0.0073148148 | CV14: UR-0559-03P8 | CW14: 45138.558 | CX14: 45138.573 | CY14: =CX14-CW14 -> 0.014768519
A15: J-UR-0594P4_20220602 | B15: 45110.612 | C15: 45110.613 | D15: =C15-B15 -> 0.0012847222 | F15: UR-0396P1 | G15: 45111.454 | H15: 45111.456 | I15: =H15-G15 -> 0.0015393518 | K15: UR-4488P1 | L15: 45112.63 | M15: 45112.631 | N15: =M15-L15 -> 0.0013888889 | P15: UR-0481-01P6 | Q15: 45113.557 | R15: 45113.584 | S15: =R15-Q15 -> 0.026388889 | U15: UR-0481-01P6 | V15: 45114.55 | W15: 45114.575 | X15: =W15-V15 -> 0.025844907 | AA15: UR-0396P1 | AB15: 45117.563 | AC15: 45117.565 | AD15: =AC15-AB15 -> 0.0019791667 | AF15: UR-0588P1_20230630 | AG15: 45118.567 | AH15: 45118.568 | AI15: =AH15-AG15 -> 0.0011921296 | AK15: UT-0931-01P1 | AL15: 45119.619 | AM15: 45119.627 | AN15: =AM15-AL15 -> 0.0078587963 | AP15: UR-0488-01P4 | AQ15: 45120.661 | AR15: 45120.672 | AS15: =AR15-AQ15 -> 0.010277778 | AU15: UR-4421-01P4 | AV15: 45121.567 | AW15: 45121.572 | AX15: =AW15-AV15 -> 0.0049768519 | BA15: URS-0418P4 | BB15: 45125.582 | BC15: 45125.592 | BD15: =BC15-BB15 -> 0.010439815 | BF15: UR-0489P1 | BG15: 45126.563 | BH15: 45126.572 | BI15: =BH15-BG15 -> 0.0084143519 | BK15: UT-0987-01P6_20220909 | BL15: 45127.608 | BM15: 45127.614 | BN15: =BM15-BL15 -> 0.005625 | BP15: URS-0431P1 | BQ15: 45128.492 | BR15: 45128.494 | BS15: =BR15-BQ15 -> 0.0021296296 | BV15: UR-0481-01P6 | BW15: 45131.496 | BX15: 45131.519 | BY15: =BX15-BW15 -> 0.02375 | CA15: J-UR-05581P1_20220228 | CB15: 45132.491 | CC15: 45132.506 | CD15: =CC15-CB15 -> 0.015034722 | CF15: UR-0509-01P1 | CG15: 45133.564 | CH15: 45133.587 | CI15: =CH15-CG15 -> 0.023240741 | CK15: MVD-0415P4 | CL15: 45134.556 | CM15: 45134.574 | CN15: =CM15-CL15 -> 0.018263889 | CP15: J-UR-05581P1_20220228 | CQ15: 45135.537 | CR15: 45135.544 | CS15: =CR15-CQ15 -> 0.0073148148 | CV15: URS-4272P6 | CW15: 45138.575 | CX15: 45138.579 | CY15: =CX15-CW15 -> 0.004224537
... A24: J-UR-05581P4_20220228 | B24: 45110.742 | C24: 45110.768 | D24: =C24-B24 -> 0.025625 | F24: URS-0505P2 | G24: 45111.585 | H24: 45111.587 | I24: =H24-G24 -> 0.0016435185 | K24: UR-0509-01P4 | L24: 45112.755 | M24: 45112.792 | N24: =M24-L24 -> 0.036886574 | P24: UR-0493P1 | Q24: 45113.685 | R24: 45113.688 | S24: =R24-Q24 -> 0.0026157407 | U24: UR-06101P8 | V24: 45114.737 | W24: 45114.748 | X24: =W24-V24 -> 0.010891204 | AA24: UR-0614P1_20230630 | AB24: 45117.639 | AC24: 45117.64 | AD24: =AC24-AB24 -> 0.00071759259 | AF24: UR-0520P1 | AG24: 45118.615 | AH24: 45118.631 | AI24: =AH24-AG24 -> 0.015243056 | AK24: UTS-08031P1 | AL24: 45119.782 | AM24: 45119.785 | AN24: =AM24-AL24 -> 0.003125 | AP24: UR-43721P8 | AQ24: 45120.795 | AR24: 45120.803 | AS24: =AR24-AQ24 -> 0.0074537037 | AU24: URS-0542P1 | AV24: 45121.754 | AW24: 45121.757 | AX24: =AW24-AV24 -> 0.0028587963 | BA24: J-UR-0550-01P8_20210830 | BB24: 45125.718 | BC24: 45125.732 | BD24: =BC24-BB24 -> 0.013333333 | BF24: UR-0509-01P1 | BG24: 45126.65 | BH24: 45126.673 | BI24: =BH24-BG24 -> 0.023287037 | BK24: UR-04511P1 | BL24: 45127.73 | BM24: 45127.737 | BN24: =BM24-BL24 -> 0.0072569444 | BP24: MVH-7242P01_20230719 | BQ24: 45128.698 | BR24: 45128.7 | BS24: =BR24-BQ24 -> 0.0012037037 | BV24: URS-42144-02P1_20230523 | BW24: 45131.627 | BX24: 45131.629 | BY24: =BX24-BW24 -> 0.0016550926 | CA24: UR-0396P1 | CB24: 45132.585 | CC24: 45132.587 | CD24: =CC24-CB24 -> 0.0019560185 | CF24: UR-0481-01P6 | CG24: 45133.759 | CH24: 45133.782 | CI24: =CH24-CG24 -> 0.022997685 | CK24: UR-0519P8 | CL24: 45134.691 | CM24: 45134.727 | CN24: =CM24-CL24 -> 0.036875 | CP24: URS-0505P2 | CQ24: 45135.621 | CR24: 45135.623 | CS24: =CR24-CQ24 -> 0.0012615741 | CV24: UR-0509-01P4 | CW24: 45138.716 | CX24: 45138.754 | CY24: =CX24-CW24 -> 0.037673611
A25: UR-0509-01P1 | B25: 45110.785 | C25: 45110.811 | D25: =C25-B25 -> 0.026388889 | F25: UR-0486P4 | G25: 45111.609 | H25: 45111.62 | I25: =H25-G25 -> 0.011296296 | K25: UR-0509-01P1 | L25: 45112.804 | M25: 45112.822 | N25: =M25-L25 -> 0.018425926 | P25: UR-0577P6_20230627 | Q25: 45113.689 | R25: 45113.694 | S25: =R25-Q25 -> 0.0052777778 | U25: UR-0509-01P4 | V25: 45114.75 | W25: 45114.782 | X25: =W25-V25 -> 0.031875 | AA25: UR-0483P1 | AB25: 45117.651 | AC25: 45117.664 | AD25: =AC25-AB25 -> 0.012488426 | AF25: UR-0488-01P1 | AG25: 45118.628 | AH25: 45118.641 | AI25: =AH25-AG25 -> 0.012974537 | AK25: UR-4461P6 | AL25: 45119.791 | AM25: 45119.8 | AN25: =AM25-AL25 -> 0.0097337963 | AP25: UR-0493P2 | AQ25: 45120.8 | AR25: 45120.803 | AS25: =AR25-AQ25 -> 0.0027546296 | AU25: URS-0475P2 | AV25: 45121.902 | AW25: 45121.905 | AX25: =AW25-AV25 -> 0.0027314815 | BA25: J-UR-0550-01P1_20210830 | BB25: 45125.753 | BC25: 45125.763 | BD25: =BC25-BB25 -> 0.0096759259 | BF25: UR-06101P1 | BG25: 45126.662 | BH25: 45126.671 | BI25: =BH25-BG25 -> 0.0092824074 | BK25: UR-06101P8 | BL25: 45127.739 | BM25: 45127.75 | BN25: =BM25-BL25 -> 0.010925926 | BP25: UR-0481-01P6 | BQ25: 45128.721 | BR25: 45128.75 | BS25: =BR25-BQ25 -> 0.029236111 | BV25: UR-0488-01P1 | BW25: 45131.646 | BX25: 45131.653 | BY25: =BX25-BW25 -> 0.0070833333 | CA25: UR-4551P06_20230714 | CB25: 45132.593 | CC25: 45132.595 | CD25: =CC25-CB25 -> 0.0024189815 | CF25: UR-0481-01P1 | CG25: 45133.797 | CH25: 45133.814 | CI25: =CH25-CG25 -> 0.016944444 | CK25: MVH-7250P04_20230719 | CL25: 45134.749 | CM25: 45134.75 | CN25: =CM25-CL25 -> 0.0011111111 | CP25: UR-4349-01P4 | CQ25: 45135.627 | CR25: 45135.629 | CS25: =CR25-CQ25 -> 0.002037037
A26: UT-0931-01P1 | B26: 45110.848 | C26: 45110.855 | D26: =C26-B26 -> 0.0072569444 | F26: URS-0486P1 | G26: 45111.624 | H26: 45111.631 | I26: =H26-G26 -> 0.0066550926 | K26: UR-0509-01P1 | L26: 45112.845 | M26: 45112.85 | N26: =M26-L26 -> 0.0054050926 | P26: UR-0577P1_20230627 | Q26: 45113.698 | R26: 45113.702 | S26: =R26-Q26 -> 0.0041898148 | U26: UR-06101P1 | V26: 45114.788 | W26: 45114.796 | X26: =W26-V26 -> 0.0075 | AA26: UR-04511P2 | AB26: 45117.653 | AC26: 45117.661 | AD26: =AC26-AB26 -> 0.0074537037 | AF26: UR-0388P1 | AG26: 45118.645 | AH26: 45118.646 | AI26: =AH26-AG26 -> 0.0015277778 | AK26: UR-4461P1 | AL26: 45119.806 | AM26: 45119.813 | AN26: =AM26-AL26 -> 0.0070023148 | AP26: URS-42881P6 | AQ26: 45120.858 | AR26: 45120.866 | AS26: =AR26-AQ26 -> 0.0088194444 | AU26: URS-0475P1 | AV26: 45121.907 | AW26: 45121.909 | AX26: =AW26-AV26 -> 0.0022106481 | BA26: UR-0486P4 | BB26: 45125.78 | BC26: 45125.79 | BD26: =BC26-BB26 -> 0.0092824074 | BF26: UR-0481-01P6 | BG26: 45126.699 | BH26: 45126.722 | BI26: =BH26-BG26 -> 0.023078704 | BK26: UR-0467P8 | BL26: 45127.753 | BM26: 45127.765 | BN26: =BM26-BL26 -> 0.011979167 | BP26: UR-0481-01P1 | BQ26: 45128.764 | BR26: 45128.781 | BS26: =BR26-BQ26 -> 0.016875 | BV26: UR-42143-02P1 | BW26: 45131.648 | BX26: 45131.654 | BY26: =BX26-BW26 -> 0.0054976852 | CA26: UR-4551P01_20230714 | CB26: 45132.608 | CC26: 45132.611 | CD26: =CC26-CB26 -> 0.0033333333 | CF26: J-UR-05581P4_20220228 | CG26: 45133.799 | CH26: 45133.819 | CI26: =CH26-CG26 -> 0.020150463 | CK26: MVH-7250P01_20230719 | CL26: 45134.751 | CM26: 45134.752 | CN26: =CM26-CL26 -> 0.00096064815 | CP26: UR-0480P1 | CQ26: 45135.64 | CR26: 45135.648 | CS26: =CR26-CQ26 -> 0.008125
A27: UTS-0717P6 | B27: 45110.86 | C27: 45110.862 | D27: =C27-B27 -> 0.0017361111 | F27: UR-0574P12_20230623 | G27: 45111.628 | H27: 45111.633 | I27: =H27-G27 -> 0.0045949074 | K27: UT-0981P8 | L27: 45112.855 | M27: 45112.863 | N27: =M27-L27 -> 0.007962963 | P27: UR-0579P6_20230627 | Q27: 45113.722 | R27: 45113.73 | S27: =R27-Q27 -> 0.0074074074 | U27: UR-0509-01P1 | V27: 45114.8 | W27: 45114.823 | X27: =W27-V27 -> 0.023287037 | AA27: UR-04511P1 | AB27: 45117.664 | AC27: 45117.671 | AD27: =AC27-AB27 -> 0.0072916667 | AF27: UR-0486P4 | AG27: 45118.65 | AH27: 45118.662 | AI27: =AH27-AG27 -> 0.011550926 | AK27: URS-0437P1 | AL27: 45119.861 | AM27: 45119.875 | AN27: =AM27-AL27 -> 0.014097222 | AP27: UR-43721P1 | AQ27: 45120.877 | AR27: 45120.886 | AS27: =AR27-AQ27 -> 0.0088541667 | AU27: URS-0505P2 | AV27: 45121.911 | AW27: 45121.914 | AX27: =AW27-AV27 -> 0.0021643518 | BA27: URS-0486P1 | BB27: 45125.792 | BC27: 45125.797 | BD27: =BC27-BB27 -> 0.005150463 | BF27: UR-0488-01P4 | BG27: 45126.725 | BH27: 45126.733 | BI27: =BH27-BG27 -> 0.0081481481 | BK27: UR-06101P1 | BL27: 45127.767 | BM27: 45127.775 | BN27: =BM27-BL27 -> 0.0075 | BP27: UR-0521P4 | BQ27: 45128.785 | BR27: 45128.793 | BS27: =BR27-BQ27 -> 0.0074652778 | BV27: UR-06101P1 | BW27: 45131.659 | BX27: 45131.667 | BY27: =BX27-BW27 -> 0.0078009259 | CA27: UR-0456P1 | CB27: 45132.614 | CC27: 45132.626 | CD27: =CC27-CB27 -> 0.012071759 | CF27: URS-0483P4 | CG27: 45133.862 | CH27: 45133.873 | CI27: =CH27-CG27 -> 0.011006944 | CK27: UR-0519P1 | CL27: 45134.804 | CM27: 45134.82 | CN27: =CM27-CL27 -> 0.016759259 | CP27: URS-4002P4 | CQ27: 45135.642 | CR27: 45135.642 | CS27: =CR27-CQ27 -> 0.00015046296
A28: J-UR-05581P1_20220228 | B28: 45110.883 | C28: 45110.904 | D28: =C28-B28 -> 0.021331019 | F28: J-UR-0574P01_20230623_mp | G28: 45111.65 | H28: 45111.652 | I28: =H28-G28 -> 0.0027314815 | K28: UR-43521 | L28: 45112.87 | M28: 45112.874 | N28: =M28-L28 -> 0.0038657407 | P28: UR-0579P1_20230627 | Q28: 45113.74 | R28: 45113.745 | S28: =R28-Q28 -> 0.0045833333 | U28: UT-0988P4 | V28: 45114.801 | W28: 45114.807 | X28: =W28-V28 -> 0.0057175926 | AA28: UR-0476P2 | AB28: 45117.676 | AC28: 45117.678 | AD28: =AC28-AB28 -> 0.0021064815 | AF28: UT-2537P8_20221102 | AG28: 45118.679 | AH28: 45118.679 | AI28: =AH28-AG28 -> 0.00018518518 | AK28: URS-3977-01P2 | AL28: 45119.866 | AM28: 45119.868 | AN28: =AM28-AL28 -> 0.0013888889 | AP28: UR-0480P1 | AQ28: 45120.903 | AR28: 45120.911 | AS28: =AR28-AQ28 -> 0.0081597222 | AU28: UTS-0855P6 | AV28: 45121.923 | AW28: 45121.925 | AX28: =AW28-AV28 -> 0.001712963 | BA28: UR-0558-01P4 | BB28: 45125.804 | BC28: 45125.812 | BD28: =BC28-BB28 -> 0.007962963 | BF28: UR-0481-01P1 | BG28: 45126.748 | BH28: 45126.765 | BI28: =BH28-BG28 -> 0.017037037 | BK28: UR-0467P1 | BL28: 45127.777 | BM28: 45127.791 | BN28: =BM28-BL28 -> 0.01369213 | BP28: J-MVM-4289P2_20220406 | BQ28: 45128.801 | BR28: 45128.806 | BS28: =BR28-BQ28 -> 0.0049305556 | BV28: UR-4487P8 | BW28: 45131.696 | BX28: 45131.705 | BY28: =BX28-BW28 -> 0.0093171296 | CA28: UR-04511P2 | CB28: 45132.629 | CC28: 45132.642 | CD28: =CC28-CB28 -> 0.013553241 | CF28: J-UR-05581P1_20220228 | CG28: 45133.872 | CH28: 45133.89 | CI28: =CH28-CG28 -> 0.017083333 | CK28: UR-0519P1 | CL28: 45134.852 | CM28: 45134.862 | CN28: =CM28-CL28 -> 0.0093055556 | CP28: URS-4002P1 | CQ28: 45135.643 | CR28: 45135.643 | CS28: =CR28-CQ28 -> 0.00017361111
A29: UR-43721P8 | B29: 45110.912 | C29: 45110.919 | D29: =C29-B29 -> 0.0073148148 | F29: UR-0480P4 | G29: 45111.654 | H29: 45111.663 | I29: =H29-G29 -> 0.0095833333 | K29: UT-0981P1 | L29: 45112.907 | M29: 45112.908 | N29: =M29-L29 -> 0.00099537037 | P29: UR-0488-01P1 | Q29: 45113.769 | R29: 45113.774 | S29: =R29-Q29 -> 0.0053240741 | U29: UT-0988P1 | V29: 45114.81 | W29: 45114.816 | X29: =W29-V29 -> 0.0057407407 | AA29: J-UT-0986P10_20220902 | AB29: 45117.678 | AC29: 45117.696 | AD29: =AC29-AB29 -> 0.018217593 | AF29: UT-2537P1_20221102 | AG29: 45118.681 | AH29: 45118.681 | AI29: =AH29-AG29 -> 0.00018518518 | AK29: URS-3977-01P1 | AL29: 45119.87 | AM29: 45119.871 | AN29: =AM29-AL29 -> 0.001724537 | AP29: URS-42881P1 | AQ29: 45120.91 | AR29: 45120.91 | AS29: =AR29-AQ29 -> 8.1018516e-05 | AU29: UTS-0855P1 | AV29: 45121.954 | AW29: 45121.957 | AX29: =AW29-AV29 -> 0.0024652778 | BA29: UR-0493P2 | BB29: 45125.849 | BC29: 45125.852 | BD29: =BC29-BB29 -> 0.0030902778 | BF29: UR-0488-01P1 | BG29: 45126.769 | BH29: 45126.775 | BI29: =BH29-BG29 -> 0.0053009259 | BK29: URS-0483P4 | BL29: 45127.791 | BM29: 45127.804 | BN29: =BM29-BL29 -> 0.013518519 | BP29: J-MVM-4289P1_20220406 | BQ29: 45128.809 | BR29: 45128.814 | BS29: =BR29-BQ29 -> 0.0047685185 | BV29: URS-0475P1 | BW29: 45131.735 | BX29: 45131.738 | BY29: =BX29-BW29 -> 0.0021759259 | CA29: UR-04511P1 | CB29: 45132.649 | CC29: 45132.657 | CD29: =CC29-CB29 -> 0.0074074074 | CF29: UR-0483P1 | CG29: 45133.887 | CH29: 45133.897 | CI29: =CH29-CG29 -> 0.010081019 | CK29: UR-0481-01P6 | CL29: 45134.866 | CM29: 45134.892 | CN29: =CM29-CL29 -> 0.025821759 | CP29: UR-0396P4 | CQ29: 45135.653 | CR29: 45135.657 | CS29: =CR29-CQ29 -> 0.0045717593
A30: UR-43721P1 | B30: 45110.955 | C30: 45110.962 | D30: =C30-B30 -> 0.0074768518 | F30: UR-0480P1 | G30: 45111.666 | H30: 45111.675 | I30: =H30-G30 -> 0.0089699074 | K30: UR-0456P6 | L30: 45112.92 | M30: 45112.932 | N30: =M30-L30 -> 0.011979167 | P30: URS-0437P1 | Q30: 45113.782 | R30: 45113.792 | S30: =R30-Q30 -> 0.010601852 | U30: UR-0476P2 | V30: 45114.841 | W30: 45114.843 | X30: =W30-V30 -> 0.0011805556 | AA30: UR-0509-01P4 | AB30: 45117.723 | AC30: 45117.755 | AD30: =AC30-AB30 -> 0.031944444 | AF30: UR-0489P4 | AG30: 45118.726 | AH30: 45118.733 | AI30: =AH30-AG30 -> 0.0074652778 | AK30: URS-0437P2 | AL30: 45119.879 | AM30: 45119.894 | AN30: =AM30-AL30 -> 0.015266204 | AP30: UR-0493P1 | AQ30: 45120.914 | AR30: 45120.917 | AS30: =AR30-AQ30 -> 0.0026157407 | AU30: UR-0493P2 | AV30: 45121.957 | AW30: 45121.96 | AX30: =AW30-AV30 -> 0.0027777778 | BA30: UR-0558-01P1 | BB30: 45125.851 | BC30: 45125.859 | BD30: =BC30-BB30 -> 0.0078819444 | BF30: URS-42144-02P6_20230523 | BG30: 45126.78 | BH30: 45126.801 | BI30: =BH30-BG30 -> 0.021493056 | BK30: UR-0523P2 | BL30: 45127.797 | BM30: 45127.805 | BN30: =BM30-BL30 -> 0.007974537 | BP30: UR-0521P1 | BQ30: 45128.849 | BR30: 45128.856 | BS30: =BR30-BQ30 -> 0.0067708333 | BV30: UR-0486P4 | BW30: 45131.747 | BX30: 45131.761 | BY30: =BX30-BW30 -> 0.013541667 | CA30: UT-0992-01P1_20220909 | CB30: 45132.661 | CC30: 45132.666 | CD30: =CC30-CB30 -> 0.0049074074 | CF30: UR-0480P4 | CG30: 45133.899 | CH30: 45133.907 | CI30: =CH30-CG30 -> 0.0081481481 | CK30: URS-4045P6 | CL30: 45134.868 | CM30: 45134.869 | CN30: =CM30-CL30 -> 0.0015046296 | CP30: UR-0396P1 | CQ30: 45135.662 | CR30: 45135.664 | CS30: =CR30-CQ30 -> 0.0019444444
A31: UR-0559-03P8 | B31: 45110.959 | C31: 45110.979 | D31: =C31-B31 -> 0.019699074 | F31: UR-0509-01P4 | G31: 45111.676 | H31: 45111.708 | I31: =H31-G31 -> 0.031886574 | K31: UR-0456P1 | L31: 45112.955 | M31: 45112.967 | N31: =M31-L31 -> 0.012280093 | P31: URS-0437P2 | Q31: 45113.794 | R31: 45113.807 | S31: =R31-Q31 -> 0.012453704 | U31: UR-0488-01P4 | V31: 45114.85 | W31: 45114.859 | X31: =W31-V31 -> 0.0080902778 | AA31: UR-0481-01P6 | AB31: 45117.746 | AC31: 45117.772 | AD31: =AC31-AB31 -> 0.026111111 | AF31: UR-0559-01P1 | AG31: 45118.741 | AH31: 45118.754 | AI31: =AH31-AG31 -> 0.013101852 | AK31: URS-0483P4 | AL31: 45119.905 | AM31: 45119.919 | AN31: =AM31-AL31 -> 0.014050926 | AP31: J-MVM-4289P2_20220406 | AQ31: 45120.922 | AR31: 45120.926 | AS31: =AR31-AQ31 -> 0.0048263889 | AU31: UTS-2471P2 | AV31: 45121.959 | AW31: 45121.96 | AX31: =AW31-AV31 -> 0.0011689815 | BA31: UR-0530-01P6_20220921 | BB31: 45125.862 | BC31: 45125.879 | BD31: =BC31-BB31 -> 0.016261574 | BF31: UR-0486P4 | BG31: 45126.855 | BH31: 45126.867 | BI31: =BH31-BG31 -> 0.012256944 | BK31: UR-0488-01P4 | BL31: 45127.847 | BM31: 45127.855 | BN31: =BM31-BL31 -> 0.0080439815 | BP31: URS-0437P1 | BQ31: 45128.867 | BR31: 45128.878 | BS31: =BR31-BQ31 -> 0.010648148 | BV31: UR-0493P2 | BW31: 45131.764 | BX31: 45131.767 | BY31: =BX31-BW31 -> 0.0028935185 | CA31: UTS-0918P2 | CB31: 45132.669 | CC31: 45132.67 | CD31: =CC31-CB31 -> 0.0010763889 | CF31: UR-0509-01P4 | CG31: 45133.911 | CH31: 45133.951 | CI31: =CH31-CG31 -> 0.039560185 | CK31: URS-4342P4 | CL31: 45134.917 | CM31: 45134.918 | CN31: =CM31-CL31 -> 0.0014930556 | CP31: URS-0304-01P1 | CQ31: 45135.669 | CR31: 45135.674 | CS31: =CR31-CQ31 -> 0.005462963
A32: J-MVM-4289P2_20220406 | B32: 45110.979 | C32: 45110.984 | D32: =C32-B32 -> 0.004837963 | F32: UR-4425P4 | G32: 45111.681 | H32: 45111.692 | I32: =H32-G32 -> 0.010925926 | K32: UR-0493P1 | L32: 45112.957 | M32: 45112.96 | N32: =M32-L32 -> 0.0027893519 | P32: UR-4341-02P4 | Q32: 45113.85 | R32: 45113.852 | S32: =R32-Q32 -> 0.0021180556 | U32: UR-0493P2 | V32: 45114.854 | W32: 45114.857 | X32: =W32-V32 -> 0.0029166667 | AA32: J-UT-0986P01_20220902 | AB32: 45117.761 | AC32: 45117.772 | AD32: =AC32-AB32 -> 0.011041667 | AF32: UR-0489P1 | AG32: 45118.745 | AH32: 45118.752 | AI32: =AH32-AG32 -> 0.0064930556 | AK32: J-UR-05581P4_20220228 | AL32: 45119.946 | AM32: 45119.968 | AN32: =AM32-AL32 -> 0.022453704 | AP32: J-MVM-4289P1_20220406 | AQ32: 45120.93 | AR32: 45120.934 | AS32: =AR32-AQ32 -> 0.0047453704 | AU32: UTS-2471P1 | AV32: 45121.962 | AW32: 45121.963 | AX32: =AW32-AV32 -> 0.0013425926 | BA32: UR-0530-01P1_20220921 | BB32: 45125.882 | BC32: 45125.892 | BD32: =BC32-BB32 -> 0.010451389 | BF32: URS-42144-02P1_20230523 | BG32: 45126.855 | BH32: 45126.879 | BI32: =BH32-BG32 -> 0.023287037 | BK32: UR-0488-01P1 | BL32: 45127.878 | BM32: 45127.883 | BN32: =BM32-BL32 -> 0.0053240741 | BP32: URS-0437P2 | BQ32: 45128.881 | BR32: 45128.893 | BS32: =BR32-BQ32 -> 0.011990741 | BV32: UR-06101P8 | BW32: 45131.783 | BX32: 45131.788 | BY32: =BX32-BW32 -> 0.0058680556 | CA32: UR-4341-02P4 | CB32: 45132.676 | CC32: 45132.679 | CD32: =CC32-CB32 -> 0.0021180556 | CF32: UR-0493P2 | CG32: 45133.921 | CH32: 45133.924 | CI32: =CH32-CG32 -> 0.0026967593 | CK32: URS-4342P1 | CL32: 45134.92 | CM32: 45134.922 | CN32: =CM32-CL32 -> 0.0017824074 | CP32: UR-0493P2 | CQ32: 45135.675 | CR32: 45135.678 | CS32: =CR32-CQ32 -> 0.0027893518
