Workbook

Sheet 151
C2: TOTAL | D2: =SUM(D4:D20) -> 0.059502315 | H2: TOTAL | I2: =SUM(I4:I20) -> 0.15425926 | M2: TOTAL | N2: =SUM(N4:N20) -> 0.077719907 | R2: TOTAL | S2: =SUM(S4:S20) -> 0.13954861 | W2: TOTAL | X2: =SUM(X4:X20) -> 0.046087963 | AC2: TOTAL | AD2: =SUM(AD4:AD20) -> 0.1191088 | AH2: TOTAL | AI2: =SUM(AI4:AI20) -> 0.14050926 | AM2: TOTAL | AN2: =SUM(AN4:AN20) -> 0.085520833 | AR2: TOTAL | AS2: =SUM(AS4:AS20) -> 0.060381944 | AW2: TOTAL | AX2: =SUM(AX4:AX20) -> 0.11644676 | BC2: TOTAL | BD2: =SUM(BD4:BD20) -> 0.075694444 | BH2: TOTAL | BI2: =SUM(BI4:BI20) -> 0.083564815 | BM2: TOTAL | BN2: =SUM(BN20:BN20) -> 0 | BR2: TOTAL | BS2: =SUM(BS4:BS20) -> 0.1008912 | BX2: TOTAL | BY2: =SUM(BY4:BY20) -> 0.11256944 | CC2: TOTAL | CD2: =SUM(CD4:CD20) -> 0.095069444 | CH2: TOTAL | CI2: =SUM(CI4:CI20) -> 0.068252315 | CM2: TOTAL | CN2: =SUM(CN4:CN20) -> 0.10450231 | CR2: TOTAL | CS2: =SUM(CS4:CS20) -> 0.080150463 | CX2: TOTAL | CY2: =SUM(CY4:CY20) -> 0.12003472
A3: ３日 | B3: 検査開始時間 | C3: 検査終了時間 | D3: 検査時間 | F3: ４日 | G3: 検査開始時間 | H3: 検査終了時間 | I3: 検査時間 | K3: ５日 | L3: 検査開始時間 | M3: 検査終了時間 | N3: 検査時間 | P3: ６日 | Q3: 検査開始時間 | R3: 検査終了時間 | S3: 検査時間 | U3: ７日 | V3: 検査開始時間 | W3: 検査終了時間 | X3: 検査時間 | AA3: １０日 | AB3: 検査開始時間 | AC3: 検査終了時間 | AD3: 検査時間 | AF3: １１日 | AG3: 検査開始時間 | AH3: 検査終了時間 | AI3: 検査時間 | AK3: １２日 | AL3: 検査開始時間 | AM3: 検査終了時間 | AN3: 検査時間 | AP3: １３日 | AQ3: 検査開始時間 | AR3: 検査終了時間 | AS3: 検査時間 | AU3: １４日 | AV3: 検査開始時間 | AW3: 検査終了時間 | AX3: 検査時間 | BA3: １８日 | BB3: 検査開始時間 | BC3: 検査終了時間 | BD3: 検査時間 | BF3: １９日 | BG3: 検査開始時間 | BH3: 検査終了時間 | BI3: 検査時間 | BK3: ２０日 | BL3: 検査開始時間 | BM3: 検査終了時間 | BN3: 検査時間 | BP3: ２１日 | BQ3: 検査開始時間 | BR3: 検査終了時間 | BS3: 検査時間 | BV3: ２４日 | BW3: 検査開始時間 | BX3: 検査終了時間 | BY3: 検査時間 | CA3: ２５日 | CB3: 検査開始時間 | CC3: 検査終了時間 | CD3: 検査時間 | CF3: ２６日 | CG3: 検査開始時間 | CH3: 検査終了時間 | CI3: 検査時間 | CK3: ２７日 | CL3: 検査開始時間 | CM3: 検査終了時間 | CN3: 検査時間 | CP3: ２８日 | CQ3: 検査開始時間 | CR3: 検査終了時間 | CS3: 検査時間 | CV3: ３１日 | CW3: 検査開始時間 | CX3: 検査終了時間 | CY3: 検査時間
A4: UR-0509-01P1 | B4: 45110.594 | C4: 45110.621 | D4: =C4-B4 -> 0.026481481 | F4: URS-0475P2 | G4: 45111.378 | H4: 45111.381 | I4: =H4-G4 -> 0.0025810185 | K4: UR-0489P1 | L4: 45112.463 | M4: 45112.472 | N4: =M4-L4 -> 0.0082986111 | P4: URS-0483P4 | Q4: 45113.383 | R4: 45113.397 | S4: =R4-Q4 -> 0.014074074 | U4: UR-0481-01P6 | V4: 45114.55 | W4: 45114.575 | X4: =W4-V4 -> 0.025844907 | AA4: URS-0483P4 | AB4: 45117.38 | AC4: 45117.394 | AD4: =AC4-AB4 -> 0.013449074 | AF4: UR-0486P4 | AG4: 45118.378 | AH4: 45118.389 | AI4: =AH4-AG4 -> 0.0109375 | AK4: UR-0480P1 | AL4: 45119.386 | AM4: 45119.394 | AN4: =AM4-AL4 -> 0.0081597222 | AP4: UR-0489P4 | AQ4: 45120.443 | AR4: 45120.454 | AS4: =AR4-AQ4 -> 0.010659722 | AU4: UR-0489P4 | AV4: 45121.379 | AW4: 45121.388 | AX4: =AW4-AV4 -> 0.0090046296 | BA4: UR-0480P4 | BB4: 45125.379 | BC4: 45125.387 | BD4: =BC4-BB4 -> 0.0075462963 | BF4: URS-0437P1 | BG4: 45126.419 | BH4: 45126.433 | BI4: =BH4-BG4 -> 0.014768519 | BP4: URS-0437P1 | BQ4: 45128.384 | BR4: 45128.398 | BS4: =BR4-BQ4 -> 0.014074074 | BV4: UR-0480P4 | BW4: 45131.376 | BX4: 45131.384 | BY4: =BX4-BW4 -> 0.0075810185 | CA4: URS-0437P1 | CB4: 45132.378 | CC4: 45132.396 | CD4: =CC4-CB4 -> 0.018449074 | CF4: URS-0437P1 | CG4: 45133.378 | CH4: 45133.393 | CI4: =CH4-CG4 -> 0.014560185 | CK4: UR-4461P6 | CL4: 45134.372 | CM4: 45134.384 | CN4: =CM4-CL4 -> 0.011678241 | CP4: URS-0475P2 | CQ4: 45135.381 | CR4: 45135.384 | CS4: =CR4-CQ4 -> 0.0028356481 | CV4: UR-0486P4 | CW4: 45138.443 | CX4: 45138.454 | CY4: =CX4-CW4 -> 0.011030093
A5: UR-0559-01P1 | B5: 45110.624 | C5: 45110.636 | D5: =C5-B5 -> 0.012395833 | F5: UR-0476P2 | G5: 45111.386 | H5: 45111.387 | I5: =H5-G5 -> 0.0012037037 | K5: UR-0481-01P6 | L5: 45112.585 | M5: 45112.611 | N5: =M5-L5 -> 0.025914352 | P5: URS-0437P1 | Q5: 45113.406 | R5: 45113.422 | S5: =R5-Q5 -> 0.015416667 | U5: UR-0481-01P1 | V5: 45114.631 | W5: 45114.651 | X5: =W5-V5 -> 0.020243056 | AA5: URS-0437P2 | AB5: 45117.414 | AC5: 45117.434 | AD5: =AC5-AB5 -> 0.019456019 | AF5: URS-0475P1 | AG5: 45118.392 | AH5: 45118.394 | AI5: =AH5-AG5 -> 0.0021875 | AK5: UR-0488-01P4 | AL5: 45119.566 | AM5: 45119.576 | AN5: =AM5-AL5 -> 0.010046296 | AP5: UR-0489P1 | AQ5: 45120.542 | AR5: 45120.551 | AS5: =AR5-AQ5 -> 0.0096759259 | AU5: UR-0489P1 | AV5: 45121.397 | AW5: 45121.406 | AX5: =AW5-AV5 -> 0.0085185185 | BA5: URS-0486P1 | BB5: 45125.391 | BC5: 45125.398 | BD5: =BC5-BB5 -> 0.0072106482 | BF5: URS-0437P2 | BG5: 45126.436 | BH5: 45126.451 | BI5: =BH5-BG5 -> 0.015393519 | BP5: URS-0437P2 | BQ5: 45128.4 | BR5: 45128.415 | BS5: =BR5-BQ5 -> 0.015208333 | BV5: UR-0476P2 | BW5: 45131.389 | BX5: 45131.39 | BY5: =BX5-BW5 -> 0.0011689815 | CA5: URS-0437P2 | CB5: 45132.398 | CC5: 45132.413 | CD5: =CC5-CB5 -> 0.015381944 | CF5: URS-0437P2 | CG5: 45133.396 | CH5: 45133.412 | CI5: =CH5-CG5 -> 0.015381944 | CK5: UR-4461P1 | CL5: 45134.408 | CM5: 45134.418 | CN5: =CM5-CL5 -> 0.0097337963 | CP5: UR-0493P2 | CQ5: 45135.389 | CR5: 45135.392 | CS5: =CR5-CQ5 -> 0.0027199074 | CV5: UR-0488-01P4 | CW5: 45138.459 | CX5: 45138.469 | CY5: =CX5-CW5 -> 0.0095833333
A6: UT-0969P1 | B6: 45110.647 | C6: 45110.649 | D6: =C6-B6 -> 0.0016550926 | F6: URS-0437P1 | G6: 45111.393 | H6: 45111.41 | I6: =H6-G6 -> 0.016643519 | K6: UR-0481-01P1 | L6: 45112.615 | M6: 45112.636 | N6: =M6-L6 -> 0.020266204 | P6: UR-0483P1 | Q6: 45113.43 | R6: 45113.443 | S6: =R6-Q6 -> 0.0128125 | AA6: UR-0483P1 | AB6: 45117.437 | AC6: 45117.451 | AD6: =AC6-AB6 -> 0.013842593 | AF6: URS-0486P1 | AG6: 45118.4 | AH6: 45118.407 | AI6: =AH6-AG6 -> 0.0065625 | AK6: UR-0488-01P1 | AL6: 45119.594 | AM6: 45119.601 | AN6: =AM6-AL6 -> 0.0071296296 | AP6: UR-0511P1 | AQ6: 45120.576 | AR6: 45120.591 | AS6: =AR6-AQ6 -> 0.015358796 | AU6: UR-43351-01P6 | AV6: 45121.41 | AW6: 45121.415 | AX6: =AW6-AV6 -> 0.0050925926 | BA6: UR-0493P1 | BB6: 45125.406 | BC6: 45125.408 | BD6: =BC6-BB6 -> 0.0026157407 | BF6: UR-0489P4 | BG6: 45126.544 | BH6: 45126.553 | BI6: =BH6-BG6 -> 0.0091898148 | BP6: UR-0493P2 | BQ6: 45128.421 | BR6: 45128.424 | BS6: =BR6-BQ6 -> 0.0027546296 | BV6: UR-0489P1 | BW6: 45131.402 | BX6: 45131.411 | BY6: =BX6-BW6 -> 0.0086805556 | CA6: UR-0480P4 | CB6: 45132.423 | CC6: 45132.431 | CD6: =CC6-CB6 -> 0.0083101852 | CF6: UR-0489P4 | CG6: 45133.417 | CH6: 45133.426 | CI6: =CH6-CG6 -> 0.0093171296 | CK6: UR-0511P1 | CL6: 45134.456 | CM6: 45134.507 | CN6: =CM6-CL6 -> 0.050625 | CP6: URS-0486P1 | CQ6: 45135.398 | CR6: 45135.405 | CS6: =CR6-CQ6 -> 0.0070138889 | CV6: URS-0486P1 | CW6: 45138.476 | CX6: 45138.483 | CY6: =CX6-CW6 -> 0.0067939815
A7: UR-0488-01P4 | B7: 45110.654 | C7: 45110.665 | D7: =C7-B7 -> 0.010694444 | F7: URS-0437P2 | G7: 45111.419 | H7: 45111.438 | I7: =H7-G7 -> 0.019351852 | K7: UR-0489P4 | L7: 45112.655 | M7: 45112.664 | N7: =M7-L7 -> 0.0089814815 | P7: UR-0511P1 | Q7: 45113.455 | R7: 45113.47 | S7: =R7-Q7 -> 0.014988426 | AA7: UR-0489P4 | AB7: 45117.457 | AC7: 45117.467 | AD7: =AC7-AB7 -> 0.010069444 | AF7: UR-0493P2 | AG7: 45118.41 | AH7: 45118.413 | AI7: =AH7-AG7 -> 0.0026967593 | AK7: UR-0486P4 | AL7: 45119.605 | AM7: 45119.616 | AN7: =AM7-AL7 -> 0.010833333 | AP7: UR-0476P2 | AQ7: 45120.598 | AR7: 45120.6 | AS7: =AR7-AQ7 -> 0.0012615741 | AU7: UR-43351-01P1 | AV7: 45121.419 | AW7: 45121.424 | AX7: =AW7-AV7 -> 0.0049189815 | BA7: UR-0480P1 | BB7: 45125.425 | BC7: 45125.434 | BD7: =BC7-BB7 -> 0.0081481481 | BF7: UR-0489P1 | BG7: 45126.563 | BH7: 45126.572 | BI7: =BH7-BG7 -> 0.0084143519 | BP7: UR-0476P2 | BQ7: 45128.428 | BR7: 45128.43 | BS7: =BR7-BQ7 -> 0.0011921296 | BV7: UR-0480P1 | BW7: 45131.419 | BX7: 45131.428 | BY7: =BX7-BW7 -> 0.0085763889 | CA7: UR-0511P1 | CB7: 45132.445 | CC7: 45132.461 | CD7: =CC7-CB7 -> 0.015532407 | CF7: UR-0489P1 | CG7: 45133.439 | CH7: 45133.448 | CI7: =CH7-CG7 -> 0.0088425926 | CK7: UR-0511P1 | CL7: 45134.538 | CM7: 45134.545 | CN7: =CM7-CL7 -> 0.0077314815 | CP7: UR-0511P1 | CQ7: 45135.411 | CR7: 45135.427 | CS7: =CR7-CQ7 -> 0.015462963 | CV7: URS-0483P4 | CW7: 45138.503 | CX7: 45138.541 | CY7: =CX7-CW7 -> 0.038668981
A8: UR-0488-01P1 | B8: 45110.667 | C8: 45110.676 | D8: =C8-B8 -> 0.008275463 | F8: UR-0559-01P1 | G8: 45111.453 | H8: 45111.473 | I8: =H8-G8 -> 0.019953704 | K8: UR-0489P1 | L8: 45112.683 | M8: 45112.691 | N8: =M8-L8 -> 0.0079050926 | P8: UR-0480P4 | Q8: 45113.484 | R8: 45113.497 | S8: =R8-Q8 -> 0.012546296 | AA8: UR-0489P1 | AB8: 45117.489 | AC8: 45117.498 | AD8: =AC8-AB8 -> 0.0091319444 | AF8: UR-0493P1 | AG8: 45118.422 | AH8: 45118.424 | AI8: =AH8-AG8 -> 0.0026273148 | AK8: UR-0509-01P4 | AL8: 45119.619 | AM8: 45119.654 | AN8: =AM8-AL8 -> 0.035150463 | AP8: URS-0505P2 | AQ8: 45120.608 | AR8: 45120.61 | AS8: =AR8-AQ8 -> 0.0016319444 | AU8: UR-0511P1 | AV8: 45121.448 | AW8: 45121.463 | AX8: =AW8-AV8 -> 0.014826389 | BA8: UR-0511P1 | BB8: 45125.561 | BC8: 45125.576 | BD8: =BC8-BB8 -> 0.014548611 | BF8: UR-0511P1 | BG8: 45126.592 | BH8: 45126.607 | BI8: =BH8-BG8 -> 0.014490741 | BP8: UR-0493P1 | BQ8: 45128.454 | BR8: 45128.457 | BS8: =BR8-BQ8 -> 0.0026157407 | BV8: UR-0511P1 | BW8: 45131.453 | BX8: 45131.468 | BY8: =BX8-BW8 -> 0.015486111 | CA8: UR-0480P1 | CB8: 45132.464 | CC8: 45132.472 | CD8: =CC8-CB8 -> 0.0082638889 | CF8: J-UR-05581P4_20220228 | CG8: 45133.799 | CH8: 45133.819 | CI8: =CH8-CG8 -> 0.020150463 | CK8: URS-0429P4 | CL8: 45134.548 | CM8: 45134.55 | CN8: =CM8-CL8 -> 0.0021527778 | CP8: UR-0480P4 | CQ8: 45135.435 | CR8: 45135.445 | CS8: =CR8-CQ8 -> 0.0096643518 | CV8: UR-0488-01P1 | CW8: 45138.545 | CX8: 45138.552 | CY8: =CX8-CW8 -> 0.0073263889
F9: UR-0493P1 | G9: 45111.487 | H9: 45111.49 | I9: =H9-G9 -> 0.0026157407 | K9: URS-0475P2 | L9: 45112.694 | M9: 45112.697 | N9: =M9-L9 -> 0.0025115741 | P9: UR-0480P1 | Q9: 45113.541 | R9: 45113.55 | S9: =R9-Q9 -> 0.0082638889 | AA9: UR-0396P4 | AB9: 45117.544 | AC9: 45117.547 | AD9: =AC9-AB9 -> 0.0029282407 | AF9: UR-0511P1 | AG9: 45118.444 | AH9: 45118.458 | AI9: =AH9-AG9 -> 0.014548611 | AK9: URS-0486P1 | AL9: 45119.658 | AM9: 45119.672 | AN9: =AM9-AL9 -> 0.014201389 | AP9: URS-0475P2 | AQ9: 45120.647 | AR9: 45120.65 | AS9: =AR9-AQ9 -> 0.0025 | AU9: UR-0481-01P6 | AV9: 45121.545 | AW9: 45121.571 | AX9: =AW9-AV9 -> 0.02599537 | BA9: URS-0418P4 | BB9: 45125.582 | BC9: 45125.592 | BD9: =BC9-BB9 -> 0.010439815 | BF9: UR-06101P8 | BG9: 45126.619 | BH9: 45126.631 | BI9: =BH9-BG9 -> 0.012025463 | BP9: UR-0481-01P6 | BQ9: 45128.479 | BR9: 45128.506 | BS9: =BR9-BQ9 -> 0.026157407 | BV9: UR-0388P2 | BW9: 45131.473 | BX9: 45131.475 | BY9: =BX9-BW9 -> 0.0020949074 | CA9: UR-0488-01P4 | CB9: 45132.476 | CC9: 45132.486 | CD9: =CC9-CB9 -> 0.0094791667 | CK9: UR-0476P2 | CL9: 45134.555 | CM9: 45134.556 | CN9: =CM9-CL9 -> 0.0011689815 | CP9: UR-0481-01P1 | CQ9: 45135.555 | CR9: 45135.575 | CS9: =CR9-CQ9 -> 0.020219907 | CV9: UR-0559-03P8 | CW9: 45138.558 | CX9: 45138.573 | CY9: =CX9-CW9 -> 0.014768519
F10: URS-0475P1 | G10: 45111.573 | H10: 45111.605 | I10: =H10-G10 -> 0.03150463 | K10: URS-0505P2 | L10: 45112.7 | M10: 45112.701 | N10: =M10-L10 -> 0.0016550926 | P10: UR-0481-01P6 | Q10: 45113.557 | R10: 45113.584 | S10: =R10-Q10 -> 0.026388889 | AA10: UR-0480P4 | AB10: 45117.551 | AC10: 45117.559 | AD10: =AC10-AB10 -> 0.0076851852 | AF10: UR-0481-01P6 | AG10: 45118.475 | AH10: 45118.501 | AI10: =AH10-AG10 -> 0.026134259 | AP10: URS-0475P1 | AQ10: 45120.655 | AR10: 45120.657 | AS10: =AR10-AQ10 -> 0.0021759259 | AU10: UR-0481-01P1 | AV10: 45121.62 | AW10: 45121.64 | AX10: =AW10-AV10 -> 0.020381944 | BA10: URS-0418P1 | BB10: 45125.602 | BC10: 45125.609 | BD10: =BC10-BB10 -> 0.0075231481 | BF10: UR-06101P1 | BG10: 45126.662 | BH10: 45126.671 | BI10: =BH10-BG10 -> 0.0092824074 | BP10: UR-0481-01P1 | BQ10: 45128.61 | BR10: 45128.63 | BS10: =BR10-BQ10 -> 0.02025463 | BV10: UR-0388P1 | BW10: 45131.481 | BX10: 45131.483 | BY10: =BX10-BW10 -> 0.0016550926 | CA10: UR-0488-01P1 | CB10: 45132.5 | CC10: 45132.507 | CD10: =CC10-CB10 -> 0.0068055556 | CK10: URS-0429P1 | CL10: 45134.6 | CM10: 45134.602 | CN10: =CM10-CL10 -> 0.0019560185 | CP10: URS-0475P1 | CQ10: 45135.615 | CR10: 45135.617 | CS10: =CR10-CQ10 -> 0.0021875 | CV10: UR-0476P2 | CW10: 45138.578 | CX10: 45138.58 | CY10: =CX10-CW10 -> 0.0011689815
F11: URS-0475P2 | G11: 45111.579 | H11: 45111.581 | I11: =H11-G11 -> 0.0026157407 | K11: URS-0475P1 | L11: 45112.704 | M11: 45112.706 | N11: =M11-L11 -> 0.0021875 | P11: UR-0481-01P1 | Q11: 45113.602 | R11: 45113.623 | S11: =R11-Q11 -> 0.020196759 | AA11: UR-0396P1 | AB11: 45117.563 | AC11: 45117.565 | AD11: =AC11-AB11 -> 0.0019791667 | AF11: UR-0481-01P1 | AG11: 45118.553 | AH11: 45118.573 | AI11: =AH11-AG11 -> 0.020277778 | AP11: UR-0488-01P4 | AQ11: 45120.661 | AR11: 45120.672 | AS11: =AR11-AQ11 -> 0.010277778 | AU11: UR-0488-01P4 | AV11: 45121.644 | AW11: 45121.654 | AX11: =AW11-AV11 -> 0.0099884259 | BA11: UR-0524P4 | BB11: 45125.612 | BC11: 45125.621 | BD11: =BC11-BB11 -> 0.008912037 | BP11: J-UR-05581P1_20220228 | BQ11: 45128.643 | BR11: 45128.661 | BS11: =BR11-BQ11 -> 0.018634259 | BV11: UR-0481-01P6 | BW11: 45131.496 | BX11: 45131.519 | BY11: =BX11-BW11 -> 0.02375 | CA11: URS-0475P2 | CB11: 45132.545 | CC11: 45132.548 | CD11: =CC11-CB11 -> 0.0028472222 | CK11: UR-0388P2 | CL11: 45134.609 | CM11: 45134.611 | CN11: =CM11-CL11 -> 0.0020833333 | CP11: UR-0493P1 | CQ11: 45135.621 | CR11: 45135.624 | CS11: =CR11-CQ11 -> 0.0026157407 | CV11: UR-0483P1 | CW11: 45138.59 | CX11: 45138.606 | CY11: =CX11-CW11 -> 0.016215278
F12: URS-0505P2 | G12: 45111.585 | H12: 45111.587 | I12: =H12-G12 -> 0.0016435185 | P12: UR-0493P2 | Q12: 45113.651 | R12: 45113.653 | S12: =R12-Q12 -> 0.0027430556 | AA12: UR-0480P1 | AB12: 45117.57 | AC12: 45117.578 | AD12: =AC12-AB12 -> 0.0081134259 | AF12: UR-0488-01P4 | AG12: 45118.577 | AH12: 45118.587 | AI12: =AH12-AG12 -> 0.0095138889 | AP12: UR-0488-01P1 | AQ12: 45120.688 | AR12: 45120.695 | AS12: =AR12-AQ12 -> 0.0068402778 | AU12: UR-0488-01P1 | AV12: 45121.68 | AW12: 45121.686 | AX12: =AW12-AV12 -> 0.0068171296 | BA12: UR-0524P1 | BB12: 45125.639 | BC12: 45125.648 | BD12: =BC12-BB12 -> 0.00875 | BV12: UR-0481-01P6 | BW12: 45131.541 | BX12: 45131.543 | BY12: =BX12-BW12 -> 0.0020601852 | CA12: URS-0505P2 | CB12: 45132.554 | CC12: 45132.556 | CD12: =CC12-CB12 -> 0.0017013889 | CK12: UR-0388P1 | CL12: 45134.618 | CM12: 45134.619 | CN12: =CM12-CL12 -> 0.0015972222 | CP12: UR-0480P1 | CQ12: 45135.64 | CR12: 45135.648 | CS12: =CR12-CQ12 -> 0.008125 | CV12: UR-0559-01P1 | CW12: 45138.629 | CX12: 45138.644 | CY12: =CX12-CW12 -> 0.014479167
F13: UR-0486P4 | G13: 45111.609 | H13: 45111.62 | I13: =H13-G13 -> 0.011296296 | P13: UR-0488-01P4 | Q13: 45113.657 | R13: 45113.666 | S13: =R13-Q13 -> 0.0095023148 | AA13: URS-0483P4 | AB13: 45117.582 | AC13: 45117.595 | AD13: =AC13-AB13 -> 0.013483796 | AF13: UR-0388P2 | AG13: 45118.591 | AH13: 45118.593 | AI13: =AH13-AG13 -> 0.0020833333 | AU13: UR-0486P4 | AV13: 45121.691 | AW13: 45121.702 | AX13: =AW13-AV13 -> 0.010902778 | BV13: UR-0481-01P1 | BW13: 45131.571 | BX13: 45131.592 | BY13: =BX13-BW13 -> 0.020706019 | CA13: URS-0475P1 | CB13: 45132.559 | CC13: 45132.561 | CD13: =CC13-CB13 -> 0.0021875 | CK13: URS-0505P2 | CL13: 45134.653 | CM13: 45134.655 | CN13: =CM13-CL13 -> 0.0016435185 | CP13: UR-0396P4 | CQ13: 45135.653 | CR13: 45135.657 | CS13: =CR13-CQ13 -> 0.0045717593 | CY13: =CX13-CW13 -> 0
F14: URS-0486P1 | G14: 45111.624 | H14: 45111.631 | I14: =H14-G14 -> 0.0066550926 | P14: UR-0493P1 | Q14: 45113.685 | R14: 45113.688 | S14: =R14-Q14 -> 0.0026157407 | AA14: UR-0587P4_20230629 | AB14: 45117.601 | AC14: 45117.604 | AD14: =AC14-AB14 -> 0.0027546296 | AF14: UR-0476P2 | AG14: 45118.598 | AH14: 45118.599 | AI14: =AH14-AG14 -> 0.0011689815 | BV14: UR-0488-01P4 | BW14: 45131.596 | BX14: 45131.606 | BY14: =BX14-BW14 -> 0.0094791667 | CA14: UR-0396P4 | CB14: 45132.567 | CC14: 45132.57 | CD14: =CC14-CB14 -> 0.0029282407 | CK14: UR-0486P4 | CL14: 45134.666 | CM14: 45134.68 | CN14: =CM14-CL14 -> 0.014131944 | CP14: UR-0396P1 | CQ14: 45135.662 | CR14: 45135.664 | CS14: =CR14-CQ14 -> 0.0019444444 | CY14: =CX14-CW14 -> 0
F15: UR-0480P4 | G15: 45111.654 | H15: 45111.663 | I15: =H15-G15 -> 0.0095833333 | AA15: UR-0587P1_20230629 | AB15: 45117.628 | AC15: 45117.63 | AD15: =AC15-AB15 -> 0.0016203704 | AF15: UR-0559-03P8 | AG15: 45118.607 | AH15: 45118.622 | AI15: =AH15-AG15 -> 0.015717593 | BV15: URS-0505P2 | BW15: 45131.611 | BX15: 45131.613 | BY15: =BX15-BW15 -> 0.0016666667 | CA15: UR-0476P2 | CB15: 45132.574 | CC15: 45132.575 | CD15: =CC15-CB15 -> 0.0012268519 | CP15: UR-0493P2 | CQ15: 45135.675 | CR15: 45135.678 | CS15: =CR15-CQ15 -> 0.0027893518 | CY15: =CX15-CW15 -> 0
F16: UR-0480P1 | G16: 45111.666 | H16: 45111.675 | I16: =H16-G16 -> 0.0089699074 | AA16: UR-0483P2 | AB16: 45117.651 | AC16: 45117.664 | AD16: =AC16-AB16 -> 0.012488426 | AF16: UR-0488-01P1 | AG16: 45118.628 | AH16: 45118.641 | AI16: =AH16-AG16 -> 0.012974537 | BV16: URS-0475P2 | BW16: 45131.626 | BX16: 45131.628 | BY16: =BX16-BW16 -> 0.0025810185 | CA16: UR-0396P1 | CB16: 45132.585 | CC16: 45132.587 | CD16: =CC16-CB16 -> 0.0019560185 | CY16: =CX16-CW16 -> 0
F17: UR-4425P4 | G17: 45111.681 | H17: 45111.692 | I17: =H17-G17 -> 0.010925926 | AA17: UR-0476P2 | AB17: 45117.676 | AC17: 45117.678 | AD17: =AC17-AB17 -> 0.0021064815 | AF17: UR-0388P1 | AG17: 45118.645 | AH17: 45118.646 | AI17: =AH17-AG17 -> 0.0015277778 | BV17: UR-0488-01P1 | BW17: 45131.646 | BX17: 45131.653 | BY17: =BX17-BW17 -> 0.0070833333 | CY17: =CX17-CW17 -> 0
F18: UR-4425P1 | G18: 45111.701 | H18: 45111.71 | I18: =H18-G18 -> 0.0087152778 | AF18: UR-0486P4 | AG18: 45118.65 | AH18: 45118.662 | AI18: =AH18-AG18 -> 0.011550926 | CY18: =CX18-CW18 -> 0
AI19: =AH19-AG19 -> 0 | CY19: =CX19-CW19 -> 0
AI20: =AH20-AG20 -> 0 | CY20: =CX20-CW20 -> 0
C25: TOTAL | D25: =SUM(D27:D43) -> 0.09787037 | H25: TOTAL | I25: =SUM(I27:I43) -> 0.014907407 | M25: TOTAL | N25: =SUM(N27:N43) -> 0.035092593 | R25: TOTAL | S25: =SUM(S27:S43) -> 0.016944444 | W25: TOTAL | X25: =SUM(X27:X43) -> 0.14811343 | AC25: TOTAL | AD25: =SUM(AD27:AD43) -> 0.052858796 | AH25: TOTAL | AI25: =SUM(AI27:AI43) -> 0.019664352 | AM25: TOTAL | AN25: =SUM(AN27:AN43) -> 0.061574074 | AR25: TOTAL | AS25: =SUM(AS27:AS43) -> 0.022141204 | AW25: TOTAL | AX25: =SUM(AX27:AX43) -> 0.039641204 | BC25: TOTAL | BD25: =SUM(BD27:BD43) -> 0.034305556 | BH25: TOTAL | BI25: =SUM(BI27:BI43) -> 0.075347222 | BM25: TOTAL | BN25: =SUM(BN27:BN43) -> 0.026215278 | BR25: TOTAL | BS25: =SUM(BS27:BS43) -> 0.046886574 | BX25: TOTAL | BY25: =SUM(BY27:BY43) -> 0.027777778 | CC25: TOTAL | CD25: =SUM(CD27:CD43) -> 0.043969907 | CH25: TOTAL | CI25: =SUM(CI27:CI43) -> 0.059236111 | CM25: TOTAL | CN25: =SUM(CN27:CN43) -> 0.025821759 | CR25: TOTAL | CS25: =SUM(CS27:CS43) -> 0.138125 | CX25: TOTAL | CY25: =SUM(CY27:CY43) -> 0
A26: ３日 | B26: 検査開始時間 | C26: 検査終了時間 | D26: 検査時間 | F26: ４日 | G26: 検査開始時間 | H26: 検査終了時間 | I26: 検査時間 | K26: ５日 | L26: 検査開始時間 | M26: 検査終了時間 | N26: 検査時間 | P26: ６日 | Q26: 検査開始時間 | R26: 検査終了時間 | S26: 検査時間 | U26: ７日 | V26: 検査開始時間 | W26: 検査終了時間 | X26: 検査時間 | AA26: １０日 | AB26: 検査開始時間 | AC26: 検査終了時間 | AD26: 検査時間 | AF26: １１日 | AG26: 検査開始時間 | AH26: 検査終了時間 | AI26: 検査時間 | AK26: １２日 | AL26: 検査開始時間 | AM26: 検査終了時間 | AN26: 検査時間 | AP26: １３日 | AQ26: 検査開始時間 | AR26: 検査終了時間 | AS26: 検査時間 | AU26: １４日 | AV26: 検査開始時間 | AW26: 検査終了時間 | AX26: 検査時間 | BA26: １８日 | BB26: 検査開始時間 | BC26: 検査終了時間 | BD26: 検査時間 | BF26: １９日 | BG26: 検査開始時間 | BH26: 検査終了時間 | BI26: 検査時間 | BK26: ２０日 | BL26: 検査開始時間 | BM26: 検査終了時間 | BN26: 検査時間 | BP26: ２１日 | BQ26: 検査開始時間 | BR26: 検査終了時間 | BS26: 検査時間 | BV26: ２４日 | BW26: 検査開始時間 | BX26: 検査終了時間 | BY26: 検査時間 | CA26: ２５日 | CB26: 検査開始時間 | CC26: 検査終了時間 | CD26: 検査時間 | CF26: ２６日 | CG26: 検査開始時間 | CH26: 検査終了時間 | CI26: 検査時間 | CK26: ２７日 | CL26: 検査開始時間 | CM26: 検査終了時間 | CN26: 検査時間 | CP26: ２８日 | CQ26: 検査開始時間 | CR26: 検査終了時間 | CS26: 検査時間 | CV26: ３１日 | CW26: 検査開始時間 | CX26: 検査終了時間 | CY26: 検査時間
A27: J-UR-05581P4_20220228 | B27: 45110.742 | C27: 45110.768 | D27: =C27-B27 -> 0.025625 | F27: URS-0428P6 | G27: 45111.792 | H27: 45111.795 | I27: =H27-G27 -> 0.0023611111 | K27: UR-0493P2 | L27: 45112.733 | M27: 45112.735 | N27: =M27-L27 -> 0.0028009259 | P27: UR-0480P4 | Q27: 45113.916 | R27: 45113.924 | S27: =R27-Q27 -> 0.0075347222 | U27: UT-0988P4 | V27: 45114.801 | W27: 45114.807 | X27: =W27-V27 -> 0.0057175926 | AA27: UR-0481-01P6 | AB27: 45117.746 | AC27: 45117.772 | AD27: =AC27-AB27 -> 0.026111111 | AF27: URS-0486P1 | AG27: 45118.901 | AH27: 45118.908 | AI27: =AH27-AG27 -> 0.006724537 | AK27: URS-0437P1 | AL27: 45119.861 | AM27: 45119.875 | AN27: =AM27-AL27 -> 0.014097222 | AP27: UR-0480P4 | AQ27: 45120.744 | AR27: 45120.753 | AS27: =AR27-AQ27 -> 0.0086111111 | AU27: URS-0475P2 | AV27: 45121.902 | AW27: 45121.905 | AX27: =AW27-AV27 -> 0.0027314815 | BA27: UR-0493P2 | BB27: 45125.849 | BC27: 45125.852 | BD27: =BC27-BB27 -> 0.0030902778 | BF27: UR-0486P4 | BG27: 45126.855 | BH27: 45126.867 | BI27: =BH27-BG27 -> 0.012256944 | BK27: URS-0483P4 | BL27: 45127.791 | BM27: 45127.804 | BN27: =BM27-BL27 -> 0.013518519 | BP27: UR-0486P4 | BQ27: 45128.948 | BR27: 45128.959 | BS27: =BR27-BQ27 -> 0.011261574 | BV27: URS-0475P1 | BW27: 45131.735 | BX27: 45131.738 | BY27: =BX27-BW27 -> 0.0021759259 | CA27: URS-0483P4 | CB27: 45132.722 | CC27: 45132.736 | CD27: =CC27-CB27 -> 0.013842593 | CF27: J-UR-05581P1_20220228 | CG27: 45133.872 | CH27: 45133.89 | CI27: =CH27-CG27 -> 0.017083333 | CK27: UR-0481-01P6 | CL27: 45134.866 | CM27: 45134.892 | CN27: =CM27-CL27 -> 0.025821759 | CP27: UR-0481-01P1 | CQ27: 45135.885 | CR27: 45135.977 | CS27: =CR27-CQ27 -> 0.091840278 | CY27: =CX27-CW27 -> 0
A28: UR-0509-01P1 | B28: 45110.785 | C28: 45110.811 | D28: =C28-B28 -> 0.026388889 | F28: URS-0428P1 | G28: 45111.966 | H28: 45111.969 | I28: =H28-G28 -> 0.0034490741 | K28: UR-0493P1 | L28: 45112.957 | M28: 45112.96 | N28: =M28-L28 -> 0.0027893519 | P28: UR-0480P1 | Q28: 45113.971 | R28: 45113.979 | S28: =R28-Q28 -> 0.0082291667 | U28: UT-0988P1 | V28: 45114.807 | W28: 45114.816 | X28: =W28-V28 -> 0.0090625 | AA28: UR-0481-01P1 | AB28: 45117.868 | AC28: 45117.889 | AD28: =AC28-AB28 -> 0.021805556 | AF28: URS-0475P2 | AG28: 45118.92 | AH28: 45118.923 | AI28: =AH28-AG28 -> 0.0025462963 | AK28: URS-0437P2 | AL28: 45119.879 | AM28: 45119.894 | AN28: =AM28-AL28 -> 0.015266204 | AP28: UR-0493P2 | AQ28: 45120.8 | AR28: 45120.803 | AS28: =AR28-AQ28 -> 0.0027546296 | AU28: URS-0475P1 | AV28: 45121.907 | AW28: 45121.909 | AX28: =AW28-AV28 -> 0.0022106481 | BA28: UR-0480P4 | BB28: 45125.908 | BC28: 45125.923 | BD28: =BC28-BB28 -> 0.015428241 | BF28: URS-0475P2 | BG28: 45126.878 | BH28: 45126.881 | BI28: =BH28-BG28 -> 0.0027662037 | BK28: UR-0483P1 | BL28: 45128.017 | BM28: 45128.03 | BN28: =BM28-BL28 -> 0.012696759 | BP28: URS-0486P1 | BQ28: 45128.964 | BR28: 45128.97 | BS28: =BR28-BQ28 -> 0.0065625 | BV28: UR-0486P4 | BW28: 45131.747 | BX28: 45131.761 | BY28: =BX28-BW28 -> 0.013541667 | CA28: UR-0480P4 | CB28: 45132.768 | CC28: 45132.776 | CD28: =CC28-CB28 -> 0.0079513889 | CF28: UR-0480P4 | CG28: 45133.899 | CH28: 45133.907 | CI28: =CH28-CG28 -> 0.0081481481 | CN28: =CM28-CL28 -> 0 | CP28: UR-0481-01P6 | CQ28: 45135.908 | CR28: 45135.934 | CS28: =CR28-CQ28 -> 0.026030093 | CY28: =CX28-CW28 -> 0
A29: J-UR-05581P1_20220228 | B29: 45110.883 | C29: 45110.904 | D29: =C29-B29 -> 0.021331019 | F29: UR-0489P4 | G29: 45111.984 | H29: 45111.993 | I29: =H29-G29 -> 0.0090972222 | K29: URS-0437P1 | L29: 45112.974 | M29: 45112.988 | N29: =M29-L29 -> 0.014155093 | P29: UR-0476P2 | Q29: 45113.986 | R29: 45113.987 | S29: =R29-Q29 -> 0.0011805556 | U29: UR-0476P2 | V29: 45114.816 | W29: 45114.843 | X29: =W29-V29 -> 0.026909722 | AA29: URS-0475P2 | AB29: 45117.913 | AC29: 45117.916 | AD29: =AC29-AB29 -> 0.0027199074 | AF29: URS-0475P1 | AG29: 45118.931 | AH29: 45118.934 | AI29: =AH29-AG29 -> 0.0021759259 | AK29: URS-0483P4 | AL29: 45119.905 | AM29: 45119.919 | AN29: =AM29-AL29 -> 0.014050926 | AP29: UR-0480P1 | AQ29: 45120.903 | AR29: 45120.911 | AS29: =AR29-AQ29 -> 0.0081597222 | AU29: URS-0505P2 | AV29: 45121.911 | AW29: 45121.914 | AX29: =AW29-AV29 -> 0.0021643518 | BA29: UR-0493P1 | BB29: 45125.978 | BC29: 45125.98 | BD29: =BC29-BB29 -> 0.0026157407 | BF29: URS-0486P1 | BG29: 45126.933 | BH29: 45126.94 | BI29: =BH29-BG29 -> 0.0067013889 | BN29: =BM29-BL29 -> 0 | BP29: UR-0493P2 | BQ29: 45128.977 | BR29: 45128.98 | BS29: =BR29-BQ29 -> 0.0027662037 | BV29: UR-0493P2 | BW29: 45131.764 | BX29: 45131.767 | BY29: =BX29-BW29 -> 0.0028935185 | CA29: UR-0483P1 | CB29: 45132.845 | CC29: 45132.858 | CD29: =CC29-CB29 -> 0.012708333 | CF29: UR-0493P2 | CG29: 45133.921 | CH29: 45133.924 | CI29: =CH29-CG29 -> 0.0026967593 | CN29: =CM29-CL29 -> 0 | CP29: UR-0489P4 | CQ29: 45135.983 | CR29: 45135.992 | CS29: =CR29-CQ29 -> 0.009375 | CY29: =CX29-CW29 -> 0
A30: UR-0559-03P8 | B30: 45110.959 | C30: 45110.979 | D30: =C30-B30 -> 0.019699074 | I30: =H30-G30 -> 0 | K30: URS-0437P2 | L30: 45112.994 | M30: 45113.01 | N30: =M30-L30 -> 0.015347222 | S30: =R30-Q30 -> 0 | U30: UR-0493P2 | V30: 45114.842 | W30: 45114.857 | X30: =W30-V30 -> 0.014270833 | AA30: URS-0505P2 | AB30: 45117.919 | AC30: 45117.921 | AD30: =AC30-AB30 -> 0.0022222222 | AF30: UR-0480P4 | AG30: 45118.949 | AH30: 45118.957 | AI30: =AH30-AG30 -> 0.0082175926 | AK30: UR-0493P2 | AL30: 45119.948 | AM30: 45119.951 | AN30: =AM30-AL30 -> 0.002662037 | AP30: UR-0493P1 | AQ30: 45120.914 | AR30: 45120.917 | AS30: =AR30-AQ30 -> 0.0026157407 | AU30: UR-0493P2 | AV30: 45121.957 | AW30: 45121.96 | AX30: =AW30-AV30 -> 0.0027777778 | BA30: UR-0480P1 | BB30: 45125.984 | BC30: 45125.992 | BD30: =BC30-BB30 -> 0.0081365741 | BF30: URS-0475P1 | BG30: 45126.949 | BH30: 45126.951 | BI30: =BH30-BG30 -> 0.0021875 | BN30: =BM30-BL30 -> 0 | BP30: UR-0511P1 | BQ30: 45128.988 | BR30: 45129.003 | BS30: =BR30-BQ30 -> 0.014490741 | BV30: UR-0493P1 | BW30: 45131.849 | BX30: 45131.851 | BY30: =BX30-BW30 -> 0.0026041667 | CA30: UR-0480P1 | CB30: 45132.861 | CC30: 45132.87 | CD30: =CC30-CB30 -> 0.0094675926 | CF30: UR-0480P1 | CG30: 45133.945 | CH30: 45133.953 | CI30: =CH30-CG30 -> 0.0081597222 | CN30: =CM30-CL30 -> 0 | CP30: UR-0493P1 | CQ30: 45135.996 | CR30: 45135.999 | CS30: =CR30-CQ30 -> 0.0026157407 | CY30: =CX30-CW30 -> 0
A31: UR-0493P2 | B31: 45110.99 | C31: 45110.993 | D31: =C31-B31 -> 0.0026273148 | I31: =H31-G31 -> 0 | N31: =M31-L31 -> 0 | S31: =R31-Q31 -> 0 | U31: UTS-0831 | V31: 45114.857 | W31: 45114.86 | X31: =W31-V31 -> 0.0035763889 | AD31: =AC31-AB31 -> 0 | AI31: =AH31-AG31 -> 0 | AK31: UR-0483P1 | AL31: 45119.96 | AM31: 45119.973 | AN31: =AM31-AL31 -> 0.01287037 | AS31: =AR31-AQ31 -> 0 | AU31: URS-0437P1 | AV31: 45121.973 | AW31: 45121.987 | AX31: =AW31-AV31 -> 0.013969907 | BA31: UR-4035P4 | BB31: 45125.996 | BC31: 45126.001 | BD31: =BC31-BB31 -> 0.0050347222 | BF31: URS-0437P1 | BG31: 45126.964 | BH31: 45126.981 | BI31: =BH31-BG31 -> 0.016539352 | BN31: =BM31-BL31 -> 0 | BP31: UR-0489P4 | BQ31: 45129.012 | BR31: 45129.021 | BS31: =BR31-BQ31 -> 0.0091898148 | BV31: URS-0486P1 | BW31: 45131.855 | BX31: 45131.862 | BY31: =BX31-BW31 -> 0.0065625 | CD31: =CC31-CB31 -> 0 | CF31: UR-0493P1 | CG31: 45133.955 | CH31: 45133.958 | CI31: =CH31-CG31 -> 0.0026157407 | CN31: =CM31-CL31 -> 0 | CP31: UR-0489P1 | CQ31: 45136.023 | CR31: 45136.031 | CS31: =CR31-CQ31 -> 0.0082638889 | CY31: =CX31-CW31 -> 0
A32: URS-0505P2 | B32: 45111.003 | C32: 45111.005 | D32: =C32-B32 -> 0.0021990741 | I32: =H32-G32 -> 0 | N32: =M32-L32 -> 0 | S32: =R32-Q32 -> 0 | U32: UT-2507-01P6 | V32: 45114.86 | W32: 45114.875 | X32: =W32-V32 -> 0.015023148 | AD32: =AC32-AB32 -> 0 | AI32: =AH32-AG32 -> 0 | AK32: UR-0493P1 | AL32: 45119.976 | AM32: 45119.978 | AN32: =AM32-AL32 -> 0.0026273148 | AS32: =AR32-AQ32 -> 0 | AU32: URS-0437P2 | AV32: 45121.995 | AW32: 45122.011 | AX32: =AW32-AV32 -> 0.015787037 | BD32: =BC32-BB32 -> 0 | BF32: URS-0437P2 | BG32: 45126.984 | BH32: 45127.001 | BI32: =BH32-BG32 -> 0.016678241 | BN32: =BM32-BL32 -> 0 | BP32: UR-0493P1 | BQ32: 45129.025 | BR32: 45129.027 | BS32: =BR32-BQ32 -> 0.0026157407 | BY32: =BX32-BW32 -> 0 | CD32: =CC32-CB32 -> 0 | CF32: UR-0554P6 | CG32: 45133.972 | CH32: 45133.983 | CI32: =CH32-CG32 -> 0.01099537 | CN32: =CM32-CL32 -> 0 | CS32: =CR32-CQ32 -> 0 | CY32: =CX32-CW32 -> 0
D33: =C33-B33 -> 0 | I33: =H33-G33 -> 0 | N33: =M33-L33 -> 0 | S33: =R33-Q33 -> 0 | U33: UR-0493P1 | V33: 45114.875 | W33: 45114.882 | X33: =W33-V33 -> 0.0063425926 | AD33: =AC33-AB33 -> 0 | AI33: =AH33-AG33 -> 0 | AN33: =AM33-AL33 -> 0 | AS33: =AR33-AQ33 -> 0 | AX33: =AW33-AV33 -> 0 | BD33: =BC33-BB33 -> 0 | BF33: UR-0476P2 | BG33: 45127.005 | BH33: 45127.007 | BI33: =BH33-BG33 -> 0.0018981482 | BN33: =BM33-BL33 -> 0 | BS33: =BR33-BQ33 -> 0 | BY33: =BX33-BW33 -> 0 | CD33: =CC33-CB33 -> 0 | CF33: UR-0554P1 | CG33: 45134.012 | CH33: 45134.022 | CI33: =CH33-CG33 -> 0.009537037 | CN33: =CM33-CL33 -> 0 | CS33: =CR33-CQ33 -> 0 | CY33: =CX33-CW33 -> 0
D34: =C34-B34 -> 0 | I34: =H34-G34 -> 0 | N34: =M34-L34 -> 0 | S34: =R34-Q34 -> 0 | U34: UT-2507-01P1 | V34: 45114.882 | W34: 45114.898 | X34: =W34-V34 -> 0.016886574 | AD34: =AC34-AB34 -> 0 | AI34: =AH34-AG34 -> 0 | AN34: =AM34-AL34 -> 0 | AS34: =AR34-AQ34 -> 0 | AX34: =AW34-AV34 -> 0 | BD34: =BC34-BB34 -> 0 | BF34: UR-0480P4 | BG34: 45127.014 | BH34: 45127.022 | BI34: =BH34-BG34 -> 0.0081134259 | BN34: =BM34-BL34 -> 0 | BS34: =BR34-BQ34 -> 0 | BY34: =BX34-BW34 -> 0 | CD34: =CC34-CB34 -> 0 | CI34: =CH34-CG34 -> 0 | CN34: =CM34-CL34 -> 0 | CS34: =CR34-CQ34 -> 0 | CY34: =CX34-CW34 -> 0
D35: =C35-B35 -> 0 | I35: =H35-G35 -> 0 | N35: =M35-L35 -> 0 | S35: =R35-Q35 -> 0 | U35: URS-0437P1 | V35: 45114.898 | W35: 45114.949 | X35: =W35-V35 -> 0.050324074 | AD35: =AC35-AB35 -> 0 | AI35: =AH35-AG35 -> 0 | AN35: =AM35-AL35 -> 0 | AS35: =AR35-AQ35 -> 0 | AX35: =AW35-AV35 -> 0 | BD35: =BC35-BB35 -> 0 | BF35: UR-0480P1 | BG35: 45127.025 | BH35: 45127.033 | BI35: =BH35-BG35 -> 0.0082060185 | BN35: =BM35-BL35 -> 0 | BS35: =BR35-BQ35 -> 0 | BY35: =BX35-BW35 -> 0 | CD35: =CC35-CB35 -> 0 | CI35: =CH35-CG35 -> 0 | CN35: =CM35-CL35 -> 0 | CS35: =CR35-CQ35 -> 0 | CY35: =CX35-CW35 -> 0
D36: =C36-B36 -> 0 | I36: =H36-G36 -> 0 | N36: =M36-L36 -> 0 | S36: =R36-Q36 -> 0 | X36: 0 | AD36: =AC36-AB36 -> 0 | AI36: =AH36-AG36 -> 0 | AN36: =AM36-AL36 -> 0 | AS36: =AR36-AQ36 -> 0 | AX36: =AW36-AV36 -> 0 | BD36: =BC36-BB36 -> 0 | BI36: =BH36-BG36 -> 0 | BN36: =BM36-BL36 -> 0 | BS36: =BR36-BQ36 -> 0 | BY36: =BX36-BW36 -> 0 | CD36: =CC36-CB36 -> 0 | CI36: =CH36-CG36 -> 0 | CN36: =CM36-CL36 -> 0 | CY36: =CX36-CW36 -> 0
D37: =C37-B37 -> 0 | I37: =H37-G37 -> 0 | N37: =M37-L37 -> 0 | S37: =R37-Q37 -> 0 | X37: 0 | AD37: =AC37-AB37 -> 0 | AI37: =AH37-AG37 -> 0 | AN37: =AM37-AL37 -> 0 | AS37: =AR37-AQ37 -> 0 | AX37: =AW37-AV37 -> 0 | BD37: =BC37-BB37 -> 0 | BI37: =BH37-BG37 -> 0 | BN37: =BM37-BL37 -> 0 | BS37: =BR37-BQ37 -> 0 | BY37: =BX37-BW37 -> 0 | CD37: =CC37-CB37 -> 0 | CI37: =CH37-CG37 -> 0 | CN37: =CM37-CL37 -> 0 | CY37: =CX37-CW37 -> 0
D38: =C38-B38 -> 0 | I38: =H38-G38 -> 0 | N38: =M38-L38 -> 0 | S38: =R38-Q38 -> 0 | X38: 0 | AD38: =AC38-AB38 -> 0 | AI38: =AH38-AG38 -> 0 | AN38: =AM38-AL38 -> 0 | AS38: =AR38-AQ38 -> 0 | AX38: =AW38-AV38 -> 0 | BD38: =BC38-BB38 -> 0 | BI38: =BH38-BG38 -> 0 | BN38: =BM38-BL38 -> 0 | BS38: =BR38-BQ38 -> 0 | BY38: =BX38-BW38 -> 0 | CD38: =CC38-CB38 -> 0 | CI38: =CH38-CG38 -> 0 | CN38: =CM38-CL38 -> 0 | CY38: =CX38-CW38 -> 0
D39: =C39-B39 -> 0 | I39: =H39-G39 -> 0 | N39: =M39-L39 -> 0 | S39: =R39-Q39 -> 0 | X39: 0 | AD39: =AC39-AB39 -> 0 | AI39: =AH39-AG39 -> 0 | AN39: =AM39-AL39 -> 0 | AS39: =AR39-AQ39 -> 0 | AX39: =AW39-AV39 -> 0 | BD39: =BC39-BB39 -> 0 | BI39: =BH39-BG39 -> 0 | BN39: =BM39-BL39 -> 0 | BS39: =BR39-BQ39 -> 0 | BY39: =BX39-BW39 -> 0 | CD39: =CC39-CB39 -> 0 | CI39: =CH39-CG39 -> 0 | CN39: =CM39-CL39 -> 0 | CY39: =CX39-CW39 -> 0
D40: =C40-B40 -> 0 | I40: =H40-G40 -> 0 | N40: =M40-L40 -> 0 | S40: =R40-Q40 -> 0 | X40: 0 | AD40: =AC40-AB40 -> 0 | AI40: =AH40-AG40 -> 0 | AN40: =AM40-AL40 -> 0 | AS40: =AR40-AQ40 -> 0 | AX40: =AW40-AV40 -> 0 | BD40: =BC40-BB40 -> 0 | BI40: =BH40-BG40 -> 0 | BN40: =BM40-BL40 -> 0 | BS40: =BR40-BQ40 -> 0 | BY40: =BX40-BW40 -> 0 | CD40: =CC40-CB40 -> 0 | CI40: =CH40-CG40 -> 0 | CN40: =CM40-CL40 -> 0 | CY40: =CX40-CW40 -> 0
D41: =C41-B41 -> 0 | I41: =H41-G41 -> 0 | N41: =M41-L41 -> 0 | S41: =R41-Q41 -> 0 | X41: 0 | AD41: =AC41-AB41 -> 0 | AI41: =AH41-AG41 -> 0 | AN41: =AM41-AL41 -> 0 | AS41: =AR41-AQ41 -> 0 | AX41: =AW41-AV41 -> 0 | BD41: =BC41-BB41 -> 0 | BI41: =BH41-BG41 -> 0 | BN41: =BM41-BL41 -> 0 | BS41: =BR41-BQ41 -> 0 | BY41: =BX41-BW41 -> 0 | CD41: =CC41-CB41 -> 0 | CI41: =CH41-CG41 -> 0 | CN41: =CM41-CL41 -> 0 | CY41: =CX41-CW41 -> 0
D42: =C42-B42 -> 0 | I42: =H42-G42 -> 0 | N42: =M42-L42 -> 0 | S42: =R42-Q42 -> 0 | X42: 0 | AD42: =AC42-AB42 -> 0 | AI42: =AH42-AG42 -> 0 | AN42: =AM42-AL42 -> 0 | AS42: =AR42-AQ42 -> 0 | AX42: =AW42-AV42 -> 0 | BD42: =BC42-BB42 -> 0 | BI42: =BH42-BG42 -> 0 | BN42: =BM42-BL42 -> 0 | BS42: =BR42-BQ42 -> 0 | BY42: =BX42-BW42 -> 0 | CD42: =CC42-CB42 -> 0 | CI42: =CH42-CG42 -> 0 | CN42: =CM42-CL42 -> 0 | CY42: =CX42-CW42 -> 0
D43: =C43-B43 -> 0 | I43: =H43-G43 -> 0 | N43: =M43-L43 -> 0 | S43: =R43-Q43 -> 0 | X43: 0 | AD43: =AC43-AB43 -> 0 | AI43: =AH43-AG43 -> 0 | AN43: =AM43-AL43 -> 0 | AS43: =AR43-AQ43 -> 0 | AX43: =AW43-AV43 -> 0 | BD43: =BC43-BB43 -> 0 | BI43: =BH43-BG43 -> 0 | BN43: =BM43-BL43 -> 0 | BS43: =BR43-BQ43 -> 0 | BY43: =BX43-BW43 -> 0 | CD43: =CC43-CB43 -> 0 | CI43: =CH43-CG43 -> 0 | CN43: =CM43-CL43 -> 0 | CY43: =CX43-CW43 -> 0
CP1009: UR-0489P4 | CQ1009: 45111.42 | CR1009: 45111.42
CP1010: UR-0489P4 | CQ1010: 45111.42 | CR1010: 45111.42
CP1011: UR-0489P4 | CQ1011: 45111.42 | CR1011: 45111.42
CP1012: UR-0489P4 | CQ1012: 45111.42 | CR1012: 45111.42
CP1013: UR-0489P4 | CQ1013: 45111.42 | CR1013: 45111.42
CP1014: UR-0489P4 | CQ1014: 45111.42 | CR1014: 45111.42
CP1015: UR-0489P4 | CQ1015: 45111.419 | CR1015: 45111.419
CP1016: UR-0489P4 | CQ1016: 45111.419 | CR1016: 45111.419
CP1017: UR-0489P4 | CQ1017: 45111.419 | CR1017: 45111.419
CP1018: UR-0489P4 | CQ1018: 45111.419 | CR1018: 45111.419
CP1019: UR-0489P4 | CQ1019: 45111.419 | CR1019: 45111.419
CP1020: UR-0489P4 | CQ1020: 45111.605 | CR1020: 45111.605
CP1021: UR-0489P4 | CQ1021: 45111.604 | CR1021: 45111.604 | CW1021: 45111.42 | CX1021: 45111.42
CP1022: UR-0489P4 | CQ1022: 45111.604 | CR1022: 45111.604 | CW1022: 45111.42 | CX1022: 45111.42
CP1023: UR-0489P4 | CQ1023: 45111.604 | CR1023: 45111.604 | CW1023: 45111.42 | CX1023: 45111.42
CP1024: UR-0489P4 | CQ1024: 45111.604 | CR1024: 45111.604 | CW1024: 45111.42 | CX1024: 45111.42
CP1025: UR-0489P4 | CQ1025: 45111.604 | CR1025: 45111.604 | CW1025: 45111.42 | CX1025: 45111.42
CP1026: UR-0489P4 | CQ1026: 45111.604 | CR1026: 45111.604 | CW1026: 45111.42 | CX1026: 45111.42
CP1027: UR-0489P4 | CQ1027: 45111.604 | CR1027: 45111.604 | CW1027: 45111.419 | CX1027: 45111.419
AF1028: URS-0483P4 | AG1028: 45111.42 | AH1028: 45111.42 | CP1028: UR-0489P4 | CQ1028: 45111.603 | CR1028: 45111.603 | CW1028: 45111.419 | CX1028: 45111.419
AF1029: URS-0483P4 | AG1029: 45111.42 | AH1029: 45111.42 | CP1029: UR-0489P4 | CQ1029: 45111.603 | CR1029: 45111.603 | CW1029: 45111.419 | CX1029: 45111.419
AF1030: URS-0483P4 | AG1030: 45111.42 | AH1030: 45111.42 | CP1030: UR-0489P4 | CQ1030: 45111.603 | CR1030: 45111.603 | CW1030: 45111.419 | CX1030: 45111.419
AF1031: URS-0483P4 | AG1031: 45111.42 | AH1031: 45111.42 | CP1031: UR-0489P4 | CQ1031: 45111.603 | CR1031: 45111.603 | CW1031: 45111.419 | CX1031: 45111.419
AF1032: URS-0483P4 | AG1032: 45111.42 | AH1032: 45111.42 | CP1032: UR-0489P4 | CQ1032: 45111.603 | CR1032: 45111.603 | CW1032: 45111.605 | CX1032: 45111.605
F1033: URS-0437P2 | G1033: 45111.42 | H1033: 45111.42 | AF1033: URS-0483P4 | AG1033: 45111.42 | AH1033: 45111.42 | CP1033: UR-0489P4 | CQ1033: 45111.603 | CR1033: 45111.603 | CW1033: 45111.604 | CX1033: 45111.604
F1034: URS-0437P2 | G1034: 45111.42 | H1034: 45111.42 | AF1034: URS-0483P4 | AG1034: 45111.419 | AH1034: 45111.419 | BV1034: UR-4487P8 | BW1034: 45111.42 | BX1034: 45111.42 | CP1034: UR-0489P4 | CQ1034: 45111.602 | CR1034: 45111.603 | CW1034: 45111.604 | CX1034: 45111.604
F1035: URS-0437P2 | G1035: 45111.42 | H1035: 45111.42 | AA1035: UR-0520P4 | AB1035: 45111.42 | AC1035: 45111.42 | AF1035: URS-0483P4 | AG1035: 45111.419 | AH1035: 45111.419 | AP1035: URS-42144-02P6_20230523 | AQ1035: 45111.42 | AR1035: 45111.42 | AU1035: URS-0540P4 | AV1035: 45111.42 | AW1035: 45111.42 | BV1035: UR-4487P8 | BW1035: 45111.42 | BX1035: 45111.42 | CA1035: UR-43721P1 | CB1035: 45111.42 | CC1035: 45111.42 | CP1035: UR-0489P4 | CQ1035: 45111.575 | CR1035: 45111.575 | CW1035: 45111.604 | CX1035: 45111.604
F1036: URS-0437P2 | G1036: 45111.42 | H1036: 45111.42 | AA1036: UR-0520P4 | AB1036: 45111.42 | AC1036: 45111.42 | AF1036: URS-0483P4 | AG1036: 45111.419 | AH1036: 45111.419 | AP1036: URS-42144-02P6_20230523 | AQ1036: 45111.42 | AR1036: 45111.42 | AU1036: URS-0540P4 | AV1036: 45111.42 | AW1036: 45111.42 | BV1036: UR-4487P8 | BW1036: 45111.42 | BX1036: 45111.42 | CA1036: UR-43721P1 | CB1036: 45111.42 | CC1036: 45111.42 | CP1036: UR-0489P4 | CQ1036: 45111.575 | CR1036: 45111.575 | CW1036: 45111.604 | CX1036: 45111.604
F1037: URS-0437P2 | G1037: 45111.42 | H1037: 45111.42 | AA1037: UR-0520P4 | AB1037: 45111.42 | AC1037: 45111.42 | AF1037: URS-0483P4 | AG1037: 45111.419 | AH1037: 45111.419 | AP1037: URS-42144-02P6_20230523 | AQ1037: 45111.42 | AR1037: 45111.42 | AU1037: URS-0540P4 | AV1037: 45111.42 | AW1037: 45111.42 | BV1037: UR-4487P8 | BW1037: 45111.42 | BX1037: 45111.42 | CA1037: UR-43721P1 | CB1037: 45111.42 | CC1037: 45111.42 | CK1037: URS-0505P2 | CL1037: 45111.42 | CM1037: 45111.42 | CP1037: UR-0489P4 | CQ1037: 45111.575 | CR1037: 45111.575 | CW1037: 45111.604 | CX1037: 45111.604
F1038: URS-0437P2 | G1038: 45111.42 | H1038: 45111.42 | AA1038: UR-0520P4 | AB1038: 45111.42 | AC1038: 45111.42 | AF1038: URS-0483P4 | AG1038: 45111.419 | AH1038: 45111.419 | AP1038: URS-42144-02P6_20230523 | AQ1038: 45111.42 | AR1038: 45111.42 | AU1038: URS-0540P4 | AV1038: 45111.42 | AW1038: 45111.42 | BV1038: UR-4487P8 | BW1038: 45111.42 | BX1038: 45111.42 | CA1038: UR-43721P1 | CB1038: 45111.42 | CC1038: 45111.42 | CK1038: URS-0505P2 | CL1038: 45111.42 | CM1038: 45111.42 | CP1038: UR-0489P4 | CQ1038: 45111.575 | CR1038: 45111.575 | CW1038: 45111.604 | CX1038: 45111.604
F1039: URS-0437P2 | G1039: 45111.419 | H1039: 45111.419 | P1039: UR-4435P6 | Q1039: 45111.42 | R1039: 45111.42 | AA1039: UR-0520P4 | AB1039: 45111.42 | AC1039: 45111.42 | AF1039: URS-0483P4 | AG1039: 45111.605 | AH1039: 45111.605 | AP1039: URS-42144-02P6_20230523 | AQ1039: 45111.42 | AR1039: 45111.42 | AU1039: URS-0540P4 | AV1039: 45111.42 | AW1039: 45111.42 | BV1039: UR-4487P8 | BW1039: 45111.42 | BX1039: 45111.42 | CA1039: UR-43721P1 | CB1039: 45111.42 | CC1039: 45111.42 | CK1039: URS-0505P2 | CL1039: 45111.42 | CM1039: 45111.42 | CP1039: UR-0489P4 | CQ1039: 45111.575 | CR1039: 45111.575 | CW1039: 45111.604 | CX1039: 45111.604
F1040: URS-0437P2 | G1040: 45111.419 | H1040: 45111.419 | K1040: URS-0437P1 | L1040: 45111.42 | M1040: 45111.42 | P1040: UR-4435P6 | Q1040: 45111.42 | R1040: 45111.42 | AA1040: UR-0520P4 | AB1040: 45111.42 | AC1040: 45111.42 | AF1040: URS-0483P4 | AG1040: 45111.604 | AH1040: 45111.604 | AK1040: URS-0483P4 | AL1040: 45111.42 | AM1040: 45111.42 | AP1040: URS-42144-02P6_20230523 | AQ1040: 45111.42 | AR1040: 45111.42 | AU1040: URS-0540P4 | AV1040: 45111.42 | AW1040: 45111.42 | BV1040: UR-4487P8 | BW1040: 45111.419 | BX1040: 45111.419 | CA1040: UR-43721P1 | CB1040: 45111.42 | CC1040: 45111.42 | CK1040: URS-0505P2 | CL1040: 45111.42 | CM1040: 45111.42 | CP1040: UR-0489P4 | CQ1040: 45111.575 | CR1040: 45111.575 | CW1040: 45111.603 | CX1040: 45111.603
F1041: URS-0437P2 | G1041: 45111.419 | H1041: 45111.419 | K1041: URS-0437P1 | L1041: 45111.42 | M1041: 45111.42 | P1041: UR-4435P6 | Q1041: 45111.42 | R1041: 45111.42 | AA1041: UR-0520P4 | AB1041: 45111.419 | AC1041: 45111.419 | AF1041: URS-0483P4 | AG1041: 45111.604 | AH1041: 45111.604 | AK1041: URS-0483P4 | AL1041: 45111.42 | AM1041: 45111.42 | AP1041: URS-42144-02P6_20230523 | AQ1041: 45111.419 | AR1041: 45111.419 | AU1041: URS-0540P4 | AV1041: 45111.419 | AW1041: 45111.419 | BV1041: UR-4487P8 | BW1041: 45111.419 | BX1041: 45111.419 | CA1041: UR-43721P1 | CB1041: 45111.419 | CC1041: 45111.419 | CF1041: UR-0559-03P8 | CG1041: 45111.42 | CH1041: 45111.42 | CK1041: URS-0505P2 | CL1041: 45111.42 | CM1041: 45111.42 | CP1041: UR-0489P4 | CQ1041: 45111.574 | CR1041: 45111.574 | CW1041: 45111.603 | CX1041: 45111.603
A1042: URS-42144-02P1_20230523 | B1042: 45110.409 | C1042: 45110.409 | F1042: URS-0437P2 | G1042: 45111.419 | H1042: 45111.419 | K1042: URS-0437P1 | L1042: 45111.42 | M1042: 45111.42 | P1042: UR-4435P6 | Q1042: 45111.42 | R1042: 45111.42 | AA1042: UR-0520P4 | AB1042: 45111.419 | AC1042: 45111.419 | AF1042: URS-0483P4 | AG1042: 45111.604 | AH1042: 45111.604 | AK1042: URS-0483P4 | AL1042: 45111.42 | AM1042: 45111.42 | AP1042: URS-42144-02P6_20230523 | AQ1042: 45111.419 | AR1042: 45111.419 | AU1042: URS-0540P4 | AV1042: 45111.419 | AW1042: 45111.419 | BA1042: UR-06101P1 | BB1042: 45111.42 | BC1042: 45111.42 | BF1042: URS-0437P1 | BG1042: 45111.42 | BH1042: 45111.42 | BV1042: UR-4487P8 | BW1042: 45111.419 | BX1042: 45111.419 | CA1042: UR-43721P1 | CB1042: 45111.419 | CC1042: 45111.419 | CF1042: UR-0559-03P8 | CG1042: 45111.42 | CH1042: 45111.42 | CK1042: URS-4045P1 | CL1042: 45111.42 | CM1042: 45111.42 | CP1042: UR-0489P4 | CQ1042: 45111.574 | CR1042: 45111.574 | CW1042: 45111.603 | CX1042: 45111.603
A1043: URS-42144-02P1_20230523 | B1043: 45110.409 | C1043: 45110.409 | F1043: URS-0437P2 | G1043: 45111.419 | H1043: 45111.419 | K1043: URS-0437P1 | L1043: 45111.42 | M1043: 45111.42 | P1043: UR-4435P6 | Q1043: 45111.42 | R1043: 45111.42 | AA1043: UR-0520P4 | AB1043: 45111.419 | AC1043: 45111.419 | AF1043: URS-0483P4 | AG1043: 45111.604 | AH1043: 45111.604 | AK1043: URS-0483P4 | AL1043: 45111.42 | AM1043: 45111.42 | AP1043: URS-42144-02P6_20230523 | AQ1043: 45111.419 | AR1043: 45111.419 | AU1043: URS-0542P1 | AV1043: 45111.419 | AW1043: 45111.419 | BA1043: UR-06101P1 | BB1043: 45111.42 | BC1043: 45111.42 | BF1043: URS-0437P1 | BG1043: 45111.42 | BH1043: 45111.42 | BV1043: UR-4487P8 | BW1043: 45111.419 | BX1043: 45111.419 | CA1043: UR-43721P1 | CB1043: 45111.419 | CC1043: 45111.419 | CF1043: UR-0559-03P8 | CG1043: 45111.42 | CH1043: 45111.42 | CK1043: URS-4045P1 | CL1043: 45111.419 | CM1043: 45111.419 | CP1043: UR-0489P4 | CQ1043: 45111.574 | CR1043: 45111.574 | CW1043: 45111.603 | CX1043: 45111.603
A1044: URS-42144-02P1_20230523 | B1044: 45110.409 | C1044: 45110.409 | F1044: URS-0475P1 | G1044: 45111.605 | H1044: 45111.605 | K1044: URS-0437P1 | L1044: 45111.42 | M1044: 45111.42 | P1044: UR-4435P6 | Q1044: 45111.42 | R1044: 45111.42 | AA1044: UR-0520P4 | AB1044: 45111.419 | AC1044: 45111.419 | AF1044: URS-0483P4 | AG1044: 45111.604 | AH1044: 45111.604 | AK1044: URS-0483P4 | AL1044: 45111.42 | AM1044: 45111.42 | AP1044: URS-42144-02P6_20230523 | AQ1044: 45111.419 | AR1044: 45111.419 | AU1044: URS-0542P1 | AV1044: 45111.419 | AW1044: 45111.419 | BA1044: UR-06101P1 | BB1044: 45111.42 | BC1044: 45111.42 | BF1044: URS-0437P1 | BG1044: 45111.42 | BH1044: 45111.42 | BV1044: UR-4487P8 | BW1044: 45111.419 | BX1044: 45111.419 | CA1044: UR-43721P1 | CB1044: 45111.419 | CC1044: 45111.419 | CF1044: UR-0559-03P8 | CG1044: 45111.42 | CH1044: 45111.42 | CK1044: URS-4045P1 | CL1044: 45111.419 | CM1044: 45111.419 | CP1044: UR-0489P4 | CQ1044: 45111.574 | CR1044: 45111.574 | CW1044: 45111.603 | CX1044: 45111.603
A1045: URS-42144-02P1_20230523 | B1045: 45110.408 | C1045: 45110.408 | F1045: URS-0475P1 | G1045: 45111.604 | H1045: 45111.604 | K1045: URS-0437P1 | L1045: 45111.42 | M1045: 45111.42 | P1045: UR-4435P6 | Q1045: 45111.419 | R1045: 45111.419 | U1045: UR-0580P6_20230628 | V1045: 45111.42 | W1045: 45111.42 | AA1045: UR-0520P4 | AB1045: 45111.419 | AC1045: 45111.419 | AF1045: URS-0483P4 | AG1045: 45111.604 | AH1045: 45111.604 | AK1045: URS-0483P4 | AL1045: 45111.42 | AM1045: 45111.42 | AP1045: URS-42144-02P6_20230523 | AQ1045: 45111.419 | AR1045: 45111.419 | AU1045: URS-0542P1 | AV1045: 45111.419 | AW1045: 45111.419 | BA1045: UR-06101P1 | BB1045: 45111.42 | BC1045: 45111.42 | BF1045: URS-0437P1 | BG1045: 45111.42 | BH1045: 45111.42 | BV1045: UR-4487P8 | BW1045: 45111.605 | BX1045: 45111.605 | CA1045: UR-43721P1 | CB1045: 45111.419 | CC1045: 45111.419 | CF1045: UR-0559-03P8 | CG1045: 45111.42 | CH1045: 45111.42 | CK1045: URS-4045P1 | CL1045: 45111.419 | CM1045: 45111.419 | CP1045: UR-0489P4 | CQ1045: 45111.574 | CR1045: 45111.574 | CW1045: 45111.603 | CX1045: 45111.603
A1046: URS-42144-02P1_20230523 | B1046: 45110.408 | C1046: 45110.408 | F1046: URS-0475P1 | G1046: 45111.604 | H1046: 45111.604 | K1046: URS-0437P1 | L1046: 45111.419 | M1046: 45111.419 | P1046: UR-4435P6 | Q1046: 45111.419 | R1046: 45111.419 | U1046: UR-0580P6_20230628 | V1046: 45111.42 | W1046: 45111.42 | AA1046: UR-0520P4 | AB1046: 45111.605 | AC1046: 45111.605 | AF1046: URS-0483P4 | AG1046: 45111.604 | AH1046: 45111.604 | AK1046: URS-0483P4 | AL1046: 45111.419 | AM1046: 45111.419 | AP1046: URS-42144-02P6_20230523 | AQ1046: 45111.605 | AR1046: 45111.605 | AU1046: URS-0542P1 | AV1046: 45111.605 | AW1046: 45111.605 | BA1046: UR-06101P1 | BB1046: 45111.42 | BC1046: 45111.42 | BF1046: URS-0437P1 | BG1046: 45111.42 | BH1046: 45111.42 | BV1046: UR-4487P8 | BW1046: 45111.604 | BX1046: 45111.604 | CA1046: UR-43721P1 | CB1046: 45111.605 | CC1046: 45111.605 | CF1046: UR-0559-03P8 | CG1046: 45111.42 | CH1046: 45111.42 | CK1046: URS-4045P1 | CL1046: 45111.419 | CM1046: 45111.419 | CP1046: UR-0489P4 | CQ1046: 45111.574 | CR1046: 45111.574 | CW1046: 45111.602 | CX1046: 45111.603
A1047: URS-42144-02P1_20230523 | B1047: 45110.408 | C1047: 45110.408 | F1047: URS-0475P1 | G1047: 45111.604 | H1047: 45111.604 | K1047: URS-0437P1 | L1047: 45111.419 | M1047: 45111.419 | P1047: UR-4435P6 | Q1047: 45111.419 | R1047: 45111.419 | U1047: UR-0580P6_20230628 | V1047: 45111.42 | W1047: 45111.42 | AA1047: UR-0520P4 | AB1047: 45111.604 | AC1047: 45111.604 | AF1047: URS-0483P4 | AG1047: 45111.603 | AH1047: 45111.603 | AK1047: URS-0483P4 | AL1047: 45111.419 | AM1047: 45111.419 | AP1047: URS-42144-02P6_20230523 | AQ1047: 45111.604 | AR1047: 45111.604 | AU1047: URS-0542P1 | AV1047: 45111.604 | AW1047: 45111.604 | BA1047: UR-06101P1 | BB1047: 45111.42 | BC1047: 45111.42 | BF1047: URS-0437P1 | BG1047: 45111.42 | BH1047: 45111.42 | BK1047: URS-0483P4 | BL1047: 45111.42 | BM1047: 45111.42 | BP1047: UR-0521P4 | BQ1047: 45111.42 | BR1047: 45111.42 | BV1047: UR-4487P8 | BW1047: 45111.604 | BX1047: 45111.604 | CA1047: UR-43721P1 | CB1047: 45111.604 | CC1047: 45111.604 | CF1047: UR-0559-03P8 | CG1047: 45111.419 | CH1047: 45111.419 | CK1047: URS-4045P1 | CL1047: 45111.419 | CM1047: 45111.419 | CP1047: UR-0489P4 | CQ1047: 45111.573 | CR1047: 45111.573 | CW1047: 45111.575 | CX1047: 45111.575
A1048: URS-42144-02P1_20230523 | B1048: 45110.408 | C1048: 45110.408 | F1048: URS-0475P1 | G1048: 45111.604 | H1048: 45111.604 | K1048: URS-0437P1 | L1048: 45111.419 | M1048: 45111.419 | P1048: UR-4435P6 | Q1048: 45111.419 | R1048: 45111.419 | U1048: UR-0580P6_20230628 | V1048: 45111.42 | W1048: 45111.42 | AA1048: UR-0520P4 | AB1048: 45111.604 | AC1048: 45111.604 | AF1048: URS-0483P4 | AG1048: 45111.603 | AH1048: 45111.603 | AK1048: URS-0483P4 | AL1048: 45111.419 | AM1048: 45111.419 | AP1048: URS-42144-02P6_20230523 | AQ1048: 45111.604 | AR1048: 45111.604 | AU1048: URS-0542P1 | AV1048: 45111.604 | AW1048: 45111.604 | BA1048: UR-06101P1 | BB1048: 45111.419 | BC1048: 45111.419 | BF1048: URS-0437P1 | BG1048: 45111.419 | BH1048: 45111.419 | BK1048: URS-0483P4 | BL1048: 45111.42 | BM1048: 45111.42 | BP1048: UR-0521P4 | BQ1048: 45111.42 | BR1048: 45111.42 | BV1048: UR-4487P8 | BW1048: 45111.604 | BX1048: 45111.604 | CA1048: UR-43721P1 | CB1048: 45111.604 | CC1048: 45111.604 | CF1048: UR-0559-03P8 | CG1048: 45111.419 | CH1048: 45111.419 | CK1048: URS-4045P1 | CL1048: 45111.605 | CM1048: 45111.605 | CP1048: UR-0489P4 | CQ1048: 45111.573 | CR1048: 45111.573 | CW1048: 45111.575 | CX1048: 45111.575
A1049: URS-42881P1 | B1049: 45110.46 | C1049: 45110.461 | F1049: URS-0475P1 | G1049: 45111.604 | H1049: 45111.604 | K1049: URS-0437P1 | L1049: 45111.419 | M1049: 45111.419 | P1049: UR-4435P6 | Q1049: 45111.419 | R1049: 45111.419 | U1049: UR-0580P6_20230628 | V1049: 45111.42 | W1049: 45111.42 | AA1049: UR-0520P4 | AB1049: 45111.604 | AC1049: 45111.604 | AF1049: URS-0483P4 | AG1049: 45111.603 | AH1049: 45111.603 | AK1049: URS-0483P4 | AL1049: 45111.419 | AM1049: 45111.419 | AP1049: URS-42144-02P6_20230523 | AQ1049: 45111.604 | AR1049: 45111.604 | AU1049: URS-0542P1 | AV1049: 45111.604 | AW1049: 45111.604 | BA1049: UR-06101P1 | BB1049: 45111.419 | BC1049: 45111.419 | BF1049: URS-0437P1 | BG1049: 45111.419 | BH1049: 45111.419 | BK1049: URS-0483P4 | BL1049: 45111.42 | BM1049: 45111.42 | BP1049: UR-0521P4 | BQ1049: 45111.42 | BR1049: 45111.42 | BV1049: UR-4487P8 | BW1049: 45111.604 | BX1049: 45111.604 | CA1049: UR-43721P1 | CB1049: 45111.604 | CC1049: 45111.604 | CF1049: UR-0559-03P8 | CG1049: 45111.419 | CH1049: 45111.419 | CK1049: URS-4045P1 | CL1049: 45111.604 | CM1049: 45111.604 | CP1049: UR-0489P4 | CQ1049: 45111.573 | CR1049: 45111.573 | CW1049: 45111.575 | CX1049: 45111.575
A1050: URS-42881P1 | B1050: 45110.46 | C1050: 45110.46 | F1050: URS-0475P1 | G1050: 45111.604 | H1050: 45111.604 | K1050: URS-0437P2 | L1050: 45111.419 | M1050: 45111.419 | P1050: UR-4435P6 | Q1050: 45111.605 | R1050: 45111.605 | U1050: UR-0580P6_20230628 | V1050: 45111.42 | W1050: 45111.42 | AA1050: UR-0520P4 | AB1050: 45111.604 | AC1050: 45111.604 | AF1050: URS-0483P4 | AG1050: 45111.603 | AH1050: 45111.603 | AK1050: URS-0483P4 | AL1050: 45111.419 | AM1050: 45111.419 | AP1050: URS-42144-02P6_20230523 | AQ1050: 45111.604 | AR1050: 45111.604 | AU1050: URS-0542P1 | AV1050: 45111.604 | AW1050: 45111.604 | BA1050: UR-06101P1 | BB1050: 45111.419 | BC1050: 45111.419 | BF1050: URS-0437P1 | BG1050: 45111.419 | BH1050: 45111.419 | BK1050: URS-0483P4 | BL1050: 45111.42 | BM1050: 45111.42 | BP1050: UR-0521P4 | BQ1050: 45111.42 | BR1050: 45111.42 | BV1050: UR-4487P8 | BW1050: 45111.604 | BX1050: 45111.604 | CA1050: UR-43721P1 | CB1050: 45111.604 | CC1050: 45111.604 | CF1050: UR-0559-03P8 | CG1050: 45111.419 | CH1050: 45111.419 | CK1050: URS-4045P1 | CL1050: 45111.604 | CM1050: 45111.604 | CP1050: UR-0489P4 | CQ1050: 45111.581 | CR1050: 45111.581 | CW1050: 45111.575 | CX1050: 45111.575
A1051: URS-42881P1 | B1051: 45110.459 | C1051: 45110.459 | F1051: URS-0475P1 | G1051: 45111.604 | H1051: 45111.604 | K1051: URS-0437P2 | L1051: 45111.605 | M1051: 45111.605 | P1051: UR-4435P6 | Q1051: 45111.604 | R1051: 45111.604 | U1051: UR-0580P6_20230628 | V1051: 45111.419 | W1051: 45111.419 | AA1051: UR-0520P4 | AB1051: 45111.604 | AC1051: 45111.604 | AF1051: URS-0483P4 | AG1051: 45111.603 | AH1051: 45111.603 | AK1051: URS-0483P4 | AL1051: 45111.605 | AM1051: 45111.605 | AP1051: URS-42144-02P6_20230523 | AQ1051: 45111.604 | AR1051: 45111.604 | AU1051: URS-0542P1 | AV1051: 45111.604 | AW1051: 45111.604 | BA1051: UR-06101P1 | BB1051: 45111.419 | BC1051: 45111.419 | BF1051: URS-0437P1 | BG1051: 45111.419 | BH1051: 45111.419 | BK1051: URS-0483P4 | BL1051: 45111.42 | BM1051: 45111.42 | BP1051: UR-0521P4 | BQ1051: 45111.42 | BR1051: 45111.42 | BV1051: UR-4487P8 | BW1051: 45111.604 | BX1051: 45111.604 | CA1051: UR-43721P1 | CB1051: 45111.604 | CC1051: 45111.604 | CF1051: URS-0437P1 | CG1051: 45111.419 | CH1051: 45111.419 | CK1051: URS-4045P1 | CL1051: 45111.604 | CM1051: 45111.604 | CP1051: UR-0489P4 | CQ1051: 45111.581 | CR1051: 45111.581 | CW1051: 45111.575 | CX1051: 45111.575
A1052: URS-42881P1 | B1052: 45110.459 | C1052: 45110.459 | F1052: URS-0475P1 | G1052: 45111.603 | H1052: 45111.603 | K1052: URS-0437P2 | L1052: 45111.604 | M1052: 45111.604 | P1052: UR-4435P6 | Q1052: 45111.604 | R1052: 45111.604 | U1052: UR-0580P6_20230628 | V1052: 45111.419 | W1052: 45111.419 | AA1052: UR-0520P4 | AB1052: 45111.604 | AC1052: 45111.604 | AF1052: URS-0483P4 | AG1052: 45111.603 | AH1052: 45111.603 | AK1052: URS-0483P4 | AL1052: 45111.604 | AM1052: 45111.604 | AP1052: URS-42144-02P6_20230523 | AQ1052: 45111.604 | AR1052: 45111.604 | AU1052: URS-0542P1 | AV1052: 45111.604 | AW1052: 45111.604 | BA1052: UR-06101P1 | BB1052: 45111.419 | BC1052: 45111.419 | BF1052: URS-0437P1 | BG1052: 45111.419 | BH1052: 45111.419 | BK1052: URS-0483P4 | BL1052: 45111.42 | BM1052: 45111.42 | BP1052: UR-0521P4 | BQ1052: 45111.42 | BR1052: 45111.42 | BV1052: UR-4487P8 | BW1052: 45111.604 | BX1052: 45111.604 | CA1052: UR-43721P1 | CB1052: 45111.604 | CC1052: 45111.604 | CF1052: URS-0437P1 | CG1052: 45111.605 | CH1052: 45111.605 | CK1052: URS-4045P1 | CL1052: 45111.604 | CM1052: 45111.604 | CP1052: UR-0489P4 | CQ1052: 45111.581 | CR1052: 45111.581 | CW1052: 45111.575 | CX1052: 45111.575
A1053: URS-42881P1 | B1053: 45110.458 | C1053: 45110.458 | F1053: URS-0475P1 | G1053: 45111.603 | H1053: 45111.603 | K1053: URS-0437P2 | L1053: 45111.604 | M1053: 45111.604 | P1053: UR-4435P6 | Q1053: 45111.604 | R1053: 45111.604 | U1053: UR-0580P6_20230628 | V1053: 45111.419 | W1053: 45111.419 | AA1053: UR-0520P4 | AB1053: 45111.604 | AC1053: 45111.604 | AF1053: URS-0483P4 | AG1053: 45111.602 | AH1053: 45111.603 | AK1053: URS-0483P4 | AL1053: 45111.604 | AM1053: 45111.604 | AP1053: URS-42144-02P6_20230523 | AQ1053: 45111.604 | AR1053: 45111.604 | AU1053: URS-0542P1 | AV1053: 45111.604 | AW1053: 45111.604 | BA1053: UR-06101P1 | BB1053: 45111.605 | BC1053: 45111.605 | BF1053: URS-0437P1 | BG1053: 45111.605 | BH1053: 45111.605 | BK1053: URS-0483P4 | BL1053: 45111.419 | BM1053: 45111.419 | BP1053: UR-0521P4 | BQ1053: 45111.419 | BR1053: 45111.419 | BV1053: UR-4487P8 | BW1053: 45111.603 | BX1053: 45111.603 | CA1053: UR-43721P1 | CB1053: 45111.604 | CC1053: 45111.604 | CF1053: URS-0437P1 | CG1053: 45111.604 | CH1053: 45111.604 | CK1053: URS-4045P1 | CL1053: 45111.604 | CM1053: 45111.604 | CP1053: UR-0489P4 | CQ1053: 45111.581 | CR1053: 45111.581 | CW1053: 45111.574 | CX1053: 45111.574
A1054: URS-42881P1 | B1054: 45110.458 | C1054: 45110.458 | F1054: URS-0475P1 | G1054: 45111.603 | H1054: 45111.603 | K1054: URS-0437P2 | L1054: 45111.604 | M1054: 45111.604 | P1054: UR-4453P4 | Q1054: 45111.604 | R1054: 45111.604 | U1054: UR-0595P1_20230628 | V1054: 45111.419 | W1054: 45111.419 | AA1054: UR-0520P4 | AB1054: 45111.603 | AC1054: 45111.603 | AF1054: URS-0483P4 | AG1054: 45111.575 | AH1054: 45111.575 | AK1054: URS-0483P4 | AL1054: 45111.604 | AM1054: 45111.604 | AP1054: URS-42144-02P6_20230523 | AQ1054: 45111.603 | AR1054: 45111.603 | AU1054: URS-0542P1 | AV1054: 45111.603 | AW1054: 45111.603 | BA1054: UR-06101P1 | BB1054: 45111.604 | BC1054: 45111.604 | BF1054: URS-0437P1 | BG1054: 45111.604 | BH1054: 45111.604 | BK1054: URS-0543P1 | BL1054: 45111.419 | BM1054: 45111.419 | BP1054: UR-0521P4 | BQ1054: 45111.419 | BR1054: 45111.419 | BV1054: UR-4487P8 | BW1054: 45111.603 | BX1054: 45111.603 | CA1054: UR-43721P1 | CB1054: 45111.603 | CC1054: 45111.603 | CF1054: URS-0437P1 | CG1054: 45111.604 | CH1054: 45111.604 | CK1054: URS-4045P6 | CL1054: 45111.604 | CM1054: 45111.604 | CP1054: UR-0489P4 | CQ1054: 45111.581 | CR1054: 45111.581 | CW1054: 45111.574 | CX1054: 45111.574
A1055: URS-42881P1 | B1055: 45110.458 | C1055: 45110.458 | F1055: URS-0475P1 | G1055: 45111.603 | H1055: 45111.603 | K1055: URS-0437P2 | L1055: 45111.604 | M1055: 45111.604 | P1055: URS-0437P1 | Q1055: 45111.604 | R1055: 45111.604 | U1055: UR-0595P1_20230628 | V1055: 45111.419 | W1055: 45111.419 | AA1055: UR-0520P4 | AB1055: 45111.603 | AC1055: 45111.603 | AF1055: URS-0483P4 | AG1055: 45111.575 | AH1055: 45111.575 | AK1055: URS-0483P4 | AL1055: 45111.604 | AM1055: 45111.604 | AP1055: URS-42144-02P6_20230523 | AQ1055: 45111.603 | AR1055: 45111.603 | AU1055: URS-0542P1 | AV1055: 45111.603 | AW1055: 45111.603 | BA1055: UR-06101P1 | BB1055: 45111.604 | BC1055: 45111.604 | BF1055: URS-0437P1 | BG1055: 45111.604 | BH1055: 45111.604 | BK1055: URS-0543P1 | BL1055: 45111.419 | BM1055: 45111.419 | BP1055: UR-0521P4 | BQ1055: 45111.419 | BR1055: 45111.419 | BV1055: UR-4487P8 | BW1055: 45111.603 | BX1055: 45111.603 | CA1055: UR-43721P1 | CB1055: 45111.603 | CC1055: 45111.603 | CF1055: URS-0437P1 | CG1055: 45111.604 | CH1055: 45111.604 | CK1055: URS-4045P6 | CL1055: 45111.604 | CM1055: 45111.604 | CP1055: UR-0489P4 | CQ1055: 45111.581 | CR1055: 45111.581 | CW1055: 45111.574 | CX1055: 45111.574
A1056: URS-42881P1 | B1056: 45110.458 | C1056: 45110.458 | F1056: URS-0475P1 | G1056: 45111.603 | H1056: 45111.603 | K1056: URS-0437P2 | L1056: 45111.604 | M1056: 45111.604 | P1056: URS-0437P1 | Q1056: 45111.604 | R1056: 45111.604 | U1056: UR-0595P1_20230628 | V1056: 45111.605 | W1056: 45111.605 | AA1056: UR-0520P4 | AB1056: 45111.603 | AC1056: 45111.603 | AF1056: URS-0483P4 | AG1056: 45111.575 | AH1056: 45111.575 | AK1056: URS-0483P4 | AL1056: 45111.604 | AM1056: 45111.604 | AP1056: URS-42144-02P6_20230523 | AQ1056: 45111.603 | AR1056: 45111.603 | AU1056: URS-0542P1 | AV1056: 45111.603 | AW1056: 45111.603 | BA1056: UR-06101P1 | BB1056: 45111.604 | BC1056: 45111.604 | BF1056: URS-0437P1 | BG1056: 45111.604 | BH1056: 45111.604 | BK1056: URS-0543P1 | BL1056: 45111.419 | BM1056: 45111.419 | BP1056: UR-0521P4 | BQ1056: 45111.419 | BR1056: 45111.419 | BV1056: UR-4487P8 | BW1056: 45111.603 | BX1056: 45111.603 | CA1056: UR-43721P1 | CB1056: 45111.603 | CC1056: 45111.603 | CF1056: URS-0437P1 | CG1056: 45111.604 | CH1056: 45111.604 | CK1056: URS-4045P6 | CL1056: 45111.603 | CM1056: 45111.603 | CP1056: UR-0489P4 | CQ1056: 45111.58 | CR1056: 45111.58 | CW1056: 45111.574 | CX1056: 45111.574
A1057: URS-42881P1 | B1057: 45110.458 | C1057: 45110.458 | F1057: URS-0475P1 | G1057: 45111.603 | H1057: 45111.603 | K1057: URS-0437P2 | L1057: 45111.604 | M1057: 45111.604 | P1057: URS-0437P1 | Q1057: 45111.604 | R1057: 45111.604 | U1057: UR-0595P1_20230628 | V1057: 45111.604 | W1057: 45111.604 | AA1057: UR-0520P4 | AB1057: 45111.603 | AC1057: 45111.603 | AF1057: URS-0483P4 | AG1057: 45111.575 | AH1057: 45111.575 | AK1057: URS-0483P4 | AL1057: 45111.604 | AM1057: 45111.604 | AP1057: URS-42144-02P6_20230523 | AQ1057: 45111.603 | AR1057: 45111.603 | AU1057: URS-0542P1 | AV1057: 45111.603 | AW1057: 45111.603 | BA1057: UR-06101P1 | BB1057: 45111.604 | BC1057: 45111.604 | BF1057: URS-0437P1 | BG1057: 45111.604 | BH1057: 45111.604 | BK1057: URS-0543P1 | BL1057: 45111.419 | BM1057: 45111.419 | BP1057: UR-0521P4 | BQ1057: 45111.419 | BR1057: 45111.419 | BV1057: UR-4487P8 | BW1057: 45111.603 | BX1057: 45111.603 | CA1057: UR-43721P1 | CB1057: 45111.603 | CC1057: 45111.603 | CF1057: URS-0437P1 | CG1057: 45111.604 | CH1057: 45111.604 | CK1057: URS-4045P6 | CL1057: 45111.603 | CM1057: 45111.603 | CP1057: UR-0489P4 | CQ1057: 45111.58 | CR1057: 45111.58 | CW1057: 45111.574 | CX1057: 45111.574
A1058: URS-42881P1 | B1058: 45110.457 | C1058: 45110.458 | F1058: URS-0475P1 | G1058: 45111.602 | H1058: 45111.603 | K1058: URS-0437P2 | L1058: 45111.604 | M1058: 45111.604 | P1058: URS-0437P1 | Q1058: 45111.603 | R1058: 45111.603 | U1058: UR-0595P1_20230628 | V1058: 45111.604 | W1058: 45111.604 | AA1058: UR-0520P4 | AB1058: 45111.603 | AC1058: 45111.603 | AF1058: URS-0483P4 | AG1058: 45111.575 | AH1058: 45111.575 | AK1058: URS-0483P4 | AL1058: 45111.604 | AM1058: 45111.604 | AP1058: URS-42144-02P6_20230523 | AQ1058: 45111.603 | AR1058: 45111.603 | AU1058: URS-0542P1 | AV1058: 45111.603 | AW1058: 45111.603 | BA1058: UR-06101P1 | BB1058: 45111.604 | BC1058: 45111.604 | BF1058: URS-0437P1 | BG1058: 45111.604 | BH1058: 45111.604 | BK1058: URS-0543P1 | BL1058: 45111.605 | BM1058: 45111.605 | BP1058: UR-0521P4 | BQ1058: 45111.605 | BR1058: 45111.605 | BV1058: UR-4487P8 | BW1058: 45111.603 | BX1058: 45111.603 | CA1058: UR-43721P1 | CB1058: 45111.603 | CC1058: 45111.603 | CF1058: URS-0437P1 | CG1058: 45111.604 | CH1058: 45111.604 | CK1058: URS-4045P6 | CL1058: 45111.603 | CM1058: 45111.603 | CP1058: UR-0489P4 | CQ1058: 45111.58 | CR1058: 45111.58 | CW1058: 45111.574 | CX1058: 45111.574
... A1138: URS-42881P6 | B1138: 45110.392 | C1138: 45110.392 | F1138: URS-0486P1 | G1138: 45111.625 | H1138: 45111.625 | K1138: URS-0437P2 | L1138: 45111.626 | M1138: 45111.626 | P1138: URS-0437P1 | Q1138: 45111.626 | R1138: 45111.626 | U1138: UR-4377P1 | V1138: 45111.627 | W1138: 45111.627 | AA1138: UR-0559-01P1 | AB1138: 45111.625 | AC1138: 45111.625 | AF1138: URS-0486P1 | AG1138: 45111.586 | AH1138: 45111.587 | AK1138: URS-3977-01P2 | AL1138: 45111.626 | AM1138: 45111.626 | AP1138: URS-42144-02P6_20230523 | AQ1138: 45111.625 | AR1138: 45111.625 | AU1138: UTS-2471P2 | AV1138: 45111.625 | AW1138: 45111.625 | BA1138: URS-0418P1 | BB1138: 45111.626 | BC1138: 45111.626 | BF1138: URS-0437P2 | BG1138: 45111.626 | BH1138: 45111.626 | BK1138: UT-0987-01P6_20220909 | BL1138: 45111.627 | BM1138: 45111.627 | BP1138: URS-0437P1 | BQ1138: 45111.627 | BR1138: 45111.627 | BV1138: URS-0483P4 | BW1138: 45111.625 | BX1138: 45111.625 | CA1138: UR-4551P01_20230714 | CB1138: 45111.625 | CC1138: 45111.625 | CF1138: URS-0437P1 | CG1138: 45111.626 | CH1138: 45111.626 | CK1138: URS-4215P4 | CL1138: 45111.625 | CM1138: 45111.625 | CP1138: UR-0509-01P1 | CQ1138: 45111.98 | CR1138: 45111.98 | CW1138: 45111.982 | CX1138: 45111.982
A1139: URS-42881P6 | B1139: 45110.391 | C1139: 45110.392 | F1139: URS-0486P1 | G1139: 45111.624 | H1139: 45111.624 | K1139: URS-0437P2 | L1139: 45111.626 | M1139: 45111.626 | P1139: URS-0437P1 | Q1139: 45111.626 | R1139: 45111.626 | U1139: UR-4377P1 | V1139: 45111.627 | W1139: 45111.627 | AA1139: UR-0559-01P1 | AB1139: 45111.625 | AC1139: 45111.625 | AF1139: URS-0486P1 | AG1139: 45111.586 | AH1139: 45111.586 | AK1139: URS-3977-01P2 | AL1139: 45111.626 | AM1139: 45111.626 | AP1139: URS-42144-02P6_20230523 | AQ1139: 45111.625 | AR1139: 45111.625 | AV1139: 45111.625 | AW1139: 45111.625 | BA1139: URS-0418P1 | BB1139: 45111.626 | BC1139: 45111.626 | BF1139: URS-0437P2 | BG1139: 45111.626 | BH1139: 45111.626 | BK1139: UT-0987-01P6_20220909 | BL1139: 45111.627 | BM1139: 45111.627 | BP1139: URS-0437P1 | BQ1139: 45111.627 | BR1139: 45111.627 | BV1139: URS-0483P4 | BW1139: 45111.625 | BX1139: 45111.625 | CA1139: UR-4551P01_20230714 | CB1139: 45111.625 | CC1139: 45111.625 | CF1139: URS-0437P1 | CG1139: 45111.626 | CH1139: 45111.626 | CK1139: URS-4215P4 | CL1139: 45111.625 | CM1139: 45111.625 | CP1139: UR-0509-01P1 | CQ1139: 45111.98 | CR1139: 45111.98 | CW1139: 45111.982 | CX1139: 45111.982
A1140: URS-42881P6 | B1140: 45110.391 | C1140: 45110.391 | F1140: URS-0505P2 | G1140: 45111.587 | H1140: 45111.587 | K1140: URS-0437P2 | L1140: 45111.626 | M1140: 45111.626 | P1140: URS-0437P1 | Q1140: 45111.625 | R1140: 45111.625 | U1140: UR-4377P1 | V1140: 45111.626 | W1140: 45111.627 | AA1140: UR-0559-01P1 | AB1140: 45111.625 | AC1140: 45111.625 | AF1140: URS-0486P1 | AG1140: 45111.586 | AH1140: 45111.586 | AK1140: URS-3977-01P2 | AL1140: 45111.626 | AM1140: 45111.626 | AP1140: URS-42144-02P6_20230523 | AQ1140: 45111.625 | AR1140: 45111.625 | AV1140: 45111.625 | AW1140: 45111.625 | BA1140: URS-0418P1 | BB1140: 45111.626 | BC1140: 45111.626 | BF1140: URS-0437P2 | BG1140: 45111.626 | BH1140: 45111.626 | BK1140: UT-0987-01P6_20220909 | BL1140: 45111.627 | BM1140: 45111.627 | BP1140: URS-0437P1 | BQ1140: 45111.627 | BR1140: 45111.627 | BV1140: URS-0483P4 | BW1140: 45111.624 | BX1140: 45111.624 | CA1140: UR-4551P01_20230714 | CB1140: 45111.625 | CC1140: 45111.625 | CF1140: URS-0437P1 | CG1140: 45111.626 | CH1140: 45111.626 | CK1140: URS-4215P4 | CL1140: 45111.625 | CM1140: 45111.625 | CP1140: UR-0509-01P1 | CQ1140: 45111.98 | CR1140: 45111.98 | CW1140: 45111.981 | CX1140: 45111.982
A1141: URS-42881P6 | B1141: 45110.391 | C1141: 45110.391 | F1141: URS-0505P2 | G1141: 45111.587 | H1141: 45111.587 | K1141: URS-0437P2 | L1141: 45111.625 | M1141: 45111.625 | P1141: URS-0437P1 | Q1141: 45111.625 | R1141: 45111.625 | U1141: UR-4377P1 | V1141: 45111.626 | W1141: 45111.626 | AA1141: UR-0559-01P1 | AB1141: 45111.624 | AC1141: 45111.624 | AF1141: URS-0486P1 | AG1141: 45111.586 | AH1141: 45111.586 | AK1141: URS-3977-01P2 | AL1141: 45111.625 | AM1141: 45111.625 | AP1141: URS-42144-02P6_20230523 | AQ1141: 45111.624 | AR1141: 45111.624 | AV1141: 45111.624 | AW1141: 45111.624 | BA1141: URS-0418P1 | BB1141: 45111.626 | BC1141: 45111.626 | BF1141: URS-0437P2 | BG1141: 45111.626 | BH1141: 45111.626 | BK1141: UT-0987-01P6_20220909 | BL1141: 45111.627 | BM1141: 45111.627 | BP1141: URS-0437P1 | BQ1141: 45111.627 | BR1141: 45111.627 | BV1141: URS-0483P4 | BW1141: 45111.587 | BX1141: 45111.587 | CA1141: UR-4551P01_20230714 | CB1141: 45111.624 | CC1141: 45111.624 | CF1141: URS-0437P1 | CG1141: 45111.626 | CH1141: 45111.626 | CK1141: URS-4215P4 | CL1141: 45111.625 | CM1141: 45111.625 | CP1141: UR-0509-01P1 | CQ1141: 45111.98 | CR1141: 45111.98 | CW1141: 45111.981 | CX1141: 45111.981
A1142: URS-42881P6 | B1142: 45110.391 | C1142: 45110.391 | F1142: URS-0505P2 | G1142: 45111.587 | H1142: 45111.587 | K1142: URS-0437P2 | L1142: 45111.625 | M1142: 45111.625 | P1142: URS-0437P1 | Q1142: 45111.625 | R1142: 45111.625 | U1142: UR-4377P1 | V1142: 45111.626 | W1142: 45111.626 | AA1142: UR-0559-01P1 | AB1142: 45111.587 | AC1142: 45111.587 | AF1142: URS-0486P1 | AG1142: 45111.586 | AH1142: 45111.586 | AK1142: URS-3977-01P2 | AL1142: 45111.625 | AM1142: 45111.625 | AP1142: URS-4215P1 | AQ1142: 45111.587 | AR1142: 45111.587 | AV1142: 45111.587 | AW1142: 45111.587 | BA1142: URS-0418P1 | BB1142: 45111.626 | BC1142: 45111.626 | BF1142: URS-0437P2 | BG1142: 45111.626 | BH1142: 45111.626 | BK1142: UT-0987-01P6_20220909 | BL1142: 45111.626 | BM1142: 45111.627 | BP1142: URS-0437P1 | BQ1142: 45111.626 | BR1142: 45111.627 | BV1142: URS-0483P4 | BW1142: 45111.587 | BX1142: 45111.587 | CA1142: UR-4551P01_20230714 | CB1142: 45111.587 | CC1142: 45111.587 | CF1142: URS-0437P1 | CG1142: 45111.625 | CH1142: 45111.625 | CK1142: URS-4215P4 | CL1142: 45111.625 | CM1142: 45111.625 | CP1142: UR-0509-01P1 | CQ1142: 45111.979 | CR1142: 45111.979 | CW1142: 45111.981 | CX1142: 45111.981
A1143: URS-42881P6 | B1143: 45110.391 | C1143: 45110.391 | F1143: URS-0505P2 | G1143: 45111.586 | H1143: 45111.587 | K1143: URS-0437P2 | L1143: 45111.625 | M1143: 45111.625 | P1143: URS-0437P1 | Q1143: 45111.625 | R1143: 45111.625 | U1143: UR-4377P1 | V1143: 45111.626 | W1143: 45111.626 | AA1143: UR-0559-01P1 | AB1143: 45111.587 | AC1143: 45111.587 | AF1143: URS-0486P1 | AG1143: 45111.586 | AH1143: 45111.586 | AK1143: URS-3977-01P2 | AL1143: 45111.625 | AM1143: 45111.625 | AP1143: URS-4215P1 | AQ1143: 45111.587 | AR1143: 45111.587 | AV1143: 45111.587 | AW1143: 45111.587 | BA1143: URS-0418P1 | BB1143: 45111.625 | BC1143: 45111.625 | BF1143: URS-0437P2 | BG1143: 45111.625 | BH1143: 45111.625 | BK1143: UT-0987-01P6_20220909 | BL1143: 45111.626 | BM1143: 45111.626 | BP1143: URS-0437P1 | BQ1143: 45111.626 | BR1143: 45111.626 | BV1143: URS-0483P4 | BW1143: 45111.587 | BX1143: 45111.587 | CA1143: UR-4551P01_20230714 | CB1143: 45111.587 | CC1143: 45111.587 | CF1143: URS-0437P1 | CG1143: 45111.625 | CH1143: 45111.625 | CK1143: URS-4215P4 | CL1143: 45111.624 | CM1143: 45111.624 | CP1143: UR-0509-01P1 | CQ1143: 45111.979 | CR1143: 45111.979 | CW1143: 45111.981 | CX1143: 45111.981
A1144: URS-42881P6 | B1144: 45110.391 | C1144: 45110.391 | F1144: URS-0505P2 | G1144: 45111.586 | H1144: 45111.586 | K1144: URS-0437P2 | L1144: 45111.625 | M1144: 45111.625 | P1144: URS-0437P1 | Q1144: 45111.625 | R1144: 45111.625 | U1144: UR-4377P1 | V1144: 45111.626 | W1144: 45111.626 | AA1144: UR-0559-01P1 | AB1144: 45111.587 | AC1144: 45111.587 | AF1144: URS-0486P1 | AG1144: 45111.585 | AH1144: 45111.585 | AK1144: URS-3977-01P2 | AL1144: 45111.625 | AM1144: 45111.625 | AP1144: URS-4215P1 | AQ1144: 45111.587 | AR1144: 45111.587 | AV1144: 45111.587 | AW1144: 45111.587 | BA1144: URS-0418P1 | BB1144: 45111.625 | BC1144: 45111.625 | BF1144: URS-0437P2 | BG1144: 45111.625 | BH1144: 45111.625 | BK1144: UT-0987-01P6_20220909 | BL1144: 45111.626 | BM1144: 45111.626 | BP1144: URS-0437P1 | BQ1144: 45111.626 | BR1144: 45111.626 | BV1144: URS-0483P4 | BW1144: 45111.586 | BX1144: 45111.587 | CA1144: UR-4551P01_20230714 | CB1144: 45111.587 | CC1144: 45111.587 | CF1144: URS-0437P1 | CG1144: 45111.625 | CH1144: 45111.625 | CK1144: URS-4215P4 | CL1144: 45111.587 | CM1144: 45111.587 | CP1144: UR-0509-01P1 | CQ1144: 45111.979 | CR1144: 45111.979 | CW1144: 45111.981 | CX1144: 45111.981
A1145: UT-0931-01P1 | B1145: 45110.855 | C1145: 45110.855 | F1145: URS-0505P2 | G1145: 45111.586 | H1145: 45111.586 | K1145: URS-0437P2 | L1145: 45111.625 | M1145: 45111.625 | P1145: URS-0437P1 | Q1145: 45111.624 | R1145: 45111.624 | U1145: UR-4377P1 | V1145: 45111.626 | W1145: 45111.626 | AA1145: UR-0559-01P1 | AB1145: 45111.586 | AC1145: 45111.587 | AF1145: URS-0486P1 | AG1145: 45111.982 | AH1145: 45111.982 | AK1145: URS-3977-01P2 | AL1145: 45111.625 | AM1145: 45111.625 | AP1145: URS-4215P1 | AQ1145: 45111.586 | AR1145: 45111.587 | AV1145: 45111.586 | AW1145: 45111.587 | BA1145: URS-0418P1 | BB1145: 45111.625 | BC1145: 45111.625 | BF1145: URS-0437P2 | BG1145: 45111.625 | BH1145: 45111.625 | BK1145: UT-0987-01P6_20220909 | BL1145: 45111.626 | BM1145: 45111.626 | BP1145: URS-0437P1 | BQ1145: 45111.626 | BR1145: 45111.626 | BV1145: URS-0483P4 | BW1145: 45111.586 | BX1145: 45111.586 | CA1145: UR-4551P01_20230714 | CB1145: 45111.586 | CC1145: 45111.587 | CF1145: URS-0437P1 | CG1145: 45111.625 | CH1145: 45111.625 | CK1145: URS-4215P4 | CL1145: 45111.587 | CM1145: 45111.587 | CP1145: UR-0509-01P1 | CQ1145: 45111.979 | CR1145: 45111.979 | CW1145: 45111.981 | CX1145: 45111.981
A1146: UT-0931-01P1 | B1146: 45110.854 | C1146: 45110.855 | F1146: URS-0505P2 | G1146: 45111.586 | H1146: 45111.586 | K1146: URS-0475P1 | L1146: 45111.624 | M1146: 45111.624 | P1146: URS-0437P1 | Q1146: 45111.587 | R1146: 45111.587 | U1146: UR-4377P1 | V1146: 45111.625 | W1146: 45111.625 | AA1146: UR-0559-01P1 | AB1146: 45111.586 | AC1146: 45111.586 | AF1146: URS-0486P1 | AG1146: 45111.982 | AH1146: 45111.982 | AK1146: URS-42511P1 | AL1146: 45111.624 | AM1146: 45111.624 | AP1146: URS-4215P1 | AQ1146: 45111.586 | AR1146: 45111.586 | AV1146: 45111.586 | AW1146: 45111.586 | BA1146: URS-0418P1 | BB1146: 45111.625 | BC1146: 45111.625 | BF1146: URS-0437P2 | BG1146: 45111.625 | BH1146: 45111.625 | BK1146: UT-0987-01P6_20220909 | BL1146: 45111.626 | BM1146: 45111.626 | BP1146: URS-0437P1 | BQ1146: 45111.626 | BR1146: 45111.626 | BV1146: URS-0483P4 | BW1146: 45111.586 | BX1146: 45111.586 | CA1146: UR-4551P01_20230714 | CB1146: 45111.586 | CC1146: 45111.586 | CF1146: URS-0437P1 | CG1146: 45111.625 | CH1146: 45111.625 | CK1146: URS-4215P4 | CL1146: 45111.587 | CM1146: 45111.587 | CP1146: UR-0509-01P1 | CQ1146: 45111.979 | CR1146: 45111.979 | CW1146: 45111.981 | CX1146: 45111.981
A1147: UT-0931-01P1 | B1147: 45110.854 | C1147: 45110.854 | F1147: URS-0505P2 | G1147: 45111.586 | H1147: 45111.586 | K1147: URS-0475P1 | L1147: 45111.587 | M1147: 45111.587 | P1147: URS-0437P1 | Q1147: 45111.587 | R1147: 45111.587 | U1147: UR-4377P1 | V1147: 45111.625 | W1147: 45111.625 | AA1147: UR-0559-01P1 | AB1147: 45111.586 | AC1147: 45111.586 | AF1147: URS-0486P1 | AG1147: 45111.981 | AH1147: 45111.982 | AK1147: URS-42511P1 | AL1147: 45111.587 | AM1147: 45111.587 | AP1147: URS-4215P1 | AQ1147: 45111.586 | AR1147: 45111.586 | AV1147: 45111.586 | AW1147: 45111.586 | BA1147: URS-0418P1 | BB1147: 45111.625 | BC1147: 45111.625 | BF1147: URS-0437P2 | BG1147: 45111.625 | BH1147: 45111.625 | BK1147: UT-0987-01P6_20220909 | BL1147: 45111.626 | BM1147: 45111.626 | BP1147: URS-0437P1 | BQ1147: 45111.626 | BR1147: 45111.626 | BV1147: URS-0483P4 | BW1147: 45111.586 | BX1147: 45111.586 | CA1147: UR-4551P01_20230714 | CB1147: 45111.586 | CC1147: 45111.586 | CF1147: URS-0437P2 | CG1147: 45111.624 | CH1147: 45111.624 | CK1147: URS-4215P4 | CL1147: 45111.586 | CM1147: 45111.587 | CP1147: UR-0509-01P1 | CQ1147: 45111.978 | CR1147: 45111.979 | CW1147: 45111.98 | CX1147: 45111.98
A1148: UT-0931-01P1 | B1148: 45110.854 | C1148: 45110.854 | F1148: URS-0505P2 | G1148: 45111.586 | H1148: 45111.586 | K1148: URS-0475P1 | L1148: 45111.587 | M1148: 45111.587 | P1148: URS-0437P1 | Q1148: 45111.587 | R1148: 45111.587 | U1148: UR-4377P1 | V1148: 45111.625 | W1148: 45111.625 | AA1148: UR-0559-01P1 | AB1148: 45111.586 | AC1148: 45111.586 | AF1148: URS-0486P1 | AG1148: 45111.981 | AH1148: 45111.981 | AK1148: URS-42511P1 | AL1148: 45111.587 | AM1148: 45111.587 | AP1148: URS-4215P1 | AQ1148: 45111.586 | AR1148: 45111.586 | AV1148: 45111.586 | AW1148: 45111.586 | BA1148: URS-0418P1 | BB1148: 45111.624 | BC1148: 45111.624 | BF1148: URS-0437P2 | BG1148: 45111.624 | BH1148: 45111.624 | BK1148: UT-0987-01P6_20220909 | BL1148: 45111.625 | BM1148: 45111.625 | BP1148: URS-0437P1 | BQ1148: 45111.625 | BR1148: 45111.625 | BV1148: URS-0483P4 | BW1148: 45111.586 | BX1148: 45111.586 | CA1148: UR-4551P01_20230714 | CB1148: 45111.586 | CC1148: 45111.586 | CF1148: URS-0437P2 | CG1148: 45111.587 | CH1148: 45111.587 | CK1148: URS-4215P4 | CL1148: 45111.586 | CM1148: 45111.586 | CP1148: UR-0509-01P1 | CQ1148: 45111.978 | CR1148: 45111.978 | CW1148: 45111.98 | CX1148: 45111.98
A1149: UT-0931-01P1 | B1149: 45110.853 | C1149: 45110.854 | F1149: URS-0505P2 | G1149: 45111.585 | H1149: 45111.585 | K1149: URS-0475P1 | L1149: 45111.587 | M1149: 45111.587 | P1149: URS-0437P1 | Q1149: 45111.586 | R1149: 45111.587 | U1149: UR-4377P1 | V1149: 45111.625 | W1149: 45111.625 | AA1149: UR-0559-01P1 | AB1149: 45111.586 | AC1149: 45111.586 | AF1149: URS-0486P1 | AG1149: 45111.981 | AH1149: 45111.981 | AK1149: URS-42511P1 | AL1149: 45111.587 | AM1149: 45111.587 | AP1149: URS-4215P1 | AQ1149: 45111.586 | AR1149: 45111.586 | AV1149: 45111.586 | AW1149: 45111.586 | BA1149: URS-0418P1 | BB1149: 45111.587 | BC1149: 45111.587 | BF1149: URS-0437P2 | BG1149: 45111.587 | BH1149: 45111.587 | BK1149: UT-0987-01P6_20220909 | BL1149: 45111.625 | BM1149: 45111.625 | BP1149: URS-0437P1 | BQ1149: 45111.625 | BR1149: 45111.625 | BV1149: URS-0483P4 | BW1149: 45111.586 | BX1149: 45111.586 | CA1149: UR-4551P01_20230714 | CB1149: 45111.586 | CC1149: 45111.586 | CF1149: URS-0437P2 | CG1149: 45111.587 | CH1149: 45111.587 | CK1149: URS-4215P4 | CL1149: 45111.586 | CM1149: 45111.586 | CP1149: UR-0509-01P1 | CQ1149: 45111.978 | CR1149: 45111.978 | CW1149: 45111.98 | CX1149: 45111.98
...

Sheet 205
C2: TOTAL | D2: =SUM(D4:D20) -> 0.16349537 | H2: TOTAL | I2: =SUM(I4:I20) -> 0.092002315 | M2: TOTAL | N2: =SUM(N4:N20) -> 0.14037037 | R2: TOTAL | S2: =SUM(S4:S20) -> 0.14037037 | W2: TOTAL | X2: =SUM(X4:X21) -> 0.18686343 | AC2: TOTAL | AD2: =SUM(AD4:AD20) -> 0.10143519 | AH2: TOTAL | AI2: =SUM(AI4:AI20) -> 0.044143519 | AM2: TOTAL | AN2: =SUM(AN4:AN20) -> 0.07880787 | AR2: TOTAL | AS2: =SUM(AS4:AS20) -> 0.059872685 | AW2: TOTAL | AX2: =SUM(AX4:AX20) -> 0.06462963 | BC2: TOTAL | BD2: =SUM(BD4:BD20) -> 0.10065972 | BH2: TOTAL | BI2: =SUM(BI4:BI20) -> 0.12107639 | BM2: TOTAL | BN2: =SUM(BN4:BN22) -> 0.11875 | BR2: TOTAL | BS2: =SUM(BS4:BS20) -> 0.080740741 | BX2: TOTAL | BY2: =SUM(BY4:BY20) -> 0.13335648 | CC2: TOTAL | CD2: =SUM(CD4:CD20) -> 0.12944444 | CH2: TOTAL | CI2: =SUM(CI4:CI20) -> 0.14322917 | CM2: TOTAL | CN2: =SUM(CN4:CN20) -> 0.13185185 | CR2: TOTAL | CS2: =SUM(CS4:CS23) -> 0.11368056 | CX2: TOTAL | CY2: =SUM(CY4:CY20) -> 0.079837963
A3: ３日 | B3: 検査開始時間 | C3: 検査終了時間 | D3: 検査時間 | F3: ４日 | G3: 検査開始時間 | H3: 検査終了時間 | I3: 検査時間 | K3: ５日 | L3: 検査開始時間 | M3: 検査終了時間 | N3: 検査時間 | P3: ６日 | Q3: 検査開始時間 | R3: 検査終了時間 | S3: 検査時間 | U3: ７日 | V3: 検査開始時間 | W3: 検査終了時間 | X3: 検査時間 | AA3: １０日 | AB3: 検査開始時間 | AC3: 検査終了時間 | AD3: 検査時間 | AF3: １１日 | AG3: 検査開始時間 | AH3: 検査終了時間 | AI3: 検査時間 | AK3: １２日 | AL3: 検査開始時間 | AM3: 検査終了時間 | AN3: 検査時間 | AP3: １３日 | AQ3: 検査開始時間 | AR3: 検査終了時間 | AS3: 検査時間 | AU3: １４日 | AV3: 検査開始時間 | AW3: 検査終了時間 | AX3: 検査時間 | BA3: １８日 | BB3: 検査開始時間 | BC3: 検査終了時間 | BD3: 検査時間 | BF3: １９日 | BG3: 検査開始時間 | BH3: 検査終了時間 | BI3: 検査時間 | BK3: ２０日 | BL3: 検査開始時間 | BM3: 検査終了時間 | BN3: 検査時間 | BP3: ２１日 | BQ3: 検査開始時間 | BR3: 検査終了時間 | BS3: 検査時間 | BV3: ２４日 | BW3: 検査開始時間 | BX3: 検査終了時間 | BY3: 検査時間 | CA3: ２５日 | CB3: 検査開始時間 | CC3: 検査終了時間 | CD3: 検査時間 | CF3: ２６日 | CG3: 検査開始時間 | CH3: 検査終了時間 | CI3: 検査時間 | CK3: ２７日 | CL3: 検査開始時間 | CM3: 検査終了時間 | CN3: 検査時間 | CP3: ２８日 | CQ3: 検査開始時間 | CR3: 検査終了時間 | CS3: 検査時間 | CV3: ３１日 | CW3: 検査開始時間 | CX3: 検査終了時間 | CY3: 検査時間
A4: URS-42881P6 | B4: 45110.391 | C4: 45110.399 | D4: =C4-B4 -> 0.0088657407 | F4: UR-4489P8 | G4: 45111.372 | H4: 45111.379 | I4: =H4-G4 -> 0.0069212963 | K4: UR-0559-03P8 | L4: 45113 | M4: 45113.015 | N4: =M4-L4 -> 0.014421296 | P4: UR-0559-03P8 | Q4: 45113 | R4: 45113.015 | S4: =R4-Q4 -> 0.014421296 | U4: UR-0483P1 | V4: 45114.388 | W4: 45114.398 | X4: =W4-V4 -> 0.010185185 | AA4: UR-0511P1 | AB4: 45117.435 | AC4: 45117.448 | AD4: =AC4-AB4 -> 0.013194444 | AF4: UT-1006P1 | AG4: 45118.44 | AH4: 45118.442 | AI4: =AH4-AG4 -> 0.0021180556 | AK4: UT-2508P1_20230620 | AL4: 45119.404 | AM4: 45119.408 | AN4: =AM4-AL4 -> 0.0042708333 | AP4: UR-0559-01P1 | AQ4: 45120.547 | AR4: 45120.56 | AS4: =AR4-AQ4 -> 0.012534722 | AU4: J-UR-05581P4_20220228 | AV4: 45121.386 | AW4: 45121.395 | AX4: =AW4-AV4 -> 0.0090046296 | BA4: J-UR-05581P1_20220228 | BB4: 45125.453 | BC4: 45125.46 | BD4: =BC4-BB4 -> 0.0074074074 | BF4: J-UR-0576P10_20230707 | BG4: 45126.41 | BH4: 45126.418 | BI4: =BH4-BG4 -> 0.0075115741 | BK4: URS-0419P2 | BL4: 45127.416 | BM4: 45127.419 | BN4: =BM4-BL4 -> 0.0022337963 | BP4: UR-0486P4 | BQ4: 45128.39 | BR4: 45128.399 | BS4: =BR4-BQ4 -> 0.0093287037 | BV4: UR-4377P6 | BW4: 45131.405 | BX4: 45131.411 | BY4: =BX4-BW4 -> 0.0059837963 | CA4: UR-0456P6 | CB4: 45132.381 | CC4: 45132.392 | CD4: =CC4-CB4 -> 0.011851852 | CF4: URS-42144-02P6_20230523 | CG4: 45133.442 | CH4: 45133.464 | CI4: =CH4-CG4 -> 0.021516204 | CK4: URS-4215P1 | CL4: 45134.44 | CM4: 45134.447 | CN4: =CM4-CL4 -> 0.0064814815 | CP4: URS-43011P6 | CQ4: 45135.421 | CR4: 45135.423 | CS4: =CR4-CQ4 -> 0.0019097222 | CV4: URS-4343P4 | CW4: 45138.462 | CX4: 45138.464 | CY4: =CX4-CW4 -> 0.0015046296
A5: URS-42144-02P1_20230523 | B5: 45110.408 | C5: 45110.431 | D5: =C5-B5 -> 0.023402778 | F5: UR-0388P2 | G5: 45111.383 | H5: 45111.385 | I5: =H5-G5 -> 0.0017013889 | K5: J-URS-43013P6_20221028 | L5: 45113.406 | M5: 45113.41 | N5: =M5-L5 -> 0.003900463 | P5: J-URS-43013P6_20221028 | Q5: 45113.406 | R5: 45113.41 | S5: =R5-Q5 -> 0.003900463 | U5: UR-0580P6_20230628 | V5: 45114.404 | W5: 45114.411 | X5: =W5-V5 -> 0.0072916667 | AA5: UR-0486P4 | AB5: 45117.456 | AC5: 45117.466 | AD5: =AC5-AB5 -> 0.010266204 | AF5: J-UR-05581P1_20220228 | AG5: 45118.471 | AH5: 45118.49 | AI5: =AH5-AG5 -> 0.018726852 | AK5: UR-0511P1 | AL5: 45119.437 | AM5: 45119.45 | AN5: =AM5-AL5 -> 0.01337963 | AP5: J-UR-05581P1_20220228 | AQ5: 45120.568 | AR5: 45120.587 | AS5: =AR5-AQ5 -> 0.018564815 | AU5: UR-0509-01P1 | AV5: 45121.435 | AW5: 45121.459 | AX5: =AW5-AV5 -> 0.023611111 | BA5: UR-0584P12_20230706 | BB5: 45125.471 | BC5: 45125.477 | BD5: =BC5-BB5 -> 0.0060185185 | BF5: UR-0576P1_20230707 | BG5: 45126.424 | BH5: 45126.429 | BI5: =BH5-BG5 -> 0.0055555556 | BK5: UR-0511P1 | BL5: 45127.439 | BM5: 45127.452 | BN5: =BM5-BL5 -> 0.013206019 | BP5: URS-0505P2 | BQ5: 45128.403 | BR5: 45128.405 | BS5: =BR5-BQ5 -> 0.00125 | BV5: URS-42144-02P6_20230523 | BW5: 45131.428 | BX5: 45131.449 | BY5: =BX5-BW5 -> 0.021527778 | CA5: J-URS-43833P6_20221109 | CB5: 45132.437 | CC5: 45132.446 | CD5: =CC5-CB5 -> 0.0090856481 | CF5: UR-0541P4 | CG5: 45133.488 | CH5: 45133.489 | CI5: =CH5-CG5 -> 0.0013888889 | CK5: URS-4215P4 | CL5: 45134.448 | CM5: 45134.456 | CN5: =CM5-CL5 -> 0.0078472222 | CP5: J-MVH-7249-01P4_20220419 | CQ5: 45135.438 | CR5: 45135.44 | CS5: =CR5-CQ5 -> 0.0013657407 | CV5: J-UR-05581P1_20220228 | CW5: 45138.494 | CX5: 45138.503 | CY5: =CX5-CW5 -> 0.008900463
A6: UR-0511P1 | B6: 45110.435 | C6: 45110.448 | D6: =C6-B6 -> 0.013032407 | F6: UR-0388P1 | G6: 45111.387 | H6: 45111.389 | I6: =H6-G6 -> 0.0011574074 | K6: UR-0388P2 | L6: 45113.435 | M6: 45113.436 | N6: =M6-L6 -> 0.0017592593 | P6: UR-0388P2 | Q6: 45113.435 | R6: 45113.436 | S6: =R6-Q6 -> 0.0017592593 | U6: UR-0580P1_20230628 | V6: 45114.416 | W6: 45114.421 | X6: =W6-V6 -> 0.0045023148 | AA6: URS-0486P1 | AB6: 45117.544 | AC6: 45117.549 | AD6: =AC6-AB6 -> 0.0051736111 | AF6: UR-0588P4_20230630 | AG6: 45118.561 | AH6: 45118.562 | AI6: =AH6-AG6 -> 0.0016319444 | AK6: UR-0483P1 | AL6: 45119.487 | AM6: 45119.498 | AN6: =AM6-AL6 -> 0.010150463 | AP6: MVJ-0501-02P8_20230704 | AQ6: 45120.61 | AR6: 45120.614 | AS6: =AR6-AQ6 -> 0.00375 | AU6: UR-0559-01P1 | AV6: 45121.463 | AW6: 45121.476 | AX6: =AW6-AV6 -> 0.012615741 | BA6: UR-0584P1_20230706 | BB6: 45125.541 | BC6: 45125.545 | BD6: =BC6-BB6 -> 0.0041203704 | BF6: J-UR-0582P10_20230706 | BG6: 45126.439 | BH6: 45126.448 | BI6: =BH6-BG6 -> 0.0083217593 | BK6: UR-4421-01P4 | BL6: 45127.46 | BM6: 45127.465 | BN6: =BM6-BL6 -> 0.005 | BP6: URS-0431P4 | BQ6: 45128.431 | BR6: 45128.433 | BS6: =BR6-BQ6 -> 0.0019097222 | BV6: UR-42143-02P6 | BW6: 45131.452 | BX6: 45131.456 | BY6: =BX6-BW6 -> 0.0041087963 | CA6: UT-2508P6_20230620 | CB6: 45132.45 | CC6: 45132.452 | CD6: =CC6-CB6 -> 0.0024884259 | CF6: UR-0541P1 | CG6: 45133.491 | CH6: 45133.492 | CI6: =CH6-CG6 -> 0.0012847222 | CK6: UR-0509-01P1 | CL6: 45134.462 | CM6: 45134.486 | CN6: =CM6-CL6 -> 0.023194444 | CP6: MVH-7249-01P01_20230720 | CQ6: 45135.459 | CR6: 45135.46 | CS6: =CR6-CQ6 -> 0.0011111111 | CV6: J-UR-05581P1_20220228 | CW6: 45138.541 | CX6: 45138.546 | CY6: =CX6-CW6 -> 0.0058333333
A7: URS-42881P1 | B7: 45110.451 | C7: 45110.461 | D7: =C7-B7 -> 0.0094212963 | F7: J-UT-1010P1_20220817 | G7: 45111.414 | H7: 45111.415 | I7: =H7-G7 -> 0.00096064815 | K7: UR-0388P1 | L7: 45113.438 | M7: 45113.439 | N7: =M7-L7 -> 0.0011574074 | P7: UR-0388P1 | Q7: 45113.438 | R7: 45113.439 | S7: =R7-Q7 -> 0.0011574074 | U7: UR-0595P6_20230628 | V7: 45114.425 | W7: 45114.428 | X7: =W7-V7 -> 0.002974537 | AA7: J-UR-05581P1_20220228 | AB7: 45117.562 | AC7: 45117.58 | AD7: =AC7-AB7 -> 0.018518519 | AF7: UR-0588P1_20230630 | AG7: 45118.567 | AH7: 45118.568 | AI7: =AH7-AG7 -> 0.0011921296 | AK7: URS-0505P2 | AL7: 45119.545 | AM7: 45119.547 | AN7: =AM7-AL7 -> 0.0015277778 | AP7: MVJ-0501-02P1_20230704 | AQ7: 45120.628 | AR7: 45120.63 | AS7: =AR7-AQ7 -> 0.0026273148 | AU7: J-UR-05581P1_20220228 | AV7: 45121.487 | AW7: 45121.494 | AX7: =AW7-AV7 -> 0.007337963 | BA7: UR-0575P10_20230705 | BB7: 45125.549 | BC7: 45125.556 | BD7: =BC7-BB7 -> 0.0075347222 | BF7: J-UR-0583P10_20230707 | BG7: 45126.462 | BH7: 45126.47 | BI7: =BH7-BG7 -> 0.0075115741 | BK7: URS-0543P6 | BL7: 45127.467 | BM7: 45127.471 | BN7: =BM7-BL7 -> 0.0042013889 | BP7: UR-0509-01P1 | BQ7: 45128.438 | BR7: 45128.461 | BS7: =BR7-BQ7 -> 0.023240741 | BV7: UR-0509-01P1 | BW7: 45131.478 | BX7: 45131.501 | BY7: =BX7-BW7 -> 0.023333333 | CA7: UT-2508P1_20230620 | CB7: 45132.455 | CC7: 45132.459 | CD7: =CC7-CB7 -> 0.0040277778 | CF7: UR-0511P1 | CG7: 45133.501 | CH7: 45133.509 | CI7: =CH7-CG7 -> 0.0077662037 | CK7: UR-0559-01P1 | CL7: 45134.489 | CM7: 45134.502 | CN7: =CM7-CL7 -> 0.01244213 | CP7: URS-43011P1 | CQ7: 45135.464 | CR7: 45135.465 | CS7: =CR7-CQ7 -> 0.0015393519 | CV7: UR-0559-01P1 | CW7: 45138.557 | CX7: 45138.57 | CY7: =CX7-CW7 -> 0.012488426
A8: J-UR-0578P4_20220525 | B8: 45110.47 | C8: 45110.472 | D8: =C8-B8 -> 0.0013888889 | F8: UR-0511P1 | G8: 45111.423 | H8: 45111.436 | I8: =H8-G8 -> 0.013240741 | K8: UR-4435P6 | L8: 45113.455 | M8: 45113.464 | N8: =M8-L8 -> 0.0083101852 | P8: UR-4435P6 | Q8: 45113.455 | R8: 45113.464 | S8: =R8-Q8 -> 0.0083101852 | U8: UR-0595P1_20230628 | V8: 45114.434 | W8: 45114.437 | X8: =W8-V8 -> 0.0029282407 | AA8: UR-0559-01P1 | AB8: 45117.586 | AC8: 45117.603 | AD8: =AC8-AB8 -> 0.016631944 | AF8: UR-0590P4_20230703 | AG8: 45118.581 | AH8: 45118.583 | AI8: =AH8-AG8 -> 0.0018171296 | AK8: UR-0509-01P1 | AL8: 45119.562 | AM8: 45119.586 | AN8: =AM8-AL8 -> 0.023993056 | AP8: MVJ-0518P4_20230704 | AQ8: 45120.681 | AR8: 45120.682 | AS8: =AR8-AQ8 -> 0.00060185185 | AU8: URS-0540P4 | AV8: 45121.561 | AW8: 45121.565 | AX8: =AW8-AV8 -> 0.0040625 | BA8: UR-0575P1_20230705 | BB8: 45125.564 | BC8: 45125.57 | BD8: =BC8-BB8 -> 0.0056712963 | BF8: J-UR-0583P01_20230707 | BG8: 45126.489 | BH8: 45126.496 | BI8: =BH8-BG8 -> 0.0073148148 | BK8: UR-0559-01P1 | BL8: 45127.476 | BM8: 45127.484 | BN8: =BM8-BL8 -> 0.0083101852 | BP8: J-UR-05581P4_20220228 | BQ8: 45128.466 | BR8: 45128.485 | BS8: =BR8-BQ8 -> 0.018113426 | BV8: J-UR-05581P1_20220228 | BW8: 45131.546 | BX8: 45131.56 | BY8: =BX8-BW8 -> 0.014733796 | CA8: UR-0509-01P1 | CB8: 45132.463 | CC8: 45132.487 | CD8: =CC8-CB8 -> 0.023252315 | CF8: UR-0511P1 | CG8: 45133.537 | CH8: 45133.543 | CI8: =CH8-CG8 -> 0.0059953704 | CK8: MVD-0415P4 | CL8: 45134.556 | CM8: 45134.574 | CN8: =CM8-CL8 -> 0.018263889 | CP8: UR-0509-01P1 | CQ8: 45135.469 | CR8: 45135.496 | CS8: =CR8-CQ8 -> 0.026956019 | CV8: URS-4272P6 | CW8: 45138.575 | CX8: 45138.579 | CY8: =CX8-CW8 -> 0.004224537
A9: J-UR-0585P6_20220601 | B9: 45110.495 | C9: 45110.498 | D9: =C9-B9 -> 0.0030208333 | F9: UR-0396P4 | G9: 45111.45 | H9: 45111.453 | I9: =H9-G9 -> 0.0024768519 | K9: J-UR-05581P1_20220228 | L9: 45113.553 | M9: 45113.572 | N9: =M9-L9 -> 0.019270833 | P9: J-UR-05581P1_20220228 | Q9: 45113.553 | R9: 45113.572 | S9: =R9-Q9 -> 0.019270833 | U9: UR-0511P1 | V9: 45114.441 | W9: 45114.454 | X9: =W9-V9 -> 0.01318287 | AA9: UR-0589P4_20230629 | AB9: 45117.611 | AC9: 45117.613 | AD9: =AC9-AB9 -> 0.0017824074 | AF9: UR-0590P1_20230703 | AG9: 45118.585 | AH9: 45118.587 | AI9: =AH9-AG9 -> 0.0015162037 | AK9: UT-0931-01P10 | AL9: 45119.603 | AM9: 45119.613 | AN9: =AM9-AL9 -> 0.0094675926 | AP9: MVJ-0518P1_20230704 | AQ9: 45120.684 | AR9: 45120.684 | AS9: =AR9-AQ9 -> 0.00042824074 | AU9: UR-4421-01P4 | AV9: 45121.567 | AW9: 45121.572 | AX9: =AW9-AV9 -> 0.0049768519 | BA9: UR-0559-01P1 | BB9: 45125.577 | BC9: 45125.59 | BD9: =BC9-BB9 -> 0.012511574 | BF9: J-UR-0582P01_20230706 | BG9: 45126.5 | BH9: 45126.506 | BI9: =BH9-BG9 -> 0.0059722222 | BK9: J-UR-05581P1_20220228 | BL9: 45127.487 | BM9: 45127.495 | BN9: =BM9-BL9 -> 0.0074074074 | BP9: URS-0431P1 | BQ9: 45128.492 | BR9: 45128.494 | BS9: =BR9-BQ9 -> 0.0021296296 | BV9: UR-06101P8 | BW9: 45131.566 | BX9: 45131.577 | BY9: =BX9-BW9 -> 0.010925926 | CA9: J-UR-05581P1_20220228 | CB9: 45132.491 | CC9: 45132.506 | CD9: =CC9-CB9 -> 0.015034722 | CF9: J-UR-05581P1_20220228 | CG9: 45133.546 | CH9: 45133.561 | CI9: =CH9-CG9 -> 0.014861111 | CK9: UR-0488-01P4 | CL9: 45134.597 | CM9: 45134.605 | CN9: =CM9-CL9 -> 0.0080555556 | CP9: J-UR-05581P1_20220228 | CQ9: 45135.499 | CR9: 45135.506 | CS9: =CR9-CQ9 -> 0.0073148148 | CV9: UR-4515P4 | CW9: 45138.581 | CX9: 45138.586 | CY9: =CX9-CW9 -> 0.005462963
A10: J-UR-0585P1_20220601 | B10: 45110.505 | C10: 45110.539 | D10: =C10-B10 -> 0.034826389 | F10: UR-0396P1 | G10: 45111.454 | H10: 45111.456 | I10: =H10-G10 -> 0.0015393518 | K10: UR-0559-01P1 | L10: 45113.576 | M10: 45113.593 | N10: =M10-L10 -> 0.016678241 | P10: UR-0559-01P1 | Q10: 45113.576 | R10: 45113.593 | S10: =R10-Q10 -> 0.016678241 | U10: UR-4377P1 | V10: 45114.456 | W10: 45114.464 | X10: =W10-V10 -> 0.0074537037 | AA10: UR-0589P1_20230629 | AB10: 45117.614 | AC10: 45117.616 | AD10: =AC10-AB10 -> 0.0013310185 | AF10: UR-0615P4_20230703 | AG10: 45118.597 | AH10: 45118.598 | AI10: =AH10-AG10 -> 0.00086805555 | AK10: UT-0931-01P1 | AL10: 45119.619 | AM10: 45119.627 | AN10: =AM10-AL10 -> 0.0078587963 | AP10: URS-42144-02P6_20230523 | AQ10: 45120.695 | AR10: 45120.716 | AS10: =AR10-AQ10 -> 0.021365741 | AU10: URS-0540P1 | AV10: 45121.576 | AW10: 45121.579 | AX10: =AW10-AV10 -> 0.0030208333 | BA10: UR-0509-01P1 | BB10: 45125.604 | BC10: 45125.628 | BD10: =BC10-BB10 -> 0.023287037 | BF10: J-UR-0582P01_20230706 | BG10: 45126.541 | BH10: 45126.543 | BI10: =BH10-BG10 -> 0.0022800926 | BK10: UR-0509-01P1 | BL10: 45127.497 | BM10: 45127.505 | BN10: =BM10-BL10 -> 0.007650463 | BP10: URS-0486P1 | BQ10: 45128.496 | BR10: 45128.501 | BS10: =BR10-BQ10 -> 0.005150463 | BV10: UR-4377P1 | BW10: 45131.587 | BX10: 45131.593 | BY10: =BX10-BW10 -> 0.0066087963 | CA10: J-URS-43833P1_20221109 | CB10: 45132.544 | CC10: 45132.554 | CD10: =CC10-CB10 -> 0.010104167 | CF10: UR-0509-01P1 | CG10: 45133.564 | CH10: 45133.587 | CI10: =CH10-CG10 -> 0.023240741 | CK10: MVD-0415P1 | CL10: 45134.616 | CM10: 45134.63 | CN10: =CM10-CL10 -> 0.013391204 | CP10: J-UR-05581P1_20220228 | CQ10: 45135.537 | CR10: 45135.544 | CS10: =CR10-CQ10 -> 0.0073148148 | CV10: UR-4341-02P4 | CW10: 45138.595 | CX10: 45138.597 | CY10: =CX10-CW10 -> 0.0021296296
A11: J-UR-0586P6_20220601 | B11: 45110.56 | C11: 45110.564 | D11: =C11-B11 -> 0.0045601852 | F11: UR-4489P1 | G11: 45111.459 | H11: 45111.465 | I11: =H11-G11 -> 0.0062268519 | K11: J-URS-43013P1_20221028 | L11: 45113.595 | M11: 45113.599 | N11: =M11-L11 -> 0.0039467593 | P11: J-URS-43013P1_20221028 | Q11: 45113.595 | R11: 45113.599 | S11: =R11-Q11 -> 0.0039467593 | U11: URS-4215P1 | V11: 45114.467 | W11: 45114.473 | X11: =W11-V11 -> 0.0064351852 | AA11: UR-0614P4_20230630 | AB11: 45117.629 | AC11: 45117.63 | AD11: =AC11-AB11 -> 0.00085648148 | AF11: UR-0615P1_20230703 | AG11: 45118.604 | AH11: 45118.604 | AI11: =AH11-AG11 -> 0.00065972222 | AK11: UR-4207-01P2 | AL11: 45119.643 | AM11: 45119.649 | AN11: =AM11-AL11 -> 0.006087963 | BA11: UR-06101P8 | BB11: 45125.63 | BC11: 45125.641 | BD11: =BC11-BB11 -> 0.010949074 | BF11: UR-4035P1 | BG11: 45126.555 | BH11: 45126.559 | BI11: =BH11-BG11 -> 0.003587963 | BK11: UR-0509-01P1 | BL11: 45127.541 | BM11: 45127.556 | BN11: =BM11-BL11 -> 0.015381944 | BP11: UT-0988P4 | BQ11: 45128.57 | BR11: 45128.575 | BS11: =BR11-BQ11 -> 0.0047569444 | BV11: URS-42144-02P1_20230523 | BW11: 45131.605 | BX11: 45131.629 | BY11: =BX11-BW11 -> 0.023518519 | CA11: UT-0992-01P6_20220909 | CB11: 45132.559 | CC11: 45132.564 | CD11: =CC11-CB11 -> 0.0047222222 | CF11: URS-42144-02P1_20230523 | CG11: 45133.591 | CH11: 45133.614 | CI11: =CH11-CG11 -> 0.023229167 | CK11: UR-0488-01P1 | CL11: 45134.645 | CM11: 45134.651 | CN11: =CM11-CL11 -> 0.0053009259 | CP11: UR-0559-01P1 | CQ11: 45135.546 | CR11: 45135.559 | CS11: =CR11-CQ11 -> 0.012546296 | CV11: UR-0509-01P1 | CW11: 45138.609 | CX11: 45138.642 | CY11: =CX11-CW11 -> 0.032696759
A12: J-UR-0586P1_20220601 | B12: 45110.573 | C12: 45110.576 | D12: =C12-B12 -> 0.0026273148 | F12: URS-0400P2 | G12: 45111.472 | H12: 45111.473 | I12: =H12-G12 -> 0.0016782407 | K12: UR-4435P1 | L12: 45113.601 | M12: 45113.607 | N12: =M12-L12 -> 0.0065277778 | P12: UR-4435P1 | Q12: 45113.601 | R12: 45113.607 | S12: =R12-Q12 -> 0.0065277778 | U12: URS-4215P4 | V12: 45114.475 | W12: 45114.483 | X12: =W12-V12 -> 0.0079050926 | AA12: UR-0614P1_20230630 | AB12: 45117.639 | AC12: 45117.64 | AD12: =AC12-AB12 -> 0.00071759259 | AF12: UR-0520P1 | AG12: 45118.615 | AH12: 45118.631 | AI12: =AH12-AG12 -> 0.015243056 | AK12: URS-42511P6 | AL12: 45119.684 | AM12: 45119.686 | AN12: =AM12-AL12 -> 0.0020717593 | BA12: UR-06101P1 | BB12: 45125.657 | BC12: 45125.664 | BD12: =BC12-BB12 -> 0.0074421296 | BF12: J-UR-43511P2_20220916 | BG12: 45126.569 | BH12: 45126.572 | BI12: =BH12-BG12 -> 0.0036226852 | BK12: URS-0543P1 | BL12: 45127.562 | BM12: 45127.565 | BN12: =BM12-BL12 -> 0.0030092593 | BP12: UT-0988P1 | BQ12: 45128.576 | BR12: 45128.581 | BS12: =BR12-BQ12 -> 0.0046412037 | BV12: UR-42143-02P1 | BW12: 45131.648 | BX12: 45131.654 | BY12: =BX12-BW12 -> 0.0054976852 | CA12: UR-4551P06_20230714 | CB12: 45132.593 | CC12: 45132.595 | CD12: =CC12-CB12 -> 0.0024189815 | CF12: UR-0388P2 | CG12: 45133.619 | CH12: 45133.62 | CI12: =CH12-CG12 -> 0.0017013889 | CK12: UR-0519P8 | CL12: 45134.691 | CM12: 45134.727 | CN12: =CM12-CL12 -> 0.036875 | CP12: URS-0304-01P4 | CQ12: 45135.566 | CR12: 45135.571 | CS12: =CR12-CQ12 -> 0.0043055556 | CV12: URS-4272P1 | CW12: 45138.673 | CX12: 45138.678 | CY12: =CX12-CW12 -> 0.0045138889
A13: J-UR-0594P4_20220602 | B13: 45110.612 | C13: 45110.613 | D13: =C13-B13 -> 0.0012847222 | F13: UR-0476P2 | G13: 45111.477 | H13: 45111.478 | I13: =H13-G13 -> 0.00094907408 | K13: UR-0509-01P4 | L13: 45113.61 | M13: 45113.641 | N13: =M13-L13 -> 0.031770833 | P13: UR-0509-01P4 | Q13: 45113.61 | R13: 45113.641 | S13: =R13-Q13 -> 0.031770833 | U13: J-UR-05581P4_20220228 | V13: 45114.486 | W13: 45114.504 | X13: =W13-V13 -> 0.018020833 | AA13: UR-04511P2 | AB13: 45117.653 | AC13: 45117.661 | AD13: =AC13-AB13 -> 0.0074537037 | AF13: UT-2537P8_20221102 | AG13: 45118.679 | AH13: 45118.679 | AI13: =AH13-AG13 -> 0.00018518518 | BA13: UR-0488-01P4 | BB13: 45125.669 | BC13: 45125.677 | BD13: =BC13-BB13 -> 0.0080439815 | BF13: J-UR-43511P1_20220916 | BG13: 45126.581 | BH13: 45126.584 | BI13: =BH13-BG13 -> 0.0031828704 | BK13: UR-43721P8 | BL13: 45127.577 | BM13: 45127.584 | BN13: =BM13-BL13 -> 0.0070601852 | BP13: URS-4273P4 | BQ13: 45128.66 | BR13: 45128.664 | BS13: =BR13-BQ13 -> 0.0036458333 | BV13: UR-06101P1 | BW13: 45131.659 | BX13: 45131.667 | BY13: =BX13-BW13 -> 0.0078009259 | CA13: UR-4551P01_20230714 | CB13: 45132.608 | CC13: 45132.611 | CD13: =CC13-CB13 -> 0.0033333333 | CF13: UR-0388P1 | CG13: 45133.622 | CH13: 45133.623 | CI13: =CH13-CG13 -> 0.0011689815 | CP13: UR-4349-01P4 | CQ13: 45135.583 | CR13: 45135.585 | CS13: =CR13-CQ13 -> 0.0020486111 | CV13: UR-4341-02P1 | CW13: 45138.687 | CX13: 45138.689 | CY13: =CX13-CW13 -> 0.0020833333
A14: J-UR-0594P1_20220602 | B14: 45110.614 | C14: 45110.615 | D14: =C14-B14 -> 0.000625 | F14: UR-0488-01P4 | G14: 45111.55 | H14: 45111.559 | I14: =H14-G14 -> 0.008912037 | K14: UR-0509-01P1 | L14: 45113.651 | M14: 45113.674 | N14: =M14-L14 -> 0.023159722 | P14: UR-0509-01P1 | Q14: 45113.651 | R14: 45113.674 | S14: =R14-Q14 -> 0.023159722 | U14: J-UR-05581P4_20220228 | V14: 45114.539 | W14: 45114.544 | X14: =W14-V14 -> 0.0044444444 | AA14: UR-04511P1 | AB14: 45117.664 | AC14: 45117.671 | AD14: =AC14-AB14 -> 0.0072916667 | AF14: UT-2537P1_20221102 | AG14: 45118.681 | AH14: 45118.681 | AI14: =AH14-AG14 -> 0.00018518518 | BA14: UR-0488-01P1 | BB14: 45125.689 | BC14: 45125.697 | BD14: =BC14-BB14 -> 0.0076736111 | BF14: URS-42883P6 | BG14: 45126.594 | BH14: 45126.599 | BI14: =BH14-BG14 -> 0.0041666667 | BK14: UR-43721P1 | BL14: 45127.598 | BM14: 45127.605 | BN14: =BM14-BL14 -> 0.0074537037 | BP14: URS-4273P1 | BQ14: 45128.665 | BR14: 45128.669 | BS14: =BR14-BQ14 -> 0.0033680556 | BV14: UR-4487P8 | BW14: 45131.696 | BX14: 45131.705 | BY14: =BX14-BW14 -> 0.0093171296 | CA14: UR-0456P1 | CB14: 45132.614 | CC14: 45132.626 | CD14: =CC14-CB14 -> 0.012071759 | CF14: UR-0486P4 | CG14: 45133.649 | CH14: 45133.658 | CI14: =CH14-CG14 -> 0.0093518519 | CP14: URS-42982P1 | CQ14: 45135.591 | CR14: 45135.6 | CS14: =CR14-CQ14 -> 0.0087847222
A15: MVM-4424P1 | B15: 45110.639 | C15: 45110.657 | D15: =C15-B15 -> 0.018449074 | F15: UR-0488-01P1 | G15: 45111.561 | H15: 45111.568 | I15: =H15-G15 -> 0.007025463 | K15: UR-0577P6_20230627 | L15: 45113.689 | M15: 45113.694 | N15: =M15-L15 -> 0.0052777778 | P15: UR-0577P6_20230627 | Q15: 45113.689 | R15: 45113.694 | S15: =R15-Q15 -> 0.0052777778 | U15: J-UR-05581P1_20220228 | V15: 45114.552 | W15: 45114.57 | X15: =W15-V15 -> 0.018634259 | AA15: J-UT-0986P10_20220902 | AB15: 45117.678 | AC15: 45117.696 | AD15: =AC15-AB15 -> 0.018217593 | BF15: URS-42883P1 | BG15: 45126.604 | BH15: 45126.609 | BI15: =BH15-BG15 -> 0.0050115741 | BK15: UT-0987-01P6_20220909 | BL15: 45127.608 | BM15: 45127.614 | BN15: =BM15-BL15 -> 0.005625 | BP15: MVH-7242P02_20230719 | BQ15: 45128.692 | BR15: 45128.694 | BS15: =BR15-BQ15 -> 0.0020023148 | CA15: UR-04511P2 | CB15: 45132.629 | CC15: 45132.642 | CD15: =CC15-CB15 -> 0.013553241 | CF15: URS-0486P1 | CG15: 45133.66 | CH15: 45133.666 | CI15: =CH15-CG15 -> 0.0054282407 | CP15: UR-0489P4 | CQ15: 45135.605 | CR15: 45135.613 | CS15: =CR15-CQ15 -> 0.0079398148
A16: UR-0509-01P4 | B16: 45110.668 | C16: 45110.7 | D16: =C16-B16 -> 0.031921296 | F16: UR-0574P12_20230623 | G16: 45111.628 | H16: 45111.633 | I16: =H16-G16 -> 0.0045949074 | K16: UR-0577P1_20230627 | L16: 45113.698 | M16: 45113.702 | N16: =M16-L16 -> 0.0041898148 | P16: UR-0577P1_20230627 | Q16: 45113.698 | R16: 45113.702 | S16: =R16-Q16 -> 0.0041898148 | U16: UR-0559-03P8 | V16: 45114.573 | W16: 45114.591 | X16: =W16-V16 -> 0.017743056 | BF16: UT-0983P4 | BG16: 45126.612 | BH16: 45126.615 | BI16: =BH16-BG16 -> 0.0024305556 | BK16: UT-0987-01P1_20220909 | BL16: 45127.623 | BM16: 45127.627 | BN16: =BM16-BL16 -> 0.0043634259 | BP16: MVH-7242P01_20230719 | BQ16: 45128.698 | BR16: 45128.7 | BS16: =BR16-BQ16 -> 0.0012037037 | CA16: UR-04511P1 | CB16: 45132.649 | CC16: 45132.657 | CD16: =CC16-CB16 -> 0.0074074074 | CF16: URS-0505P2 | CG16: 45133.671 | CH16: 45133.673 | CI16: =CH16-CG16 -> 0.0012731481 | CP16: URS-0505P2 | CQ16: 45135.621 | CR16: 45135.623 | CS16: =CR16-CQ16 -> 0.0012615741
A17: UT-0931-01P10 | B17: 45110.705 | C17: 45110.715 | D17: =C17-B17 -> 0.010069444 | F17: J-UR-0574P01_20230623_mp | G17: 45111.65 | H17: 45111.652 | I17: =H17-G17 -> 0.0027314815 | U17: UR-0559-01P1 | V17: 45114.6 | W17: 45114.617 | X17: =W17-V17 -> 0.016724537 | BF17: UR-0559-01P1 | BG17: 45126.639 | BH17: 45126.648 | BI17: =BH17-BG17 -> 0.0082407407 | BK17: UR-4368P2 | BL17: 45127.638 | BM17: 45127.639 | BN17: =BM17-BL17 -> 0.001412037 | CA17: UT-0992-01P1_20220909 | CB17: 45132.661 | CC17: 45132.666 | CD17: =CC17-CB17 -> 0.0049074074 | CF17: UR-0456P6 | CG17: 45133.676 | CH17: 45133.689 | CI17: =CH17-CG17 -> 0.012835648 | CP17: UR-4349-01P4 | CQ17: 45135.627 | CR17: 45135.629 | CS17: =CR17-CQ17 -> 0.002037037
F18: UR-0509-01P4 | G18: 45111.676 | H18: 45111.708 | I18: =H18-G18 -> 0.031886574 | U18: UT-0996P6 | V18: 45114.642 | W18: 45114.644 | X18: =W18-V18 -> 0.0023958333 | BF18: UR-0509-01P1 | BG18: 45126.65 | BH18: 45126.673 | BI18: =BH18-BG18 -> 0.023287037 | BK18: UR-4368P1 | BL18: 45127.641 | BM18: 45127.643 | BN18: =BM18-BL18 -> 0.0014351852 | CA18: UTS-0918P2 | CB18: 45132.669 | CC18: 45132.67 | CD18: =CC18-CB18 -> 0.0010763889 | CF18: UR-0456P1 | CG18: 45133.698 | CH18: 45133.71 | CI18: =CH18-CG18 -> 0.0121875 | CP18: URS-4002P4 | CQ18: 45135.642 | CR18: 45135.642 | CS18: =CR18-CQ18 -> 0.00015046296
U19: UT-0996P1 | V19: 45114.654 | W19: 45114.656 | X19: =W19-V19 -> 0.0011574074 | BF19: UR-0481-01P6 | BG19: 45126.699 | BH19: 45126.722 | BI19: =BH19-BG19 -> 0.023078704 | BK19: UR-0396P4 | BL19: 45127.648 | BM19: 45127.65 | BN19: =BM19-BL19 -> 0.0025115741 | CA19: UR-4341-02P4 | CB19: 45132.676 | CC19: 45132.679 | CD19: =CC19-CB19 -> 0.0021180556 | CP19: URS-4002P1 | CQ19: 45135.643 | CR19: 45135.643 | CS19: =CR19-CQ19 -> 0.00017361111
U20: URS-42144-02P6_20230523 | V20: 45114.667 | W20: 45114.689 | X20: =W20-V20 -> 0.021678241 | BK20: URS-0483P4 | BL20: 45127.653 | BM20: 45127.663 | BN20: =BM20-BL20 -> 0.010555556 | CA20: UR-4341-02P1 | CB20: 45132.681 | CC20: 45132.683 | CD20: =CC20-CB20 -> 0.0019907407 | CP20: URS-0304-01P1 | CQ20: 45135.669 | CR20: 45135.674 | CS20: =CR20-CQ20 -> 0.005462963
U21: URS-42144-02P1_20230523 | V21: 45114.698 | W21: 45114.721 | X21: =W21-V21 -> 0.023206019 | BK21: UR-0396P1 | BL21: 45127.674 | BM21: 45127.676 | BN21: =BM21-BL21 -> 0.0015625 | CP21: UR-4489P8 | CQ21: 45135.68 | CR21: 45135.687 | CS21: =CR21-CQ21 -> 0.0068865741
BK22: UR-0483P1 | BL22: 45127.684 | BM22: 45127.695 | BN22: =BM22-BL22 -> 0.01037037 | CP22: UR-04511P2 | CQ22: 45135.69 | CR22: 45135.698 | CS22: =CR22-CQ22 -> 0.0073842593
CP23: UR-04511P1 | CQ23: 45135.7 | CR23: 45135.707 | CS23: =CR23-CQ23 -> 0.0071875
C25: TOTAL | D25: =SUM(D27:D44) -> 0.034965278 | H25: TOTAL | I25: =SUM(I27:I50) -> 0.078101852 | M25: TOTAL | N25: =SUM(N27:N45) -> 0.064826389 | R25: TOTAL | S25: =SUM(S27:S50) -> 0.064826389 | W25: TOTAL | X25: =SUM(X27:X51) -> 0.17181713 | AC25: TOTAL | AD25: =SUM(AD27:AD52) -> 0.1446412 | AH25: TOTAL | AI25: =SUM(AI27:AI56) -> 0.10953704 | AM25: TOTAL | AN25: =SUM(AN27:AN50) -> 0.091770833 | AR25: TOTAL | AS25: =SUM(AS27:AS43) -> 0.15799769 | AW25: TOTAL | AX25: =SUM(AX27:AX43) -> 0.071666667 | BC25: TOTAL | BD25: =SUM(BD27:BD43) -> 0.15314815 | BH25: TOTAL | BI25: =SUM(BI27:BI43) -> 0.13952546 | BM25: TOTAL | BN25: =SUM(BN27:BN43) -> 0.11196759 | BR25: TOTAL | BS25: =SUM(BS27:BS52) -> 0.16320602 | BX25: TOTAL | BY25: =SUM(BY27:BY55) -> 0.10400463 | CC25: TOTAL | CD25: =SUM(CD27:CD51) -> 0.063333333 | CH25: TOTAL | CI25: =SUM(CI27:CI45) -> 0.11392361 | CM25: TOTAL | CN25: =SUM(CN27:CN55) -> 0.11482639 | CR25: TOTAL | CS25: =SUM(CS27:CS59) -> 0.097719907 | CX25: TOTAL | CY25: =SUM(CY27:CY43) -> 0.037673611
A26: ３日 | B26: 検査開始時間 | C26: 検査終了時間 | D26: 検査時間 | F26: ４日 | G26: 検査開始時間 | H26: 検査終了時間 | I26: 検査時間 | K26: ５日 | L26: 検査開始時間 | M26: 検査終了時間 | N26: 検査時間 | P26: ６日 | Q26: 検査開始時間 | R26: 検査終了時間 | S26: 検査時間 | U26: ７日 | V26: 検査開始時間 | W26: 検査終了時間 | X26: 検査時間 | AA26: １０日 | AB26: 検査開始時間 | AC26: 検査終了時間 | AD26: 検査時間 | AF26: １１日 | AG26: 検査開始時間 | AH26: 検査終了時間 | AI26: 検査時間 | AK26: １２日 | AL26: 検査開始時間 | AM26: 検査終了時間 | AN26: 検査時間 | AP26: １３日 | AQ26: 検査開始時間 | AR26: 検査終了時間 | AS26: 検査時間 | AU26: １４日 | AV26: 検査開始時間 | AW26: 検査終了時間 | AX26: 検査時間 | BA26: １８日 | BB26: 検査開始時間 | BC26: 検査終了時間 | BD26: 検査時間 | BF26: １９日 | BG26: 検査開始時間 | BH26: 検査終了時間 | BI26: 検査時間 | BK26: ２０日 | BL26: 検査開始時間 | BM26: 検査終了時間 | BN26: 検査時間 | BP26: ２１日 | BQ26: 検査開始時間 | BR26: 検査終了時間 | BS26: 検査時間 | BV26: ２４日 | BW26: 検査開始時間 | BX26: 検査終了時間 | BY26: 検査時間 | CA26: ２５日 | CB26: 検査開始時間 | CC26: 検査終了時間 | CD26: 検査時間 | CF26: ２６日 | CG26: 検査開始時間 | CH26: 検査終了時間 | CI26: 検査時間 | CK26: ２７日 | CL26: 検査開始時間 | CM26: 検査終了時間 | CN26: 検査時間 | CP26: ２８日 | CQ26: 検査開始時間 | CR26: 検査終了時間 | CS26: 検査時間 | CV26: ３１日 | CW26: 検査開始時間 | CX26: 検査終了時間 | CY26: 検査時間
A27: UT-0931-01P1 | B27: 45110.848 | C27: 45110.855 | D27: =C27-B27 -> 0.0072569444 | F27: J-UR-05581P4_20220228 | G27: 45111.722 | H27: 45111.744 | I27: =H27-G27 -> 0.022638889 | K27: UR-0579P6_20230627 | L27: 45113.722 | M27: 45113.73 | N27: =M27-L27 -> 0.0074074074 | P27: UR-0579P6_20230627 | Q27: 45113.722 | R27: 45113.73 | S27: =R27-Q27 -> 0.0074074074 | U27: UR-06101P8 | V27: 45114.737 | W27: 45114.748 | X27: =W27-V27 -> 0.010891204 | AA27: UR-0509-01P4 | AB27: 45117.723 | AC27: 45117.755 | AD27: =AC27-AB27 -> 0.031944444 | AF27: UR-0489P4 | AG27: 45118.726 | AH27: 45118.733 | AI27: =AH27-AG27 -> 0.0074652778 | AK27: UR-0509-01P1 | AL27: 45119.721 | AM27: 45119.744 | AN27: =AM27-AL27 -> 0.023171296 | AP27: UR-0481-01P6 | AQ27: 45120.724 | AR27: 45120.743 | AS27: =AR27-AQ27 -> 0.018796296 | AU27: MVD-0467-01P8_20230710 | AV27: 45121.722 | AW27: 45121.724 | AX27: =AW27-AV27 -> 0.001875 | BA27: J-UR-0550-01P8_20210830 | BB27: 45125.718 | BC27: 45125.732 | BD27: =BC27-BB27 -> 0.013333333 | BF27: UR-0488-01P4 | BG27: 45126.725 | BH27: 45126.733 | BI27: =BH27-BG27 -> 0.0081481481 | BK27: UR-04511P2 | BL27: 45127.721 | BM27: 45127.728 | BN27: =BM27-BL27 -> 0.0073958333 | BP27: UR-0481-01P6 | BQ27: 45128.721 | BR27: 45128.75 | BS27: =BR27-BQ27 -> 0.029236111 | BV27: UR-06101P8 | BW27: 45131.783 | BX27: 45131.788 | BY27: =BX27-BW27 -> 0.0058680556 | CA27: UR-4338-02P8 | CB27: 45132.721 | CC27: 45132.725 | CD27: =CC27-CB27 -> 0.0045486111 | CF27: UR-0481-01P6 | CG27: 45133.759 | CH27: 45133.782 | CI27: =CH27-CG27 -> 0.022997685 | CK27: UR-0519P1 | CL27: 45134.804 | CM27: 45134.82 | CN27: =CM27-CL27 -> 0.016759259 | CP27: UR-4349-01P1 | CQ27: 45135.759 | CR27: 45135.761 | CS27: =CR27-CQ27 -> 0.002025463 | CV27: UR-0509-01P4 | CW27: 45138.716 | CX27: 45138.754 | CY27: =CX27-CW27 -> 0.037673611
A28: UTS-0717P6 | B28: 45110.86 | C28: 45110.862 | D28: =C28-B28 -> 0.0017361111 | F28: UR-0509-01P1 | G28: 45111.761 | H28: 45111.785 | I28: =H28-G28 -> 0.023506944 | K28: UR-0579P1_20230627 | L28: 45113.74 | M28: 45113.745 | N28: =M28-L28 -> 0.0045833333 | P28: UR-0579P1_20230627 | Q28: 45113.74 | R28: 45113.745 | S28: =R28-Q28 -> 0.0045833333 | U28: UR-0509-01P4 | V28: 45114.75 | W28: 45114.782 | X28: =W28-V28 -> 0.031875 | AA28: J-UT-0986P01_20220902 | AB28: 45117.761 | AC28: 45117.772 | AD28: =AC28-AB28 -> 0.011041667 | AF28: UR-0489P1 | AG28: 45118.745 | AH28: 45118.752 | AI28: =AH28-AG28 -> 0.0064930556 | AK28: URS-42511P1 | AL28: 45119.746 | AM28: 45119.748 | AN28: =AM28-AL28 -> 0.0020833333 | AP28: URS-42144-02P1_20230523 | AQ28: 45120.749 | AR28: 45120.772 | AS28: =AR28-AQ28 -> 0.022916667 | AU28: MVD-0467-01P1_20230710 | AV28: 45121.73 | AW28: 45121.732 | AX28: =AW28-AV28 -> 0.0021412037 | BA28: J-UR-0550-01P1_20210830 | BB28: 45125.753 | BC28: 45125.763 | BD28: =BC28-BB28 -> 0.0096759259 | BF28: UR-0481-01P1 | BG28: 45126.748 | BH28: 45126.765 | BI28: =BH28-BG28 -> 0.017037037 | BK28: UR-04511P1 | BL28: 45127.73 | BM28: 45127.737 | BN28: =BM28-BL28 -> 0.0072569444 | BP28: UR-0481-01P1 | BQ28: 45128.764 | BR28: 45128.781 | BS28: =BR28-BQ28 -> 0.016875 | BV28: URS-4215P1 | BW28: 45131.799 | BX28: 45131.806 | BY28: =BX28-BW28 -> 0.0071064815 | CA28: UR-4421-01P4 | CB28: 45132.728 | CC28: 45132.733 | CD28: =CC28-CB28 -> 0.0050231482 | CF28: UR-0481-01P1 | CG28: 45133.797 | CH28: 45133.814 | CI28: =CH28-CG28 -> 0.016944444 | CK28: UR-0519P1 | CL28: 45134.852 | CM28: 45134.862 | CN28: =CM28-CL28 -> 0.0093055556 | CP28: URS-42982P6 | CQ28: 45135.777 | CR28: 45135.785 | CS28: =CR28-CQ28 -> 0.0079976852 | CY28: =CX28-CW28 -> 0
A29: UR-43721P8 | B29: 45110.912 | C29: 45110.919 | D29: =C29-B29 -> 0.0073148148 | F29: J-UR-05581P1_20220228 | G29: 45111.811 | H29: 45111.822 | I29: =H29-G29 -> 0.010706019 | K29: UR-0488-01P1 | L29: 45113.769 | M29: 45113.774 | N29: =M29-L29 -> 0.0053240741 | P29: UR-0488-01P1 | Q29: 45113.769 | R29: 45113.774 | S29: =R29-Q29 -> 0.0053240741 | U29: UR-06101P1 | V29: 45114.788 | W29: 45114.796 | X29: =W29-V29 -> 0.0075 | AA29: UR-0509-01P1 | AB29: 45117.794 | AC29: 45117.817 | AD29: =AC29-AB29 -> 0.02318287 | AF29: URS-4273P4 | AG29: 45118.755 | AH29: 45118.758 | AI29: =AH29-AG29 -> 0.0031134259 | AK29: UR-4341-02P4 | AL29: 45119.751 | AM29: 45119.753 | AN29: =AM29-AL29 -> 0.0020949074 | AP29: UR-0481-01P1 | AQ29: 45120.776 | AR29: 45120.79 | AS29: =AR29-AQ29 -> 0.014097222 | AU29: URS-0542P4 | AV29: 45121.743 | AW29: 45121.747 | AX29: =AW29-AV29 -> 0.0039351852 | BA29: UR-0486P4 | BB29: 45125.78 | BC29: 45125.79 | BD29: =BC29-BB29 -> 0.0092824074 | BF29: UR-0488-01P1 | BG29: 45126.769 | BH29: 45126.775 | BI29: =BH29-BG29 -> 0.0053009259 | BK29: UR-06101P8 | BL29: 45127.739 | BM29: 45127.75 | BN29: =BM29-BL29 -> 0.010925926 | BP29: UR-0521P4 | BQ29: 45128.785 | BR29: 45128.793 | BS29: =BR29-BQ29 -> 0.0074652778 | BV29: UR-4487P1 | BW29: 45131.864 | BX29: 45131.872 | BY29: =BX29-BW29 -> 0.0079861111 | CA29: UR-4338-02P1 | CB29: 45132.737 | CC29: 45132.741 | CD29: =CC29-CB29 -> 0.0040393519 | CF29: URS-0483P4 | CG29: 45133.862 | CH29: 45133.873 | CI29: =CH29-CG29 -> 0.011006944 | CK29: URS-4045P6 | CL29: 45134.868 | CM29: 45134.869 | CN29: =CM29-CL29 -> 0.0015046296 | CP29: UR-0489P1 | CQ29: 45135.793 | CR29: 45135.799 | CS29: =CR29-CQ29 -> 0.0063078704 | CY29: =CX29-CW29 -> 0
A30: UR-43721P1 | B30: 45110.955 | C30: 45110.962 | D30: =C30-B30 -> 0.0074768518 | F30: J-UR-05581P1_20220228 | G30: 45111.847 | H30: 45111.854 | I30: =H30-G30 -> 0.0078125 | K30: URS-0437P1 | L30: 45113.782 | M30: 45113.792 | N30: =M30-L30 -> 0.010601852 | P30: URS-0437P1 | Q30: 45113.782 | R30: 45113.792 | S30: =R30-Q30 -> 0.010601852 | U30: UR-0509-01P1 | V30: 45114.8 | W30: 45114.823 | X30: =W30-V30 -> 0.023287037 | AA30: UR-0559-03P8 | AB30: 45117.852 | AC30: 45117.869 | AD30: =AC30-AB30 -> 0.017650463 | AF30: URS-4273P1 | AG30: 45118.767 | AH30: 45118.771 | AI30: =AH30-AG30 -> 0.0032291667 | AK30: UR-4341-02P1 | AL30: 45119.756 | AM30: 45119.759 | AN30: =AM30-AL30 -> 0.0020717593 | AP30: UR-43721P8 | AQ30: 45120.795 | AR30: 45120.803 | AS30: =AR30-AQ30 -> 0.0074537037 | AU30: URS-0542P1 | AV30: 45121.754 | AW30: 45121.757 | AX30: =AW30-AV30 -> 0.0028587963 | BA30: URS-0486P1 | BB30: 45125.792 | BC30: 45125.797 | BD30: =BC30-BB30 -> 0.005150463 | BF30: URS-42144-02P6_20230523 | BG30: 45126.78 | BH30: 45126.801 | BI30: =BH30-BG30 -> 0.021493056 | BK30: UR-0467P8 | BL30: 45127.753 | BM30: 45127.765 | BN30: =BM30-BL30 -> 0.011979167 | BP30: J-MVM-4289P2_20220406 | BQ30: 45128.801 | BR30: 45128.806 | BS30: =BR30-BQ30 -> 0.0049305556 | BV30: UR-06101P1 | BW30: 45131.876 | BX30: 45131.88 | BY30: =BX30-BW30 -> 0.0039236111 | CA30: UR-0509-01P4 | CB30: 45132.796 | CC30: 45132.828 | CD30: =CC30-CB30 -> 0.031793981 | CF30: UR-0483P1 | CG30: 45133.887 | CH30: 45133.897 | CI30: =CH30-CG30 -> 0.010081019 | CK30: URS-4342P4 | CL30: 45134.917 | CM30: 45134.918 | CN30: =CM30-CL30 -> 0.0014930556 | CP30: UR-4349-01P1 | CQ30: 45135.848 | CR30: 45135.85 | CS30: =CR30-CQ30 -> 0.002037037 | CY30: =CX30-CW30 -> 0
A31: J-MVM-4289P2_20220406 | B31: 45110.979 | C31: 45110.984 | D31: =C31-B31 -> 0.004837963 | F31: UT-0992-01P6_20220909 | G31: 45111.952 | H31: 45111.957 | I31: =H31-G31 -> 0.0053356482 | K31: URS-0437P2 | L31: 45113.794 | M31: 45113.807 | N31: =M31-L31 -> 0.012453704 | P31: URS-0437P2 | Q31: 45113.794 | R31: 45113.807 | S31: =R31-Q31 -> 0.012453704 | U31: UR-0488-01P4 | V31: 45114.85 | W31: 45114.859 | X31: =W31-V31 -> 0.0080902778 | AA31: UR-0559-01P1 | AB31: 45117.894 | AC31: 45117.911 | AD31: =AC31-AB31 -> 0.016782407 | AF31: UT-2508P6_20230620 | AG31: 45118.78 | AH31: 45118.784 | AI31: =AH31-AG31 -> 0.0041319444 | AK31: UTS-08031P6 | AL31: 45119.761 | AM31: 45119.765 | AN31: =AM31-AL31 -> 0.0036226852 | AP31: URS-42881P6 | AQ31: 45120.858 | AR31: 45120.866 | AS31: =AR31-AQ31 -> 0.0088194444 | AU31: UTS-0855P6 | AV31: 45121.923 | AW31: 45121.925 | AX31: =AW31-AV31 -> 0.001712963 | BA31: UR-0558-01P4 | BB31: 45125.804 | BC31: 45125.812 | BD31: =BC31-BB31 -> 0.007962963 | BF31: URS-42144-02P1_20230523 | BG31: 45126.855 | BH31: 45126.879 | BI31: =BH31-BG31 -> 0.023287037 | BK31: UR-06101P1 | BL31: 45127.767 | BM31: 45127.775 | BN31: =BM31-BL31 -> 0.0075 | BP31: J-MVM-4289P1_20220406 | BQ31: 45128.809 | BR31: 45128.814 | BS31: =BR31-BQ31 -> 0.0047685185 | BV31: URS-4215P4 | BW31: 45131.883 | BX31: 45131.891 | BY31: =BX31-BW31 -> 0.0077662037 | CA31: J-UR-05581P4_20220228 | CB31: 45132.847 | CC31: 45132.865 | CD31: =CC31-CB31 -> 0.017928241 | CF31: UR-0509-01P4 | CG31: 45133.911 | CH31: 45133.951 | CI31: =CH31-CG31 -> 0.039560185 | CK31: URS-4342P1 | CL31: 45134.92 | CM31: 45134.922 | CN31: =CM31-CL31 -> 0.0017824074 | CP31: UR-4489P1 | CQ31: 45135.878 | CR31: 45135.885 | CS31: =CR31-CQ31 -> 0.0061805556 | CY31: =CX31-CW31 -> 0
A32: J-MVM-4289P1_20220406 | B32: 45110.994 | C32: 45110.999 | D32: =C32-B32 -> 0.0049421296 | F32: URS-0539P4 | G32: 45111.974 | H32: 45111.982 | I32: =H32-G32 -> 0.0081018518 | K32: UR-4341-02P4 | L32: 45113.85 | M32: 45113.852 | N32: =M32-L32 -> 0.0021180556 | P32: UR-4341-02P4 | Q32: 45113.85 | R32: 45113.852 | S32: =R32-Q32 -> 0.0021180556 | U32: UTS-0816P4 | V32: 45114.869 | W32: 45114.878 | X32: =W32-V32 -> 0.0092013889 | AA32: J-UR-05581P4_20220228 | AB32: 45117.915 | AC32: 45117.938 | AD32: =AC32-AB32 -> 0.022627315 | AF32: URS-4343P4 | AG32: 45118.806 | AH32: 45118.808 | AI32: =AH32-AG32 -> 0.0014351852 | AK32: UTS-08031P1 | AL32: 45119.782 | AM32: 45119.785 | AN32: =AM32-AL32 -> 0.003125 | AP32: UR-43721P1 | AQ32: 45120.877 | AR32: 45120.886 | AS32: =AR32-AQ32 -> 0.0088541667 | AU32: UTS-0855P1 | AV32: 45121.954 | AW32: 45121.957 | AX32: =AW32-AV32 -> 0.0024652778 | BA32: UR-0558-01P1 | BB32: 45125.851 | BC32: 45125.859 | BD32: =BC32-BB32 -> 0.0078819444 | BF32: URS-4215P1 | BG32: 45126.889 | BH32: 45126.896 | BI32: =BH32-BG32 -> 0.0065972222 | BK32: UR-0467P1 | BL32: 45127.777 | BM32: 45127.791 | BN32: =BM32-BL32 -> 0.01369213 | BP32: UR-0521P1 | BQ32: 45128.849 | BR32: 45128.856 | BS32: =BR32-BQ32 -> 0.0067708333 | BV32: URS-0483P4 | BW32: 45131.926 | BX32: 45131.937 | BY32: =BX32-BW32 -> 0.010949074 | CD32: =CC32-CB32 -> 0 | CF32: UR-0559-03P8 | CG32: 45133.957 | CH32: 45133.971 | CI32: =CH32-CG32 -> 0.013333333 | CK32: URS-4045P1 | CL32: 45134.924 | CM32: 45134.926 | CN32: =CM32-CL32 -> 0.0014930556 | CP32: URS-42511P6 | CQ32: 45135.892 | CR32: 45135.894 | CS32: =CR32-CQ32 -> 0.0020486111 | CY32: =CX32-CW32 -> 0
A33: J-UT-1010P4_20220817 | B33: 45111.014 | C33: 45111.015 | D33: =C33-B33 -> 0.001400463 | I33: =H33-G33 -> 0 | K33: UR-4341-02P1 | L33: 45113.859 | M33: 45113.861 | N33: =M33-L33 -> 0.0021180556 | P33: UR-4341-02P1 | Q33: 45113.859 | R33: 45113.861 | S33: =R33-Q33 -> 0.0021180556 | U33: UTS-0816P1 | V33: 45114.882 | W33: 45114.888 | X33: =W33-V33 -> 0.0060300926 | AA33: UT-1006P8 | AB33: 45117.949 | AC33: 45117.952 | AD33: =AC33-AB33 -> 0.0024421296 | AF33: J-UR-05581P4_20220228 | AG33: 45118.856 | AH33: 45118.878 | AI33: =AH33-AG33 -> 0.022488426 | AK33: UR-4461P6 | AL33: 45119.791 | AM33: 45119.8 | AN33: =AM33-AL33 -> 0.0097337963 | AP33: URS-42881P1 | AQ33: 45120.902 | AR33: 45120.91 | AS33: =AR33-AQ33 -> 0.0079861111 | AU33: UTS-2471P2 | AV33: 45121.959 | AW33: 45121.96 | AX33: =AW33-AV33 -> 0.0011689815 | BA33: UR-0530-01P6_20220921 | BB33: 45125.862 | BC33: 45125.879 | BD33: =BC33-BB33 -> 0.016261574 | BF33: URS-4215P4 | BG33: 45126.904 | BH33: 45126.912 | BI33: =BH33-BG33 -> 0.0079282407 | BK33: UR-0523P2 | BL33: 45127.797 | BM33: 45127.805 | BN33: =BM33-BL33 -> 0.007974537 | BP33: URS-0437P1 | BQ33: 45128.867 | BR33: 45128.878 | BS33: =BR33-BQ33 -> 0.010648148 | BV33: UR-0483P1 | BW33: 45131.95 | BX33: 45131.96 | BY33: =BX33-BW33 -> 0.010243056 | CD33: =CC33-CB33 -> 0 | CI33: =CH33-CG33 -> 0 | CK33: UTS-0879P2 | CL33: 45134.928 | CM33: 45134.928 | CN33: =CM33-CL33 -> 0.00047453704 | CP33: URS-4003P4 | CQ33: 45135.911 | CR33: 45135.912 | CS33: =CR33-CQ33 -> 0.00028935185 | CY33: =CX33-CW33 -> 0
D34: =C34-B34 -> 0 | I34: =H34-G34 -> 0 | K34: UTS-0879P2 | L34: 45113.897 | M34: 45113.897 | N34: =M34-L34 -> 0.00047453704 | P34: UTS-0879P2 | Q34: 45113.897 | R34: 45113.897 | S34: =R34-Q34 -> 0.00047453704 | U34: UR-0488-01P1 | V34: 45114.891 | W34: 45114.897 | X34: =W34-V34 -> 0.0053703704 | AA34: UR-0520P4 | AB34: 45117.959 | AC34: 45117.978 | AD34: =AC34-AB34 -> 0.018969907 | AF34: J-UR-05581P1_20220228 | AG34: 45118.891 | AH34: 45118.91 | AI34: =AH34-AG34 -> 0.018587963 | AK34: UR-4461P1 | AL34: 45119.806 | AM34: 45119.813 | AN34: =AM34-AL34 -> 0.0070023148 | AP34: J-MVM-4289P2_20220406 | AQ34: 45120.922 | AR34: 45120.926 | AS34: =AR34-AQ34 -> 0.0048263889 | AU34: UTS-2471P1 | AV34: 45121.962 | AW34: 45121.963 | AX34: =AW34-AV34 -> 0.0013425926 | BA34: UR-0530-01P1_20220921 | BB34: 45125.882 | BC34: 45125.892 | BD34: =BC34-BB34 -> 0.010451389 | BF34: UR-0509-01P4 | BG34: 45126.958 | BH34: 45126.99 | BI34: =BH34-BG34 -> 0.031944444 | BK34: UR-0488-01P4 | BL34: 45127.847 | BM34: 45127.855 | BN34: =BM34-BL34 -> 0.0080439815 | BP34: URS-0437P2 | BQ34: 45128.881 | BR34: 45128.893 | BS34: =BR34-BQ34 -> 0.011990741 | BV34: UR-0509-01P4 | BW34: 45131.963 | BX34: 45131.995 | BY34: =BX34-BW34 -> 0.032037037 | CD34: =CC34-CB34 -> 0 | CI34: =CH34-CG34 -> 0 | CK34: UTS-0816P4 | CL34: 45134.932 | CM34: 45134.941 | CN34: =CM34-CL34 -> 0.0091666667 | CP34: URS-4003P1 | CQ34: 45135.913 | CR34: 45135.913 | CS34: =CR34-CQ34 -> 0.00025462963 | CY34: =CX34-CW34 -> 0
D35: =C35-B35 -> 0 | I35: =H35-G35 -> 0 | K35: UTS-0918P2 | L35: 45113.948 | M35: 45113.949 | N35: =M35-L35 -> 0.0010648148 | P35: UTS-0918P2 | Q35: 45113.948 | R35: 45113.949 | S35: =R35-Q35 -> 0.0010648148 | U35: UR-0538P6 | V35: 45114.906 | W35: 45114.921 | X35: =W35-V35 -> 0.014953704 | AD35: =AC35-AB35 -> 0 | AF35: UR-0509-01P4 | AG35: 45118.912 | AH35: 45118.944 | AI35: =AH35-AG35 -> 0.031967593 | AK35: URS-3977-01P2 | AL35: 45119.866 | AM35: 45119.868 | AN35: =AM35-AL35 -> 0.0013888889 | AP35: J-MVM-4289P1_20220406 | AQ35: 45120.93 | AR35: 45120.934 | AS35: =AR35-AQ35 -> 0.0047453704 | AU35: J-UR-05581P4_20220228 | AV35: 45121.966 | AW35: 45121.975 | AX35: =AW35-AV35 -> 0.0089814815 | BA35: URS-4272P6 | BB35: 45125.9 | BC35: 45125.903 | BD35: =BC35-BB35 -> 0.0035300926 | BF35: UR-0559-03P8 | BG35: 45126.996 | BH35: 45127.005 | BI35: =BH35-BG35 -> 0.0087847222 | BK35: UR-0488-01P1 | BL35: 45127.878 | BM35: 45127.883 | BN35: =BM35-BL35 -> 0.0053240741 | BP35: URS-0483P4 | BQ35: 45128.922 | BR35: 45128.933 | BS35: =BR35-BQ35 -> 0.010405093 | BV35: J-UR-05581P4_20220228 | BW35: 45132.002 | BX35: 45132.021 | BY35: =BX35-BW35 -> 0.018125 | CD35: =CC35-CB35 -> 0 | CI35: =CH35-CG35 -> 0 | CK35: UR-43351-01P6 | CL35: 45134.948 | CM35: 45134.952 | CN35: =CM35-CL35 -> 0.0041319444 | CP35: URS-42511P1 | CQ35: 45135.931 | CR35: 45135.933 | CS35: =CR35-CQ35 -> 0.0019444444 | CY35: =CX35-CW35 -> 0
D36: =C36-B36 -> 0 | I36: =H36-G36 -> 0 | K36: UR-4453P4 | L36: 45113.957 | M36: 45113.957 | N36: =M36-L36 -> 8.1018523e-05 | P36: UR-4453P4 | Q36: 45113.957 | R36: 45113.957 | S36: =R36-Q36 -> 8.1018523e-05 | U36: UR-0538P1 | V36: 45114.949 | W36: 45114.964 | X36: =W36-V36 -> 0.014386574 | AD36: =AC36-AB36 -> 0 | AF36: URS-0483P4 | AG36: 45118.972 | AH36: 45118.983 | AI36: =AH36-AG36 -> 0.010625 | AK36: URS-3977-01P1 | AL36: 45119.87 | AM36: 45119.871 | AN36: =AM36-AL36 -> 0.001724537 | AP36: URS-4215P1 | AQ36: 45120.947 | AR36: 45120.953 | AS36: =AR36-AQ36 -> 0.0063773148 | AU36: UR-0509-01P4 | AV36: 45121.977 | AW36: 45122.009 | AX36: =AW36-AV36 -> 0.031956019 | BA36: URS-4272P1 | BB36: 45125.924 | BC36: 45125.928 | BD36: =BC36-BB36 -> 0.0041087963 | BF36: J-UR-05581P4_20220228 | BG36: 45127.009 | BH36: 45127.018 | BI36: =BH36-BG36 -> 0.0090046296 | BK36: UR-0509-01P4 | BL36: 45127.892 | BM36: 45127.924 | BN36: =BM36-BL36 -> 0.031875 | BP36: UR-0483P1 | BQ36: 45128.946 | BR36: 45128.956 | BS36: =BR36-BQ36 -> 0.010046296 | BY36: =BX36-BW36 -> 0 | CD36: =CC36-CB36 -> 0 | CI36: =CH36-CG36 -> 0 | CK36: UR-0509-01P4 | CL36: 45134.955 | CM36: 45134.993 | CN36: =CM36-CL36 -> 0.037534722 | CP36: J-UR-05581P4_20220228 | CQ36: 45135.947 | CR36: 45135.965 | CS36: =CR36-CQ36 -> 0.017997685 | CY36: =CX36-CW36 -> 0
D37: =C37-B37 -> 0 | I37: =H37-G37 -> 0 | K37: URS-0483P4 | L37: 45113.96 | M37: 45113.972 | N37: =M37-L37 -> 0.011446759 | P37: URS-0483P4 | Q37: 45113.96 | R37: 45113.972 | S37: =R37-Q37 -> 0.011446759 | U37: J-UR-05581P4_20220228 | V37: 45114.967 | W37: 45114.99 | X37: =W37-V37 -> 0.022523148 | AD37: =AC37-AB37 -> 0 | AI37: =AH37-AG37 -> 0 | AK37: J-UR-05581P4_20220228 | AL37: 45119.946 | AM37: 45119.968 | AN37: =AM37-AL37 -> 0.022453704 | AP37: URS-4215P4 | AQ37: 45120.955 | AR37: 45120.963 | AS37: =AR37-AQ37 -> 0.0078009259 | AU37: UR-0559-03P8 | AV37: 45122.012 | AW37: 45122.025 | AX37: =AW37-AV37 -> 0.013229167 | BA37: UR-4515P4 | BB37: 45125.93 | BC37: 45125.934 | BD37: =BC37-BB37 -> 0.0041782407 | BI37: =BH37-BG37 -> 0 | BN37: =BM37-BL37 -> 0 | BP37: UR-0509-01P4 | BQ37: 45128.958 | BR37: 45128.99 | BS37: =BR37-BQ37 -> 0.031956019 | BY37: =BX37-BW37 -> 0 | CD37: =CC37-CB37 -> 0 | CI37: =CH37-CG37 -> 0 | CK37: J-UR-05581P4_20220228 | CL37: 45134.996 | CM37: 45135.014 | CN37: =CM37-CL37 -> 0.017974537 | CP37: UR-0559-03P8 | CQ37: 45135.968 | CR37: 45135.981 | CS37: =CR37-CQ37 -> 0.013263889 | CY37: =CX37-CW37 -> 0
D38: =C38-B38 -> 0 | I38: =H38-G38 -> 0 | K38: UR-4377P6 | L38: 45113.976 | M38: 45113.984 | N38: =M38-L38 -> 0.0071527778 | P38: UR-4377P6 | Q38: 45113.976 | R38: 45113.984 | S38: =R38-Q38 -> 0.0071527778 | U38: UR-0559-03P8 | V38: 45114.997 | W38: 45115.014 | X38: =W38-V38 -> 0.017708333 | AD38: =AC38-AB38 -> 0 | AI38: =AH38-AG38 -> 0 | AK38: UR-0559-03P8 | AL38: 45119.972 | AM38: 45119.986 | AN38: =AM38-AL38 -> 0.013298611 | AP38: UR-0509-01P4 | AQ38: 45120.968 | AR38: 45121 | AS38: =AR38-AQ38 -> 0.032037037 | AX38: =AW38-AV38 -> 0 | BA38: URS-0483P4 | BB38: 45125.948 | BC38: 45125.958 | BD38: =BC38-BB38 -> 0.010555556 | BI38: =BH38-BG38 -> 0 | BN38: =BM38-BL38 -> 0 | BP38: J-UR-05581P4_20220228 | BQ38: 45128.997 | BR38: 45129.015 | BS38: =BR38-BQ38 -> 0.018113426 | BY38: =BX38-BW38 -> 0 | CD38: =CC38-CB38 -> 0 | CI38: =CH38-CG38 -> 0 | CK38: UR-0559-03P8 | CL38: 45135.016 | CM38: 45135.029 | CN38: =CM38-CL38 -> 0.013206019 | CP38: UR-0509-01P4 | CQ38: 45135.984 | CR38: 45136.022 | CS38: =CR38-CQ38 -> 0.037372685 | CY38: =CX38-CW38 -> 0
D39: =C39-B39 -> 0 | I39: =H39-G39 -> 0 | N39: =M39-L39 -> 0 | S39: =R39-Q39 -> 0 | X39: =W39-V39 -> 0 | AD39: =AC39-AB39 -> 0 | AI39: =AH39-AG39 -> 0 | AN39: =AM39-AL39 -> 0 | AP39: UR-0559-03P8 | AQ39: 45121.004 | AR39: 45121.017 | AS39: =AR39-AQ39 -> 0.013287037 | AX39: =AW39-AV39 -> 0 | BA39: UR-0483P1 | BB39: 45125.963 | BC39: 45125.973 | BD39: =BC39-BB39 -> 0.01005787 | BI39: =BH39-BG39 -> 0 | BN39: =BM39-BL39 -> 0 | BS39: =BR39-BQ39 -> 0 | BY39: =BX39-BW39 -> 0 | CD39: =CC39-CB39 -> 0 | CI39: =CH39-CG39 -> 0 | CN39: =CM39-CL39 -> 0 | CS39: =CR39-CQ39 -> 0 | CY39: =CX39-CW39 -> 0
D40: =C40-B40 -> 0 | I40: =H40-G40 -> 0 | N40: =M40-L40 -> 0 | S40: =R40-Q40 -> 0 | X40: =W40-V40 -> 0 | AD40: =AC40-AB40 -> 0 | AI40: =AH40-AG40 -> 0 | AN40: =AM40-AL40 -> 0 | AS40: =AR40-AQ40 -> 0 | AX40: =AW40-AV40 -> 0 | BA40: UR-0509-01P4 | BB40: 45125.976 | BC40: 45126.008 | BD40: =BC40-BB40 -> 0.031886574 | BI40: =BH40-BG40 -> 0 | BN40: =BM40-BL40 -> 0 | BS40: =BR40-BQ40 -> 0 | BY40: =BX40-BW40 -> 0 | CD40: =CC40-CB40 -> 0 | CI40: =CH40-CG40 -> 0 | CN40: =CM40-CL40 -> 0 | CS40: =CR40-CQ40 -> 0 | CY40: =CX40-CW40 -> 0
D41: =C41-B41 -> 0 | I41: =H41-G41 -> 0 | N41: =M41-L41 -> 0 | S41: =R41-Q41 -> 0 | X41: =W41-V41 -> 0 | AD41: =AC41-AB41 -> 0 | AI41: =AH41-AG41 -> 0 | AN41: =AM41-AL41 -> 0 | AS41: =AR41-AQ41 -> 0 | AX41: =AW41-AV41 -> 0 | BA41: UR-0559-03P8 | BB41: 45126.012 | BC41: 45126.021 | BD41: =BC41-BB41 -> 0.0088310185 | BI41: =BH41-BG41 -> 0 | BN41: =BM41-BL41 -> 0 | BS41: =BR41-BQ41 -> 0 | BY41: =BX41-BW41 -> 0 | CD41: =CC41-CB41 -> 0 | CI41: =CH41-CG41 -> 0 | CN41: =CM41-CL41 -> 0 | CS41: =CR41-CQ41 -> 0 | CY41: =CX41-CW41 -> 0
D42: =C42-B42 -> 0 | I42: =H42-G42 -> 0 | N42: =M42-L42 -> 0 | S42: =R42-Q42 -> 0 | X42: =W42-V42 -> 0 | AD42: =AC42-AB42 -> 0 | AI42: =AH42-AG42 -> 0 | AN42: =AM42-AL42 -> 0 | AS42: =AR42-AQ42 -> 0 | AX42: =AW42-AV42 -> 0 | BD42: =BC42-BB42 -> 0 | BI42: =BH42-BG42 -> 0 | BN42: =BM42-BL42 -> 0 | BS42: =BR42-BQ42 -> 0 | BY42: =BX42-BW42 -> 0 | CD42: =CC42-CB42 -> 0 | CI42: =CH42-CG42 -> 0 | CN42: =CM42-CL42 -> 0 | CS42: =CR42-CQ42 -> 0 | CY42: =CX42-CW42 -> 0
D43: =C43-B43 -> 0 | I43: =H43-G43 -> 0 | N43: =M43-L43 -> 0 | S43: =R43-Q43 -> 0 | X43: =W43-V43 -> 0 | AD43: =AC43-AB43 -> 0 | AI43: =AH43-AG43 -> 0 | AN43: =AM43-AL43 -> 0 | AS43: =AR43-AQ43 -> 0 | AX43: =AW43-AV43 -> 0 | BD43: =BC43-BB43 -> 0 | BI43: =BH43-BG43 -> 0 | BN43: =BM43-BL43 -> 0 | BS43: =BR43-BQ43 -> 0 | BY43: =BX43-BW43 -> 0 | CD43: =CC43-CB43 -> 0 | CI43: =CH43-CG43 -> 0 | CN43: =CM43-CL43 -> 0 | CS43: =CR43-CQ43 -> 0 | CY43: =CX43-CW43 -> 0
BK1046: URS-0483P4 | BL1046: 45111.42 | BM1046: 45111.42 | CA1046: UR-43721P1 | CB1046: 45111.42 | CC1046: 45111.42
BK1047: URS-0483P4 | BL1047: 45111.42 | BM1047: 45111.42 | CA1047: UR-43721P1 | CB1047: 45111.42 | CC1047: 45111.42
BK1048: URS-0483P4 | BL1048: 45111.42 | BM1048: 45111.42 | CA1048: UR-43721P1 | CB1048: 45111.42 | CC1048: 45111.42
A1049: URS-42144-02P1_20230523 | B1049: 45110.409 | C1049: 45110.409 | U1049: UR-0580P6_20230628 | V1049: 45111.42 | W1049: 45111.42 | BF1049: URS-0437P1 | BG1049: 45111.42 | BH1049: 45111.42 | BK1049: URS-0483P4 | BL1049: 45111.42 | BM1049: 45111.42 | CA1049: UR-43721P1 | CB1049: 45111.42 | CC1049: 45111.42 | CF1049: UR-0559-03P8 | CG1049: 45111.42 | CH1049: 45111.42
A1050: URS-42144-02P1_20230523 | B1050: 45110.409 | C1050: 45110.409 | F1050: URS-0437P2 | G1050: 45111.42 | H1050: 45111.42 | U1050: UR-0580P6_20230628 | V1050: 45111.42 | W1050: 45111.42 | BF1050: URS-0437P1 | BG1050: 45111.42 | BH1050: 45111.42 | BK1050: URS-0483P4 | BL1050: 45111.42 | BM1050: 45111.42 | CA1050: UR-43721P1 | CB1050: 45111.42 | CC1050: 45111.42 | CF1050: UR-0559-03P8 | CG1050: 45111.42 | CH1050: 45111.42
A1051: URS-42144-02P1_20230523 | B1051: 45110.409 | C1051: 45110.409 | F1051: URS-0437P2 | G1051: 45111.42 | H1051: 45111.42 | K1051: URS-0437P1 | L1051: 45111.42 | M1051: 45111.42 | U1051: UR-0580P6_20230628 | V1051: 45111.42 | W1051: 45111.42 | BF1051: URS-0437P1 | BG1051: 45111.42 | BH1051: 45111.42 | BK1051: URS-0483P4 | BL1051: 45111.42 | BM1051: 45111.42 | CA1051: UR-43721P1 | CB1051: 45111.42 | CC1051: 45111.42 | CF1051: UR-0559-03P8 | CG1051: 45111.42 | CH1051: 45111.42
A1052: URS-42144-02P1_20230523 | B1052: 45110.408 | C1052: 45110.408 | F1052: URS-0437P2 | G1052: 45111.42 | H1052: 45111.42 | K1052: URS-0437P1 | L1052: 45111.42 | M1052: 45111.42 | P1052: UR-4435P6 | Q1052: 45111.42 | R1052: 45111.42 | U1052: UR-0580P6_20230628 | V1052: 45111.42 | W1052: 45111.42 | BF1052: URS-0437P1 | BG1052: 45111.42 | BH1052: 45111.42 | BK1052: URS-0483P4 | BL1052: 45111.419 | BM1052: 45111.419 | CA1052: UR-43721P1 | CB1052: 45111.419 | CC1052: 45111.419 | CF1052: UR-0559-03P8 | CG1052: 45111.42 | CH1052: 45111.42
A1053: URS-42144-02P1_20230523 | B1053: 45110.408 | C1053: 45110.408 | F1053: URS-0437P2 | G1053: 45111.42 | H1053: 45111.42 | K1053: URS-0437P1 | L1053: 45111.42 | M1053: 45111.42 | P1053: UR-4435P6 | Q1053: 45111.42 | R1053: 45111.42 | U1053: UR-0580P6_20230628 | V1053: 45111.42 | W1053: 45111.42 | AA1053: UR-0520P4 | AB1053: 45111.42 | AC1053: 45111.42 | BF1053: URS-0437P1 | BG1053: 45111.42 | BH1053: 45111.42 | BK1053: URS-0543P1 | BL1053: 45111.419 | BM1053: 45111.419 | CA1053: UR-43721P1 | CB1053: 45111.419 | CC1053: 45111.419 | CF1053: UR-0559-03P8 | CG1053: 45111.42 | CH1053: 45111.42
A1054: URS-42144-02P1_20230523 | B1054: 45110.408 | C1054: 45110.408 | F1054: URS-0437P2 | G1054: 45111.42 | H1054: 45111.42 | K1054: URS-0437P1 | L1054: 45111.42 | M1054: 45111.42 | P1054: UR-4435P6 | Q1054: 45111.42 | R1054: 45111.42 | U1054: UR-0580P6_20230628 | V1054: 45111.42 | W1054: 45111.42 | AA1054: UR-0520P4 | AB1054: 45111.42 | AC1054: 45111.42 | AP1054: URS-42144-02P6_20230523 | AQ1054: 45111.42 | AR1054: 45111.42 | BA1054: UR-06101P1 | BB1054: 45111.42 | BC1054: 45111.42 | BF1054: URS-0437P1 | BG1054: 45111.42 | BH1054: 45111.42 | BK1054: URS-0543P1 | BL1054: 45111.419 | BM1054: 45111.419 | CA1054: UR-43721P1 | CB1054: 45111.419 | CC1054: 45111.419 | CF1054: UR-0559-03P8 | CG1054: 45111.42 | CH1054: 45111.42 | CP1054: UR-0489P4 | CQ1054: 45111.42 | CR1054: 45111.42
A1055: URS-42144-02P1_20230523 | B1055: 45110.408 | C1055: 45110.408 | F1055: URS-0437P2 | G1055: 45111.42 | H1055: 45111.42 | K1055: URS-0437P1 | L1055: 45111.42 | M1055: 45111.42 | P1055: UR-4435P6 | Q1055: 45111.42 | R1055: 45111.42 | U1055: UR-0580P6_20230628 | V1055: 45111.419 | W1055: 45111.419 | AA1055: UR-0520P4 | AB1055: 45111.42 | AC1055: 45111.42 | AF1055: URS-0483P4 | AG1055: 45111.42 | AH1055: 45111.42 | AK1055: URS-0483P4 | AL1055: 45111.42 | AM1055: 45111.42 | AP1055: URS-42144-02P6_20230523 | AQ1055: 45111.42 | AR1055: 45111.42 | BA1055: UR-06101P1 | BB1055: 45111.42 | BC1055: 45111.42 | BF1055: URS-0437P1 | BG1055: 45111.419 | BH1055: 45111.419 | BK1055: URS-0543P1 | BL1055: 45111.419 | BM1055: 45111.419 | BV1055: UR-4487P8 | BW1055: 45111.42 | BX1055: 45111.42 | CA1055: UR-43721P1 | CB1055: 45111.419 | CC1055: 45111.419 | CF1055: UR-0559-03P8 | CG1055: 45111.419 | CH1055: 45111.419 | CP1055: UR-0489P4 | CQ1055: 45111.42 | CR1055: 45111.42
A1056: URS-42881P1 | B1056: 45110.46 | C1056: 45110.461 | F1056: URS-0437P2 | G1056: 45111.419 | H1056: 45111.419 | K1056: URS-0437P1 | L1056: 45111.42 | M1056: 45111.42 | P1056: UR-4435P6 | Q1056: 45111.42 | R1056: 45111.42 | U1056: UR-0580P6_20230628 | V1056: 45111.419 | W1056: 45111.419 | AA1056: UR-0520P4 | AB1056: 45111.42 | AC1056: 45111.42 | AF1056: URS-0483P4 | AG1056: 45111.42 | AH1056: 45111.42 | AK1056: URS-0483P4 | AL1056: 45111.42 | AM1056: 45111.42 | AP1056: URS-42144-02P6_20230523 | AQ1056: 45111.42 | AR1056: 45111.42 | AU1056: URS-0540P4 | AV1056: 45111.42 | AW1056: 45111.42 | BA1056: UR-06101P1 | BB1056: 45111.42 | BC1056: 45111.42 | BF1056: URS-0437P1 | BG1056: 45111.419 | BH1056: 45111.419 | BK1056: URS-0543P1 | BL1056: 45111.419 | BM1056: 45111.419 | BV1056: UR-4487P8 | BW1056: 45111.42 | BX1056: 45111.42 | CA1056: UR-43721P1 | CB1056: 45111.419 | CC1056: 45111.419 | CF1056: UR-0559-03P8 | CG1056: 45111.419 | CH1056: 45111.419 | CK1056: URS-0505P2 | CL1056: 45111.42 | CM1056: 45111.42 | CP1056: UR-0489P4 | CQ1056: 45111.42 | CR1056: 45111.42 | CW1056: 45111.42 | CX1056: 45111.42
A1057: URS-42881P1 | B1057: 45110.46 | C1057: 45110.46 | F1057: URS-0437P2 | G1057: 45111.419 | H1057: 45111.419 | K1057: URS-0437P1 | L1057: 45111.419 | M1057: 45111.419 | P1057: UR-4435P6 | Q1057: 45111.42 | R1057: 45111.42 | U1057: UR-0580P6_20230628 | V1057: 45111.419 | W1057: 45111.419 | AA1057: UR-0520P4 | AB1057: 45111.42 | AC1057: 45111.42 | AF1057: URS-0483P4 | AG1057: 45111.42 | AH1057: 45111.42 | AK1057: URS-0483P4 | AL1057: 45111.42 | AM1057: 45111.42 | AP1057: URS-42144-02P6_20230523 | AQ1057: 45111.42 | AR1057: 45111.42 | AU1057: URS-0540P4 | AV1057: 45111.42 | AW1057: 45111.42 | BA1057: UR-06101P1 | BB1057: 45111.42 | BC1057: 45111.42 | BF1057: URS-0437P1 | BG1057: 45111.419 | BH1057: 45111.419 | BK1057: URS-0543P1 | BL1057: 45111.605 | BM1057: 45111.605 | BV1057: UR-4487P8 | BW1057: 45111.42 | BX1057: 45111.42 | CA1057: UR-43721P1 | CB1057: 45111.605 | CC1057: 45111.605 | CF1057: UR-0559-03P8 | CG1057: 45111.419 | CH1057: 45111.419 | CK1057: URS-0505P2 | CL1057: 45111.42 | CM1057: 45111.42 | CP1057: UR-0489P4 | CQ1057: 45111.42 | CR1057: 45111.42 | CW1057: 45111.42 | CX1057: 45111.42
A1058: URS-42881P1 | B1058: 45110.459 | C1058: 45110.459 | F1058: URS-0437P2 | G1058: 45111.419 | H1058: 45111.419 | K1058: URS-0437P1 | L1058: 45111.419 | M1058: 45111.419 | P1058: UR-4435P6 | Q1058: 45111.419 | R1058: 45111.419 | U1058: UR-0595P1_20230628 | V1058: 45111.419 | W1058: 45111.419 | AA1058: UR-0520P4 | AB1058: 45111.42 | AC1058: 45111.42 | AF1058: URS-0483P4 | AG1058: 45111.42 | AH1058: 45111.42 | AK1058: URS-0483P4 | AL1058: 45111.42 | AM1058: 45111.42 | AP1058: URS-42144-02P6_20230523 | AQ1058: 45111.42 | AR1058: 45111.42 | AU1058: URS-0540P4 | AV1058: 45111.42 | AW1058: 45111.42 | BA1058: UR-06101P1 | BB1058: 45111.42 | BC1058: 45111.42 | BF1058: URS-0437P1 | BG1058: 45111.419 | BH1058: 45111.419 | BK1058: URS-0543P1 | BL1058: 45111.604 | BM1058: 45111.604 | BP1058: UR-0521P4 | BQ1058: 45111.42 | BR1058: 45111.42 | BV1058: UR-4487P8 | BW1058: 45111.42 | BX1058: 45111.42 | CA1058: UR-43721P1 | CB1058: 45111.604 | CC1058: 45111.604 | CF1058: UR-0559-03P8 | CG1058: 45111.419 | CH1058: 45111.419 | CK1058: URS-0505P2 | CL1058: 45111.42 | CM1058: 45111.42 | CP1058: UR-0489P4 | CQ1058: 45111.42 | CR1058: 45111.42 | CW1058: 45111.42 | CX1058: 45111.42
A1059: URS-42881P1 | B1059: 45110.459 | C1059: 45110.459 | F1059: URS-0437P2 | G1059: 45111.419 | H1059: 45111.419 | K1059: URS-0437P1 | L1059: 45111.419 | M1059: 45111.419 | P1059: UR-4435P6 | Q1059: 45111.419 | R1059: 45111.419 | U1059: UR-0595P1_20230628 | V1059: 45111.419 | W1059: 45111.419 | AA1059: UR-0520P4 | AB1059: 45111.419 | AC1059: 45111.419 | AF1059: URS-0483P4 | AG1059: 45111.42 | AH1059: 45111.42 | AK1059: URS-0483P4 | AL1059: 45111.42 | AM1059: 45111.42 | AP1059: URS-42144-02P6_20230523 | AQ1059: 45111.42 | AR1059: 45111.42 | AU1059: URS-0540P4 | AV1059: 45111.42 | AW1059: 45111.42 | BA1059: UR-06101P1 | BB1059: 45111.42 | BC1059: 45111.42 | BF1059: URS-0437P1 | BG1059: 45111.419 | BH1059: 45111.419 | BK1059: URS-0543P1 | BL1059: 45111.604 | BM1059: 45111.604 | BP1059: UR-0521P4 | BQ1059: 45111.42 | BR1059: 45111.42 | BV1059: UR-4487P8 | BW1059: 45111.42 | BX1059: 45111.42 | CA1059: UR-43721P1 | CB1059: 45111.604 | CC1059: 45111.604 | CF1059: URS-0437P1 | CG1059: 45111.419 | CH1059: 45111.419 | CK1059: URS-0505P2 | CL1059: 45111.42 | CM1059: 45111.42 | CP1059: UR-0489P4 | CQ1059: 45111.42 | CR1059: 45111.42 | CW1059: 45111.42 | CX1059: 45111.42
A1060: URS-42881P1 | B1060: 45110.458 | C1060: 45110.458 | F1060: URS-0437P2 | G1060: 45111.419 | H1060: 45111.419 | K1060: URS-0437P1 | L1060: 45111.419 | M1060: 45111.419 | P1060: UR-4435P6 | Q1060: 45111.419 | R1060: 45111.419 | U1060: UR-0595P1_20230628 | V1060: 45111.605 | W1060: 45111.605 | AA1060: UR-0520P4 | AB1060: 45111.419 | AC1060: 45111.419 | AF1060: URS-0483P4 | AG1060: 45111.42 | AH1060: 45111.42 | AK1060: URS-0483P4 | AL1060: 45111.42 | AM1060: 45111.42 | AP1060: URS-42144-02P6_20230523 | AQ1060: 45111.419 | AR1060: 45111.419 | AU1060: URS-0540P4 | AV1060: 45111.42 | AW1060: 45111.42 | BA1060: UR-06101P1 | BB1060: 45111.419 | BC1060: 45111.419 | BF1060: URS-0437P1 | BG1060: 45111.605 | BH1060: 45111.605 | BK1060: URS-0543P1 | BL1060: 45111.604 | BM1060: 45111.604 | BP1060: UR-0521P4 | BQ1060: 45111.42 | BR1060: 45111.42 | BV1060: UR-4487P8 | BW1060: 45111.42 | BX1060: 45111.42 | CA1060: UR-43721P1 | CB1060: 45111.604 | CC1060: 45111.604 | CF1060: URS-0437P1 | CG1060: 45111.605 | CH1060: 45111.605 | CK1060: URS-0505P2 | CL1060: 45111.42 | CM1060: 45111.42 | CP1060: UR-0489P4 | CQ1060: 45111.419 | CR1060: 45111.419 | CW1060: 45111.42 | CX1060: 45111.42
A1061: URS-42881P1 | B1061: 45110.458 | C1061: 45110.458 | F1061: URS-0475P1 | G1061: 45111.605 | H1061: 45111.605 | K1061: URS-0437P2 | L1061: 45111.419 | M1061: 45111.419 | P1061: UR-4435P6 | Q1061: 45111.419 | R1061: 45111.419 | U1061: UR-0595P1_20230628 | V1061: 45111.604 | W1061: 45111.604 | AA1061: UR-0520P4 | AB1061: 45111.419 | AC1061: 45111.419 | AF1061: URS-0483P4 | AG1061: 45111.419 | AH1061: 45111.419 | AK1061: URS-0483P4 | AL1061: 45111.419 | AM1061: 45111.419 | AP1061: URS-42144-02P6_20230523 | AQ1061: 45111.419 | AR1061: 45111.419 | AU1061: URS-0540P4 | AV1061: 45111.42 | AW1061: 45111.42 | BA1061: UR-06101P1 | BB1061: 45111.419 | BC1061: 45111.419 | BF1061: URS-0437P1 | BG1061: 45111.604 | BH1061: 45111.604 | BK1061: URS-0543P1 | BL1061: 45111.604 | BM1061: 45111.604 | BP1061: UR-0521P4 | BQ1061: 45111.42 | BR1061: 45111.42 | BV1061: UR-4487P8 | BW1061: 45111.419 | BX1061: 45111.419 | CA1061: UR-43721P1 | CB1061: 45111.604 | CC1061: 45111.604 | CF1061: URS-0437P1 | CG1061: 45111.604 | CH1061: 45111.604 | CK1061: URS-4045P1 | CL1061: 45111.42 | CM1061: 45111.42 | CP1061: UR-0489P4 | CQ1061: 45111.419 | CR1061: 45111.419 | CW1061: 45111.42 | CX1061: 45111.42
A1062: URS-42881P1 | B1062: 45110.458 | C1062: 45110.458 | F1062: URS-0475P1 | G1062: 45111.604 | H1062: 45111.604 | K1062: URS-0437P2 | L1062: 45111.605 | M1062: 45111.605 | P1062: UR-4435P6 | Q1062: 45111.419 | R1062: 45111.419 | U1062: UR-0595P1_20230628 | V1062: 45111.604 | W1062: 45111.604 | AA1062: UR-0520P4 | AB1062: 45111.419 | AC1062: 45111.419 | AF1062: URS-0483P4 | AG1062: 45111.419 | AH1062: 45111.419 | AK1062: URS-0483P4 | AL1062: 45111.419 | AM1062: 45111.419 | AP1062: URS-42144-02P6_20230523 | AQ1062: 45111.419 | AR1062: 45111.419 | AU1062: URS-0540P4 | AV1062: 45111.419 | AW1062: 45111.419 | BA1062: UR-06101P1 | BB1062: 45111.419 | BC1062: 45111.419 | BF1062: URS-0437P1 | BG1062: 45111.604 | BH1062: 45111.604 | BK1062: URS-0543P1 | BL1062: 45111.604 | BM1062: 45111.604 | BP1062: UR-0521P4 | BQ1062: 45111.42 | BR1062: 45111.42 | BV1062: UR-4487P8 | BW1062: 45111.419 | BX1062: 45111.419 | CA1062: UR-43721P1 | CB1062: 45111.604 | CC1062: 45111.604 | CF1062: URS-0437P1 | CG1062: 45111.604 | CH1062: 45111.604 | CK1062: URS-4045P1 | CL1062: 45111.419 | CM1062: 45111.419 | CP1062: UR-0489P4 | CQ1062: 45111.419 | CR1062: 45111.419 | CW1062: 45111.419 | CX1062: 45111.419
A1063: URS-42881P1 | B1063: 45110.458 | C1063: 45110.458 | F1063: URS-0475P1 | G1063: 45111.604 | H1063: 45111.604 | K1063: URS-0437P2 | L1063: 45111.604 | M1063: 45111.604 | P1063: UR-4435P6 | Q1063: 45111.605 | R1063: 45111.605 | U1063: UR-0595P1_20230628 | V1063: 45111.604 | W1063: 45111.604 | AA1063: UR-0520P4 | AB1063: 45111.419 | AC1063: 45111.419 | AF1063: URS-0483P4 | AG1063: 45111.419 | AH1063: 45111.419 | AK1063: URS-0483P4 | AL1063: 45111.419 | AM1063: 45111.419 | AP1063: URS-42144-02P6_20230523 | AQ1063: 45111.419 | AR1063: 45111.419 | AU1063: URS-0540P4 | AV1063: 45111.419 | AW1063: 45111.419 | BA1063: UR-06101P1 | BB1063: 45111.419 | BC1063: 45111.419 | BF1063: URS-0437P1 | BG1063: 45111.604 | BH1063: 45111.604 | BK1063: URS-0543P1 | BL1063: 45111.604 | BM1063: 45111.604 | BP1063: UR-0521P4 | BQ1063: 45111.42 | BR1063: 45111.42 | BV1063: UR-4487P8 | BW1063: 45111.419 | BX1063: 45111.419 | CA1063: UR-43721P1 | CB1063: 45111.604 | CC1063: 45111.604 | CF1063: URS-0437P1 | CG1063: 45111.604 | CH1063: 45111.604 | CK1063: URS-4045P1 | CL1063: 45111.419 | CM1063: 45111.419 | CP1063: UR-0489P4 | CQ1063: 45111.419 | CR1063: 45111.419 | CW1063: 45111.419 | CX1063: 45111.419
A1064: URS-42881P1 | B1064: 45110.458 | C1064: 45110.458 | F1064: URS-0475P1 | G1064: 45111.604 | H1064: 45111.604 | K1064: URS-0437P2 | L1064: 45111.604 | M1064: 45111.604 | P1064: UR-4435P6 | Q1064: 45111.604 | R1064: 45111.604 | U1064: UR-0595P1_20230628 | V1064: 45111.604 | W1064: 45111.604 | AA1064: UR-0520P4 | AB1064: 45111.605 | AC1064: 45111.605 | AF1064: URS-0483P4 | AG1064: 45111.419 | AH1064: 45111.419 | AK1064: URS-0483P4 | AL1064: 45111.419 | AM1064: 45111.419 | AP1064: URS-42144-02P6_20230523 | AQ1064: 45111.419 | AR1064: 45111.419 | AU1064: URS-0542P1 | AV1064: 45111.419 | AW1064: 45111.419 | BA1064: UR-06101P1 | BB1064: 45111.419 | BC1064: 45111.419 | BF1064: URS-0437P1 | BG1064: 45111.604 | BH1064: 45111.604 | BK1064: URS-0543P1 | BL1064: 45111.604 | BM1064: 45111.604 | BP1064: UR-0521P4 | BQ1064: 45111.419 | BR1064: 45111.419 | BV1064: UR-4487P8 | BW1064: 45111.419 | BX1064: 45111.419 | CA1064: UR-43721P1 | CB1064: 45111.604 | CC1064: 45111.604 | CF1064: URS-0437P1 | CG1064: 45111.604 | CH1064: 45111.604 | CK1064: URS-4045P1 | CL1064: 45111.419 | CM1064: 45111.419 | CP1064: UR-0489P4 | CQ1064: 45111.419 | CR1064: 45111.419 | CW1064: 45111.419 | CX1064: 45111.419
A1065: URS-42881P1 | B1065: 45110.457 | C1065: 45110.458 | F1065: URS-0475P1 | G1065: 45111.604 | H1065: 45111.604 | K1065: URS-0437P2 | L1065: 45111.604 | M1065: 45111.604 | P1065: UR-4435P6 | Q1065: 45111.604 | R1065: 45111.604 | U1065: UR-0595P1_20230628 | V1065: 45111.604 | W1065: 45111.604 | AA1065: UR-0520P4 | AB1065: 45111.604 | AC1065: 45111.604 | AF1065: URS-0483P4 | AG1065: 45111.419 | AH1065: 45111.419 | AK1065: URS-0483P4 | AL1065: 45111.419 | AM1065: 45111.419 | AP1065: URS-42144-02P6_20230523 | AQ1065: 45111.605 | AR1065: 45111.605 | AU1065: URS-0542P1 | AV1065: 45111.419 | AW1065: 45111.419 | BA1065: UR-06101P1 | BB1065: 45111.605 | BC1065: 45111.605 | BF1065: URS-0437P1 | BG1065: 45111.604 | BH1065: 45111.604 | BK1065: URS-0543P1 | BL1065: 45111.603 | BM1065: 45111.603 | BP1065: UR-0521P4 | BQ1065: 45111.419 | BR1065: 45111.419 | BV1065: UR-4487P8 | BW1065: 45111.419 | BX1065: 45111.419 | CA1065: UR-43721P1 | CB1065: 45111.603 | CC1065: 45111.603 | CF1065: URS-0437P1 | CG1065: 45111.604 | CH1065: 45111.604 | CK1065: URS-4045P1 | CL1065: 45111.419 | CM1065: 45111.419 | CP1065: UR-0489P4 | CQ1065: 45111.605 | CR1065: 45111.605 | CW1065: 45111.419 | CX1065: 45111.419
A1066: URS-42881P1 | B1066: 45110.457 | C1066: 45110.457 | F1066: URS-0475P1 | G1066: 45111.604 | H1066: 45111.604 | K1066: URS-0437P2 | L1066: 45111.604 | M1066: 45111.604 | P1066: UR-4435P6 | Q1066: 45111.604 | R1066: 45111.604 | U1066: UR-0595P1_20230628 | V1066: 45111.604 | W1066: 45111.604 | AA1066: UR-0520P4 | AB1066: 45111.604 | AC1066: 45111.604 | AF1066: URS-0483P4 | AG1066: 45111.605 | AH1066: 45111.605 | AK1066: URS-0483P4 | AL1066: 45111.605 | AM1066: 45111.605 | AP1066: URS-42144-02P6_20230523 | AQ1066: 45111.604 | AR1066: 45111.604 | AU1066: URS-0542P1 | AV1066: 45111.419 | AW1066: 45111.419 | BA1066: UR-06101P1 | BB1066: 45111.604 | BC1066: 45111.604 | BF1066: URS-0437P1 | BG1066: 45111.604 | BH1066: 45111.604 | BK1066: URS-0543P1 | BL1066: 45111.603 | BM1066: 45111.603 | BP1066: UR-0521P4 | BQ1066: 45111.419 | BR1066: 45111.419 | BV1066: UR-4487P8 | BW1066: 45111.605 | BX1066: 45111.605 | CA1066: UR-43721P1 | CB1066: 45111.603 | CC1066: 45111.603 | CF1066: URS-0437P1 | CG1066: 45111.604 | CH1066: 45111.604 | CK1066: URS-4045P1 | CL1066: 45111.419 | CM1066: 45111.419 | CP1066: UR-0489P4 | CQ1066: 45111.604 | CR1066: 45111.604 | CW1066: 45111.419 | CX1066: 45111.419
A1067: URS-42881P1 | B1067: 45110.457 | C1067: 45110.457 | F1067: URS-0475P1 | G1067: 45111.604 | H1067: 45111.604 | K1067: URS-0437P2 | L1067: 45111.604 | M1067: 45111.604 | P1067: UR-4453P4 | Q1067: 45111.604 | R1067: 45111.604 | U1067: UR-0595P1_20230628 | V1067: 45111.604 | W1067: 45111.604 | AA1067: UR-0520P4 | AB1067: 45111.604 | AC1067: 45111.604 | AF1067: URS-0483P4 | AG1067: 45111.604 | AH1067: 45111.604 | AK1067: URS-0483P4 | AL1067: 45111.604 | AM1067: 45111.604 | AP1067: URS-42144-02P6_20230523 | AQ1067: 45111.604 | AR1067: 45111.604 | AU1067: URS-0542P1 | AV1067: 45111.605 | AW1067: 45111.605 | BA1067: UR-06101P1 | BB1067: 45111.604 | BC1067: 45111.604 | BF1067: URS-0437P1 | BG1067: 45111.604 | BH1067: 45111.604 | BK1067: URS-0543P1 | BL1067: 45111.603 | BM1067: 45111.603 | BP1067: UR-0521P4 | BQ1067: 45111.419 | BR1067: 45111.419 | BV1067: UR-4487P8 | BW1067: 45111.604 | BX1067: 45111.604 | CA1067: UR-43721P1 | CB1067: 45111.603 | CC1067: 45111.603 | CF1067: URS-0437P1 | CG1067: 45111.604 | CH1067: 45111.604 | CK1067: URS-4045P1 | CL1067: 45111.605 | CM1067: 45111.605 | CP1067: UR-0489P4 | CQ1067: 45111.604 | CR1067: 45111.604 | CW1067: 45111.605 | CX1067: 45111.605
A1068: URS-42881P1 | B1068: 45110.457 | C1068: 45110.457 | F1068: URS-0475P1 | G1068: 45111.604 | H1068: 45111.604 | K1068: URS-0437P2 | L1068: 45111.604 | M1068: 45111.604 | P1068: URS-0437P1 | Q1068: 45111.604 | R1068: 45111.604 | U1068: UR-0595P1_20230628 | V1068: 45111.603 | W1068: 45111.603 | AA1068: UR-0520P4 | AB1068: 45111.604 | AC1068: 45111.604 | AF1068: URS-0483P4 | AG1068: 45111.604 | AH1068: 45111.604 | AK1068: URS-0483P4 | AL1068: 45111.604 | AM1068: 45111.604 | AP1068: URS-42144-02P6_20230523 | AQ1068: 45111.604 | AR1068: 45111.604 | AU1068: URS-0542P1 | AV1068: 45111.604 | AW1068: 45111.604 | BA1068: UR-06101P1 | BB1068: 45111.604 | BC1068: 45111.604 | BF1068: URS-0437P1 | BG1068: 45111.603 | BH1068: 45111.603 | BK1068: URS-0543P1 | BL1068: 45111.603 | BM1068: 45111.603 | BP1068: UR-0521P4 | BQ1068: 45111.419 | BR1068: 45111.419 | BV1068: UR-4487P8 | BW1068: 45111.604 | BX1068: 45111.604 | CA1068: UR-43721P1 | CB1068: 45111.603 | CC1068: 45111.603 | CF1068: URS-0437P1 | CG1068: 45111.603 | CH1068: 45111.603 | CK1068: URS-4045P1 | CL1068: 45111.604 | CM1068: 45111.604 | CP1068: UR-0489P4 | CQ1068: 45111.604 | CR1068: 45111.604 | CW1068: 45111.604 | CX1068: 45111.604
A1069: URS-42881P1 | B1069: 45110.457 | C1069: 45110.457 | F1069: URS-0475P1 | G1069: 45111.603 | H1069: 45111.603 | K1069: URS-0437P2 | L1069: 45111.604 | M1069: 45111.604 | P1069: URS-0437P1 | Q1069: 45111.604 | R1069: 45111.604 | U1069: UR-0595P1_20230628 | V1069: 45111.603 | W1069: 45111.603 | AA1069: UR-0520P4 | AB1069: 45111.604 | AC1069: 45111.604 | AF1069: URS-0483P4 | AG1069: 45111.604 | AH1069: 45111.604 | AK1069: URS-0483P4 | AL1069: 45111.604 | AM1069: 45111.604 | AP1069: URS-42144-02P6_20230523 | AQ1069: 45111.604 | AR1069: 45111.604 | AU1069: URS-0542P1 | AV1069: 45111.604 | AW1069: 45111.604 | BA1069: UR-06101P1 | BB1069: 45111.604 | BC1069: 45111.604 | BF1069: URS-0437P1 | BG1069: 45111.603 | BH1069: 45111.603 | BK1069: URS-0543P1 | BL1069: 45111.603 | BM1069: 45111.603 | BP1069: UR-0521P4 | BQ1069: 45111.605 | BR1069: 45111.605 | BV1069: UR-4487P8 | BW1069: 45111.604 | BX1069: 45111.604 | CA1069: UR-43721P1 | CB1069: 45111.603 | CC1069: 45111.603 | CF1069: URS-0437P1 | CG1069: 45111.603 | CH1069: 45111.603 | CK1069: URS-4045P1 | CL1069: 45111.604 | CM1069: 45111.604 | CP1069: UR-0489P4 | CQ1069: 45111.604 | CR1069: 45111.604 | CW1069: 45111.604 | CX1069: 45111.604
... A1148: URS-42881P6 | B1148: 45110.391 | C1148: 45110.391 | F1148: URS-0486P1 | G1148: 45111.626 | H1148: 45111.626 | K1148: URS-0437P2 | L1148: 45111.626 | M1148: 45111.626 | P1148: URS-0437P1 | Q1148: 45111.626 | R1148: 45111.626 | U1148: UR-4377P1 | V1148: 45111.626 | W1148: 45111.626 | AA1148: UR-0559-01P1 | AB1148: 45111.626 | AC1148: 45111.627 | AF1148: URS-0486P1 | AG1148: 45111.627 | AH1148: 45111.627 | AK1148: URS-3977-01P1 | AL1148: 45111.627 | AM1148: 45111.627 | AP1148: URS-42144-02P6_20230523 | AQ1148: 45111.627 | AR1148: 45111.627 | AU1148: UTS-2471P2 | AV1148: 45111.627 | AW1148: 45111.627 | BA1148: URS-0418P1 | BB1148: 45111.627 | BC1148: 45111.627 | BF1148: URS-0437P2 | BG1148: 45111.626 | BH1148: 45111.626 | BK1148: UT-0987-01P6_20220909 | BL1148: 45111.625 | BM1148: 45111.625 | BP1148: URS-0437P1 | BQ1148: 45111.627 | BR1148: 45111.627 | BV1148: URS-0483P4 | BW1148: 45111.627 | BX1148: 45111.627 | CA1148: UR-4551P01_20230714 | CB1148: 45111.625 | CC1148: 45111.625 | CF1148: URS-0437P1 | CG1148: 45111.626 | CH1148: 45111.626 | CK1148: URS-4215P4 | CL1148: 45111.627 | CM1148: 45111.627 | CP1148: UR-0493P2 | CQ1148: 45111.627 | CR1148: 45111.627 | CW1148: 45111.627 | CX1148: 45111.627
A1149: URS-42881P6 | B1149: 45110.391 | C1149: 45110.391 | F1149: URS-0486P1 | G1149: 45111.626 | H1149: 45111.626 | K1149: URS-0437P2 | L1149: 45111.626 | M1149: 45111.626 | P1149: URS-0437P1 | Q1149: 45111.626 | R1149: 45111.626 | U1149: UR-4377P1 | V1149: 45111.626 | W1149: 45111.626 | AA1149: UR-0559-01P1 | AB1149: 45111.626 | AC1149: 45111.626 | AF1149: URS-0486P1 | AG1149: 45111.627 | AH1149: 45111.627 | AK1149: URS-3977-01P2 | AL1149: 45111.627 | AM1149: 45111.627 | AP1149: URS-42144-02P6_20230523 | AQ1149: 45111.626 | AR1149: 45111.627 | AU1149: UTS-2471P2 | AV1149: 45111.627 | AW1149: 45111.627 | BA1149: URS-0418P1 | BB1149: 45111.626 | BC1149: 45111.627 | BF1149: URS-0437P2 | BG1149: 45111.626 | BH1149: 45111.626 | BL1149: 45111.625 | BM1149: 45111.625 | BP1149: URS-0437P1 | BQ1149: 45111.627 | BR1149: 45111.627 | BV1149: URS-0483P4 | BW1149: 45111.627 | BX1149: 45111.627 | CA1149: UR-4551P01_20230714 | CB1149: 45111.625 | CC1149: 45111.625 | CF1149: URS-0437P1 | CG1149: 45111.626 | CH1149: 45111.626 | CK1149: URS-4215P4 | CL1149: 45111.627 | CM1149: 45111.627 | CP1149: UR-0493P2 | CQ1149: 45111.626 | CR1149: 45111.627 | CW1149: 45111.627 | CX1149: 45111.627
A1150: URS-42881P6 | B1150: 45110.391 | C1150: 45110.391 | F1150: URS-0486P1 | G1150: 45111.626 | H1150: 45111.626 | K1150: URS-0437P2 | L1150: 45111.626 | M1150: 45111.626 | P1150: URS-0437P1 | Q1150: 45111.626 | R1150: 45111.626 | U1150: UR-4377P1 | V1150: 45111.625 | W1150: 45111.625 | AA1150: UR-0559-01P1 | AB1150: 45111.626 | AC1150: 45111.626 | AF1150: URS-0486P1 | AG1150: 45111.626 | AH1150: 45111.627 | AK1150: URS-3977-01P2 | AL1150: 45111.626 | AM1150: 45111.627 | AP1150: URS-42144-02P6_20230523 | AQ1150: 45111.626 | AR1150: 45111.626 | AU1150: UTS-2471P2 | AV1150: 45111.627 | AW1150: 45111.627 | BA1150: URS-0418P1 | BB1150: 45111.626 | BC1150: 45111.626 | BF1150: URS-0437P2 | BG1150: 45111.625 | BH1150: 45111.625 | BL1150: 45111.625 | BM1150: 45111.625 | BP1150: URS-0437P1 | BQ1150: 45111.627 | BR1150: 45111.627 | BV1150: URS-0483P4 | BW1150: 45111.626 | BX1150: 45111.627 | CA1150: UR-4551P01_20230714 | CB1150: 45111.625 | CC1150: 45111.625 | CF1150: URS-0437P1 | CG1150: 45111.625 | CH1150: 45111.625 | CK1150: URS-4215P4 | CL1150: 45111.627 | CM1150: 45111.627 | CP1150: UR-0493P2 | CQ1150: 45111.626 | CR1150: 45111.626 | CW1150: 45111.627 | CX1150: 45111.627
A1151: URS-42881P6 | B1151: 45110.391 | C1151: 45110.391 | F1151: URS-0486P1 | G1151: 45111.625 | H1151: 45111.625 | K1151: URS-0437P2 | L1151: 45111.626 | M1151: 45111.626 | P1151: URS-0437P1 | Q1151: 45111.626 | R1151: 45111.626 | U1151: UR-4377P1 | V1151: 45111.625 | W1151: 45111.625 | AA1151: UR-0559-01P1 | AB1151: 45111.626 | AC1151: 45111.626 | AF1151: URS-0486P1 | AG1151: 45111.626 | AH1151: 45111.626 | AK1151: URS-3977-01P2 | AL1151: 45111.626 | AM1151: 45111.626 | AP1151: URS-42144-02P6_20230523 | AQ1151: 45111.626 | AR1151: 45111.626 | AU1151: UTS-2471P2 | AV1151: 45111.626 | AW1151: 45111.627 | BA1151: URS-0418P1 | BB1151: 45111.626 | BC1151: 45111.626 | BF1151: URS-0437P2 | BG1151: 45111.625 | BH1151: 45111.625 | BL1151: 45111.625 | BM1151: 45111.625 | BP1151: URS-0437P1 | BQ1151: 45111.627 | BR1151: 45111.627 | BV1151: URS-0483P4 | BW1151: 45111.626 | BX1151: 45111.626 | CA1151: UR-4551P01_20230714 | CB1151: 45111.625 | CC1151: 45111.625 | CF1151: URS-0437P1 | CG1151: 45111.625 | CH1151: 45111.625 | CK1151: URS-4215P4 | CL1151: 45111.626 | CM1151: 45111.627 | CP1151: UR-0493P2 | CQ1151: 45111.626 | CR1151: 45111.626 | CW1151: 45111.626 | CX1151: 45111.627
A1152: UT-0931-01P1 | B1152: 45110.855 | C1152: 45110.855 | F1152: URS-0486P1 | G1152: 45111.625 | H1152: 45111.625 | K1152: URS-0437P2 | L1152: 45111.625 | M1152: 45111.625 | P1152: URS-0437P1 | Q1152: 45111.626 | R1152: 45111.626 | U1152: UR-4377P1 | V1152: 45111.625 | W1152: 45111.625 | AA1152: UR-0559-01P1 | AB1152: 45111.626 | AC1152: 45111.626 | AF1152: URS-0486P1 | AG1152: 45111.626 | AH1152: 45111.626 | AK1152: URS-3977-01P2 | AL1152: 45111.626 | AM1152: 45111.626 | AP1152: URS-42144-02P6_20230523 | AQ1152: 45111.626 | AR1152: 45111.626 | AU1152: UTS-2471P2 | AV1152: 45111.626 | AW1152: 45111.626 | BA1152: URS-0418P1 | BB1152: 45111.626 | BC1152: 45111.626 | BF1152: URS-0437P2 | BG1152: 45111.625 | BH1152: 45111.625 | BL1152: 45111.624 | BM1152: 45111.624 | BP1152: URS-0437P1 | BQ1152: 45111.627 | BR1152: 45111.627 | BV1152: URS-0483P4 | BW1152: 45111.626 | BX1152: 45111.626 | CA1152: UR-4551P01_20230714 | CB1152: 45111.624 | CC1152: 45111.624 | CF1152: URS-0437P1 | CG1152: 45111.625 | CH1152: 45111.625 | CK1152: URS-4215P4 | CL1152: 45111.626 | CM1152: 45111.626 | CP1152: UR-0493P2 | CQ1152: 45111.626 | CR1152: 45111.626 | CW1152: 45111.626 | CX1152: 45111.626
A1153: UT-0931-01P1 | B1153: 45110.854 | C1153: 45110.855 | F1153: URS-0486P1 | G1153: 45111.625 | H1153: 45111.625 | K1153: URS-0437P2 | L1153: 45111.625 | M1153: 45111.625 | P1153: URS-0437P1 | Q1153: 45111.625 | R1153: 45111.625 | U1153: UR-4377P1 | V1153: 45111.625 | W1153: 45111.625 | AA1153: UR-0559-01P1 | AB1153: 45111.626 | AC1153: 45111.626 | AF1153: URS-0486P1 | AG1153: 45111.626 | AH1153: 45111.626 | AK1153: URS-3977-01P2 | AL1153: 45111.626 | AM1153: 45111.626 | AP1153: URS-42144-02P6_20230523 | AQ1153: 45111.626 | AR1153: 45111.626 | AU1153: UTS-2471P2 | AV1153: 45111.626 | AW1153: 45111.626 | BA1153: URS-0418P1 | BB1153: 45111.626 | BC1153: 45111.626 | BF1153: URS-0437P2 | BG1153: 45111.625 | BH1153: 45111.625 | BL1153: 45111.587 | BM1153: 45111.587 | BP1153: URS-0437P1 | BQ1153: 45111.626 | BR1153: 45111.627 | BV1153: URS-0483P4 | BW1153: 45111.626 | BX1153: 45111.626 | CA1153: UR-4551P01_20230714 | CB1153: 45111.587 | CC1153: 45111.587 | CF1153: URS-0437P1 | CG1153: 45111.625 | CH1153: 45111.625 | CK1153: URS-4215P4 | CL1153: 45111.626 | CM1153: 45111.626 | CP1153: UR-0493P2 | CQ1153: 45111.626 | CR1153: 45111.626 | CW1153: 45111.626 | CX1153: 45111.626
A1154: UT-0931-01P1 | B1154: 45110.854 | C1154: 45110.854 | F1154: URS-0486P1 | G1154: 45111.625 | H1154: 45111.625 | K1154: URS-0437P2 | L1154: 45111.625 | M1154: 45111.625 | P1154: URS-0437P1 | Q1154: 45111.625 | R1154: 45111.625 | U1154: UR-4377P1 | V1154: 45111.625 | W1154: 45111.625 | AA1154: UR-0559-01P1 | AB1154: 45111.625 | AC1154: 45111.625 | AF1154: URS-0486P1 | AG1154: 45111.626 | AH1154: 45111.626 | AK1154: URS-3977-01P2 | AL1154: 45111.626 | AM1154: 45111.626 | AP1154: URS-42144-02P6_20230523 | AQ1154: 45111.626 | AR1154: 45111.626 | AU1154: UTS-2471P2 | AV1154: 45111.626 | AW1154: 45111.626 | BA1154: URS-0418P1 | BB1154: 45111.626 | BC1154: 45111.626 | BF1154: URS-0437P2 | BG1154: 45111.625 | BH1154: 45111.625 | BL1154: 45111.587 | BM1154: 45111.587 | BP1154: URS-0437P1 | BQ1154: 45111.626 | BR1154: 45111.626 | BV1154: URS-0483P4 | BW1154: 45111.626 | BX1154: 45111.626 | CA1154: UR-4551P01_20230714 | CB1154: 45111.587 | CC1154: 45111.587 | CF1154: URS-0437P1 | CG1154: 45111.625 | CH1154: 45111.625 | CK1154: URS-4215P4 | CL1154: 45111.626 | CM1154: 45111.626 | CP1154: UR-0493P2 | CQ1154: 45111.626 | CR1154: 45111.626 | CW1154: 45111.626 | CX1154: 45111.626
A1155: UT-0931-01P1 | B1155: 45110.854 | C1155: 45110.854 | F1155: URS-0486P1 | G1155: 45111.625 | H1155: 45111.625 | K1155: URS-0437P2 | L1155: 45111.625 | M1155: 45111.625 | P1155: URS-0437P1 | Q1155: 45111.625 | R1155: 45111.625 | U1155: UR-4377P1 | V1155: 45111.624 | W1155: 45111.624 | AA1155: UR-0559-01P1 | AB1155: 45111.625 | AC1155: 45111.625 | AF1155: URS-0486P1 | AG1155: 45111.626 | AH1155: 45111.626 | AK1155: URS-3977-01P2 | AL1155: 45111.626 | AM1155: 45111.626 | AP1155: URS-42144-02P6_20230523 | AQ1155: 45111.625 | AR1155: 45111.625 | AU1155: UTS-2471P2 | AV1155: 45111.626 | AW1155: 45111.626 | BA1155: URS-0418P1 | BB1155: 45111.625 | BC1155: 45111.625 | BF1155: URS-0437P2 | BG1155: 45111.624 | BH1155: 45111.624 | BL1155: 45111.587 | BM1155: 45111.587 | BP1155: URS-0437P1 | BQ1155: 45111.626 | BR1155: 45111.626 | BV1155: URS-0483P4 | BW1155: 45111.626 | BX1155: 45111.626 | CA1155: UR-4551P01_20230714 | CB1155: 45111.587 | CC1155: 45111.587 | CF1155: URS-0437P2 | CG1155: 45111.624 | CH1155: 45111.624 | CK1155: URS-4215P4 | CL1155: 45111.626 | CM1155: 45111.626 | CP1155: UR-0493P2 | CQ1155: 45111.625 | CR1155: 45111.625 | CW1155: 45111.626 | CX1155: 45111.626
A1156: UT-0931-01P1 | B1156: 45110.853 | C1156: 45110.854 | F1156: URS-0486P1 | G1156: 45111.624 | H1156: 45111.624 | K1156: URS-0437P2 | L1156: 45111.625 | M1156: 45111.625 | P1156: URS-0437P1 | Q1156: 45111.625 | R1156: 45111.625 | U1156: UR-4377P1 | V1156: 45111.587 | W1156: 45111.587 | AA1156: UR-0559-01P1 | AB1156: 45111.625 | AC1156: 45111.625 | AF1156: URS-0486P1 | AG1156: 45111.625 | AH1156: 45111.625 | AK1156: URS-3977-01P2 | AL1156: 45111.625 | AM1156: 45111.625 | AP1156: URS-42144-02P6_20230523 | AQ1156: 45111.625 | AR1156: 45111.625 | AU1156: UTS-2471P2 | AV1156: 45111.626 | AW1156: 45111.626 | BA1156: URS-0418P1 | BB1156: 45111.625 | BC1156: 45111.625 | BF1156: URS-0437P2 | BG1156: 45111.587 | BH1156: 45111.587 | BL1156: 45111.586 | BM1156: 45111.587 | BP1156: URS-0437P1 | BQ1156: 45111.626 | BR1156: 45111.626 | BV1156: URS-0483P4 | BW1156: 45111.625 | BX1156: 45111.625 | CA1156: UR-4551P01_20230714 | CB1156: 45111.586 | CC1156: 45111.587 | CF1156: URS-0437P2 | CG1156: 45111.587 | CH1156: 45111.587 | CK1156: URS-4215P4 | CL1156: 45111.626 | CM1156: 45111.626 | CP1156: UR-0493P2 | CQ1156: 45111.625 | CR1156: 45111.625 | CW1156: 45111.626 | CX1156: 45111.626
A1157: UT-0931-01P1 | B1157: 45110.853 | C1157: 45110.853 | F1157: URS-0505P2 | G1157: 45111.587 | H1157: 45111.587 | K1157: URS-0475P1 | L1157: 45111.624 | M1157: 45111.624 | P1157: URS-0437P1 | Q1157: 45111.625 | R1157: 45111.625 | U1157: UR-4377P1 | V1157: 45111.587 | W1157: 45111.587 | AA1157: UR-0559-01P1 | AB1157: 45111.625 | AC1157: 45111.625 | AF1157: URS-0486P1 | AG1157: 45111.625 | AH1157: 45111.625 | AK1157: URS-3977-01P2 | AL1157: 45111.625 | AM1157: 45111.625 | AP1157: URS-42144-02P6_20230523 | AQ1157: 45111.625 | AR1157: 45111.625 | AU1157: UTS-2471P2 | AV1157: 45111.625 | AW1157: 45111.625 | BA1157: URS-0418P1 | BB1157: 45111.625 | BC1157: 45111.625 | BF1157: URS-0437P2 | BG1157: 45111.587 | BH1157: 45111.587 | BL1157: 45111.586 | BM1157: 45111.586 | BP1157: URS-0437P1 | BQ1157: 45111.626 | BR1157: 45111.626 | BV1157: URS-0483P4 | BW1157: 45111.625 | BX1157: 45111.625 | CA1157: UR-4551P01_20230714 | CB1157: 45111.586 | CC1157: 45111.586 | CF1157: URS-0437P2 | CG1157: 45111.587 | CH1157: 45111.587 | CK1157: URS-4215P4 | CL1157: 45111.625 | CM1157: 45111.625 | CP1157: UR-0493P2 | CQ1157: 45111.625 | CR1157: 45111.625 | CW1157: 45111.625 | CX1157: 45111.625
A1158: UT-0931-01P1 | B1158: 45110.853 | C1158: 45110.853 | F1158: URS-0505P2 | G1158: 45111.587 | H1158: 45111.587 | K1158: URS-0475P1 | L1158: 45111.587 | M1158: 45111.587 | P1158: URS-0437P1 | Q1158: 45111.624 | R1158: 45111.624 | U1158: UR-4377P1 | V1158: 45111.587 | W1158: 45111.587 | AA1158: UR-0559-01P1 | AB1158: 45111.625 | AC1158: 45111.625 | AF1158: URS-0486P1 | AG1158: 45111.625 | AH1158: 45111.625 | AK1158: URS-3977-01P2 | AL1158: 45111.625 | AM1158: 45111.625 | AP1158: URS-42144-02P6_20230523 | AQ1158: 45111.625 | AR1158: 45111.625 | AU1158: UTS-2471P2 | AV1158: 45111.625 | AW1158: 45111.625 | BA1158: URS-0418P1 | BB1158: 45111.625 | BC1158: 45111.625 | BF1158: URS-0437P2 | BG1158: 45111.587 | BH1158: 45111.587 | BL1158: 45111.586 | BM1158: 45111.586 | BP1158: URS-0437P1 | BQ1158: 45111.626 | BR1158: 45111.626 | BV1158: URS-0483P4 | BW1158: 45111.625 | BX1158: 45111.625 | CA1158: UR-4551P01_20230714 | CB1158: 45111.586 | CC1158: 45111.586 | CF1158: URS-0437P2 | CG1158: 45111.587 | CH1158: 45111.587 | CK1158: URS-4215P4 | CL1158: 45111.625 | CM1158: 45111.625 | CP1158: UR-0493P2 | CQ1158: 45111.625 | CR1158: 45111.625 | CW1158: 45111.625 | CX1158: 45111.625
A1159: UT-0931-01P1 | B1159: 45110.852 | C1159: 45110.853 | F1159: URS-0505P2 | G1159: 45111.587 | H1159: 45111.587 | K1159: URS-0475P1 | L1159: 45111.587 | M1159: 45111.587 | P1159: URS-0437P1 | Q1159: 45111.587 | R1159: 45111.587 | U1159: UR-4377P1 | V1159: 45111.586 | W1159: 45111.587 | AA1159: UR-0559-01P1 | AB1159: 45111.624 | AC1159: 45111.624 | AF1159: URS-0486P1 | AG1159: 45111.625 | AH1159: 45111.625 | AK1159: URS-3977-01P2 | AL1159: 45111.625 | AM1159: 45111.625 | AP1159: URS-42144-02P6_20230523 | AQ1159: 45111.625 | AR1159: 45111.625 | AU1159: UTS-2471P2 | AV1159: 45111.625 | AW1159: 45111.625 | BA1159: URS-0418P1 | BB1159: 45111.625 | BC1159: 45111.625 | BF1159: URS-0437P2 | BG1159: 45111.586 | BH1159: 45111.587 | BL1159: 45111.586 | BM1159: 45111.586 | BP1159: URS-0437P1 | BQ1159: 45111.625 | BR1159: 45111.625 | BV1159: URS-0483P4 | BW1159: 45111.625 | BX1159: 45111.625 | CA1159: UR-4551P01_20230714 | CB1159: 45111.586 | CC1159: 45111.586 | CF1159: URS-0437P2 | CG1159: 45111.586 | CH1159: 45111.587 | CK1159: URS-4215P4 | CL1159: 45111.625 | CM1159: 45111.625 | CP1159: UR-0493P2 | CQ1159: 45111.625 | CR1159: 45111.625 | CW1159: 45111.625 | CX1159: 45111.625
A1160: UT-0931-01P1 | B1160: 45110.852 | C1160: 45110.852 | F1160: URS-0505P2 | G1160: 45111.586 | H1160: 45111.587 | K1160: URS-0475P1 | L1160: 45111.587 | M1160: 45111.587 | P1160: URS-0437P1 | Q1160: 45111.587 | R1160: 45111.587 | U1160: UR-4377P1 | V1160: 45111.586 | W1160: 45111.586 | AA1160: UR-0559-01P1 | AB1160: 45111.587 | AC1160: 45111.587 | AF1160: URS-0486P1 | AG1160: 45111.625 | AH1160: 45111.625 | AK1160: URS-3977-01P2 | AL1160: 45111.625 | AM1160: 45111.625 | AP1160: URS-42144-02P6_20230523 | AQ1160: 45111.624 | AR1160: 45111.624 | AV1160: 45111.625 | AW1160: 45111.625 | BA1160: URS-0418P1 | BB1160: 45111.624 | BC1160: 45111.624 | BF1160: URS-0437P2 | BG1160: 45111.586 | BH1160: 45111.586 | BL1160: 45111.586 | BM1160: 45111.586 | BP1160: URS-0437P1 | BQ1160: 45111.625 | BR1160: 45111.625 | BV1160: URS-0483P4 | BW1160: 45111.625 | BX1160: 45111.625 | CA1160: UR-4551P01_20230714 | CB1160: 45111.586 | CC1160: 45111.586 | CF1160: URS-0437P2 | CG1160: 45111.586 | CH1160: 45111.586 | CK1160: URS-4215P4 | CL1160: 45111.625 | CM1160: 45111.625 | CP1160: UR-0493P2 | CQ1160: 45111.624 | CR1160: 45111.624 | CW1160: 45111.625 | CX1160: 45111.625
A1161: UT-0931-01P1 | B1161: 45110.852 | C1161: 45110.852 | F1161: URS-0505P2 | G1161: 45111.586 | H1161: 45111.586 | K1161: URS-0475P1 | L1161: 45111.586 | M1161: 45111.587 | P1161: URS-0437P1 | Q1161: 45111.587 | R1161: 45111.587 | U1161: UR-4377P1 | V1161: 45111.586 | W1161: 45111.586 | AA1161: UR-0559-01P1 | AB1161: 45111.587 | AC1161: 45111.587 | AF1161: URS-0486P1 | AG1161: 45111.624 | AH1161: 45111.624 | AK1161: URS-42511P1 | AL1161: 45111.624 | AM1161: 45111.624 | AP1161: URS-4215P1 | AQ1161: 45111.587 | AR1161: 45111.587 | AV1161: 45111.625 | AW1161: 45111.625 | BA1161: URS-0418P1 | BB1161: 45111.587 | BC1161: 45111.587 | BF1161: URS-0437P2 | BG1161: 45111.586 | BH1161: 45111.586 | BL1161: 45111.586 | BM1161: 45111.586 | BP1161: URS-0437P1 | BQ1161: 45111.625 | BR1161: 45111.625 | BV1161: URS-0483P4 | BW1161: 45111.624 | BX1161: 45111.624 | CA1161: UR-4551P01_20230714 | CB1161: 45111.586 | CC1161: 45111.586 | CF1161: URS-0437P2 | CG1161: 45111.586 | CH1161: 45111.586 | CK1161: URS-4215P4 | CL1161: 45111.625 | CM1161: 45111.625 | CP1161: UR-0493P2 | CQ1161: 45111.587 | CR1161: 45111.587 | CW1161: 45111.625 | CX1161: 45111.625
A1162: UT-0931-01P1 | B1162: 45110.852 | C1162: 45110.852 | F1162: URS-0505P2 | G1162: 45111.586 | H1162: 45111.586 | K1162: URS-0475P1 | L1162: 45111.586 | M1162: 45111.586 | P1162: URS-0437P1 | Q1162: 45111.586 | R1162: 45111.587 | U1162: UR-4377P1 | V1162: 45111.586 | W1162: 45111.586 | AA1162: UR-0559-01P1 | AB1162: 45111.587 | AC1162: 45111.587 | AF1162: URS-0486P1 | AG1162: 45111.587 | AH1162: 45111.587 | AK1162: URS-42511P1 | AL1162: 45111.587 | AM1162: 45111.587 | AP1162: URS-4215P1 | AQ1162: 45111.587 | AR1162: 45111.587 | AV1162: 45111.624 | AW1162: 45111.624 | BA1162: URS-0418P1 | BB1162: 45111.587 | BC1162: 45111.587 | BF1162: URS-0437P2 | BG1162: 45111.586 | BH1162: 45111.586 | BL1162: 45111.585 | BM1162: 45111.585 | BP1162: URS-0437P1 | BQ1162: 45111.625 | BR1162: 45111.625 | BV1162: URS-0483P4 | BW1162: 45111.587 | BX1162: 45111.587 | CA1162: UR-4551P06_20230714 | CB1162: 45111.585 | CC1162: 45111.585 | CF1162: URS-0437P2 | CG1162: 45111.586 | CH1162: 45111.586 | CK1162: URS-4215P4 | CL1162: 45111.624 | CM1162: 45111.624 | CP1162: UR-0493P2 | CQ1162: 45111.587 | CR1162: 45111.587 | CW1162: 45111.624 | CX1162: 45111.624
A1163: UT-0931-01P1 | B1163: 45110.851 | C1163: 45110.852 | F1163: URS-0505P2 | G1163: 45111.586 | H1163: 45111.586 | K1163: URS-0475P1 | L1163: 45111.586 | M1163: 45111.586 | P1163: URS-0437P1 | Q1163: 45111.586 | R1163: 45111.586 | U1163: UR-4377P1 | V1163: 45111.586 | W1163: 45111.586 | AA1163: UR-0559-01P1 | AB1163: 45111.586 | AC1163: 45111.587 | AF1163: URS-0486P1 | AG1163: 45111.587 | AH1163: 45111.587 | AK1163: URS-42511P1 | AL1163: 45111.587 | AM1163: 45111.587 | AP1163: URS-4215P1 | AQ1163: 45111.587 | AR1163: 45111.587 | AV1163: 45111.587 | AW1163: 45111.587 | BA1163: URS-0418P1 | BB1163: 45111.587 | BC1163: 45111.587 | BF1163: URS-0437P2 | BG1163: 45111.586 | BH1163: 45111.586 | BL1163: 45111.982 | BM1163: 45111.982 | BP1163: URS-0437P1 | BQ1163: 45111.625 | BR1163: 45111.625 | BV1163: URS-0483P4 | BW1163: 45111.587 | BX1163: 45111.587 | CA1163: UR-4551P06_20230714 | CB1163: 45111.982 | CC1163: 45111.982 | CF1163: URS-0437P2 | CG1163: 45111.586 | CH1163: 45111.586 | CK1163: URS-4215P4 | CL1163: 45111.587 | CM1163: 45111.587 | CP1163: UR-0493P2 | CQ1163: 45111.587 | CR1163: 45111.587 | CW1163: 45111.587 | CX1163: 45111.587
A1164: UT-0931-01P1 | B1164: 45110.851 | C1164: 45110.851 | F1164: URS-0505P2 | G1164: 45111.586 | H1164: 45111.586 | K1164: URS-0475P1 | L1164: 45111.586 | M1164: 45111.586 | P1164: URS-0437P1 | Q1164: 45111.586 | R1164: 45111.586 | U1164: UR-4377P1 | V1164: 45111.586 | W1164: 45111.586 | AA1164: UR-0559-01P1 | AB1164: 45111.586 | AC1164: 45111.586 | AF1164: URS-0486P1 | AG1164: 45111.587 | AH1164: 45111.587 | AK1164: URS-42511P1 | AL1164: 45111.587 | AM1164: 45111.587 | AP1164: URS-4215P1 | AQ1164: 45111.586 | AR1164: 45111.587 | AV1164: 45111.587 | AW1164: 45111.587 | BA1164: URS-0418P1 | BB1164: 45111.586 | BC1164: 45111.587 | BF1164: URS-0437P2 | BG1164: 45111.586 | BH1164: 45111.586 | BL1164: 45111.982 | BM1164: 45111.982 | BP1164: URS-0437P1 | BQ1164: 45111.624 | BR1164: 45111.624 | BV1164: URS-0483P4 | BW1164: 45111.587 | BX1164: 45111.587 | CA1164: UR-4551P06_20230714 | CB1164: 45111.982 | CC1164: 45111.982 | CF1164: URS-0437P2 | CG1164: 45111.586 | CH1164: 45111.586 | CK1164: URS-4215P4 | CL1164: 45111.587 | CM1164: 45111.587 | CP1164: UR-0493P2 | CQ1164: 45111.586 | CR1164: 45111.587 | CW1164: 45111.587 | CX1164: 45111.587
A1165: UT-0931-01P1 | B1165: 45110.851 | C1165: 45110.851 | F1165: URS-0505P2 | G1165: 45111.586 | H1165: 45111.586 | K1165: URS-0475P1 | L1165: 45111.586 | M1165: 45111.586 | P1165: URS-0437P1 | Q1165: 45111.586 | R1165: 45111.586 | U1165: UR-4377P1 | V1165: 45111.585 | W1165: 45111.585 | AA1165: UR-0559-01P1 | AB1165: 45111.586 | AC1165: 45111.586 | AF1165: URS-0486P1 | AG1165: 45111.586 | AH1165: 45111.587 | AK1165: URS-42511P1 | AL1165: 45111.586 | AM1165: 45111.587 | AP1165: URS-4215P1 | AQ1165: 45111.586 | AR1165: 45111.586 | AV1165: 45111.587 | AW1165: 45111.587 | BA1165: URS-0418P1 | BB1165: 45111.586 | BC1165: 45111.586 | BF1165: URS-0437P2 | BG1165: 45111.585 | BH1165: 45111.585 | BL1165: 45111.981 | BM1165: 45111.982 | BP1165: URS-0437P1 | BQ1165: 45111.587 | BR1165: 45111.587 | BV1165: URS-0483P4 | BW1165: 45111.586 | BX1165: 45111.587 | CA1165: UR-4551P06_20230714 | CB1165: 45111.981 | CC1165: 45111.982 | CF1165: URS-0437P2 | CG1165: 45111.585 | CH1165: 45111.585 | CK1165: URS-4215P4 | CL1165: 45111.587 | CM1165: 45111.587 | CP1165: UR-0493P2 | CQ1165: 45111.586 | CR1165: 45111.586 | CW1165: 45111.587 | CX1165: 45111.587
A1166: UT-0931-01P1 | B1166: 45110.85 | C1166: 45110.851 | F1166: URS-0505P2 | G1166: 45111.585 | H1166: 45111.585 | K1166: URS-0475P1 | L1166: 45111.586 | M1166: 45111.586 | P1166: URS-0437P1 | Q1166: 45111.586 | R1166: 45111.586 | U1166: UR-4377P1 | V1166: 45111.982 | W1166: 45111.982 | AA1166: UR-0559-01P1 | AB1166: 45111.586 | AC1166: 45111.586 | AF1166: URS-0486P1 | AG1166: 45111.586 | AH1166: 45111.586 | AK1166: URS-42511P1 | AL1166: 45111.586 | AM1166: 45111.586 | AP1166: URS-4215P1 | AQ1166: 45111.586 | AR1166: 45111.586 | AV1166: 45111.586 | AW1166: 45111.587 | BA1166: URS-0418P1 | BB1166: 45111.586 | BC1166: 45111.586 | BF1166: URS-0437P2 | BG1166: 45111.982 | BH1166: 45111.982 | BL1166: 45111.981 | BM1166: 45111.981 | BP1166: URS-0437P1 | BQ1166: 45111.587 | BR1166: 45111.587 | BV1166: URS-0483P4 | BW1166: 45111.586 | BX1166: 45111.586 | CA1166: UR-4551P06_20230714 | CB1166: 45111.981 | CC1166: 45111.981 | CF1166: URS-0437P2 | CG1166: 45111.982 | CH1166: 45111.982 | CK1166: URS-4215P4 | CL1166: 45111.586 | CM1166: 45111.587 | CP1166: UR-0493P2 | CQ1166: 45111.586 | CR1166: 45111.586 | CW1166: 45111.586 | CX1166: 45111.587
A1167: UT-0931-01P1 | B1167: 45110.85 | C1167: 45110.85 | F1167: URS-0539P4 | G1167: 45111.982 | H1167: 45111.982 | K1167: URS-0475P1 | L1167: 45111.585 | M1167: 45111.585 | P1167: URS-0437P1 | Q1167: 45111.586 | R1167: 45111.586 | U1167: UR-4377P1 | V1167: 45111.982 | W1167: 45111.982 | AA1167: UR-0559-01P1 | AB1167: 45111.586 | AC1167: 45111.586 | AF1167: URS-0486P1 | AG1167: 45111.586 | AH1167: 45111.586 | AK1167: URS-42511P1 | AL1167: 45111.586 | AM1167: 45111.586 | AP1167: URS-4215P1 | AQ1167: 45111.586 | AR1167: 45111.586 | AV1167: 45111.586 | AW1167: 45111.586 | BA1167: URS-0418P1 | BB1167: 45111.586 | BC1167: 45111.586 | BF1167: URS-0437P2 | BG1167: 45111.982 | BH1167: 45111.982 | BL1167: 45111.981 | BM1167: 45111.981 | BP1167: URS-0437P1 | BQ1167: 45111.587 | BR1167: 45111.587 | BV1167: URS-0483P4 | BW1167: 45111.586 | BX1167: 45111.586 | CA1167: UR-4551P06_20230714 | CB1167: 45111.981 | CC1167: 45111.981 | CF1167: URS-0437P2 | CG1167: 45111.982 | CH1167: 45111.982 | CK1167: URS-4215P4 | CL1167: 45111.586 | CM1167: 45111.586 | CP1167: UR-0493P2 | CQ1167: 45111.586 | CR1167: 45111.586 | CW1167: 45111.586 | CX1167: 45111.586
A1168: UT-0931-01P1 | B1168: 45110.85 | C1168: 45110.85 | F1168: URS-0539P4 | G1168: 45111.982 | H1168: 45111.982 | K1168: URS-0475P1 | L1168: 45111.982 | M1168: 45111.982 | P1168: URS-0437P1 | Q1168: 45111.585 | R1168: 45111.585 | U1168: UR-4377P1 | V1168: 45111.981 | W1168: 45111.982 | AA1168: UR-0559-01P1 | AB1168: 45111.586 | AC1168: 45111.586 | AF1168: URS-0486P1 | AG1168: 45111.586 | AH1168: 45111.586 | AK1168: URS-42511P1 | AL1168: 45111.586 | AM1168: 45111.586 | AP1168: URS-4215P1 | AQ1168: 45111.586 | AR1168: 45111.586 | AV1168: 45111.586 | AW1168: 45111.586 | BA1168: URS-0418P1 | BB1168: 45111.586 | BC1168: 45111.586 | BF1168: URS-0437P2 | BG1168: 45111.981 | BH1168: 45111.982 | BL1168: 45111.981 | BM1168: 45111.981 | BP1168: URS-0437P1 | BQ1168: 45111.586 | BR1168: 45111.587 | BV1168: URS-0483P4 | BW1168: 45111.586 | BX1168: 45111.586 | CA1168: UR-4551P06_20230714 | CB1168: 45111.981 | CC1168: 45111.981 | CF1168: URS-0437P2 | CG1168: 45111.981 | CH1168: 45111.982 | CK1168: URS-4215P4 | CL1168: 45111.586 | CM1168: 45111.586 | CP1168: UR-0493P2 | CQ1168: 45111.586 | CR1168: 45111.586 | CW1168: 45111.586 | CX1168: 45111.586
A1169: UT-0931-01P1 | B1169: 45110.849 | C1169: 45110.85 | F1169: URS-0539P4 | G1169: 45111.981 | H1169: 45111.982 | K1169: URS-0475P1 | L1169: 45111.982 | M1169: 45111.982 | P1169: URS-0437P1 | Q1169: 45111.982 | R1169: 45111.982 | U1169: UR-4377P1 | V1169: 45111.981 | W1169: 45111.981 | AA1169: UR-0559-01P1 | AB1169: 45111.585 | AC1169: 45111.585 | AF1169: URS-0486P1 | AG1169: 45111.586 | AH1169: 45111.586 | AK1169: URS-42511P1 | AL1169: 45111.586 | AM1169: 45111.586 | AP1169: URS-4215P1 | AQ1169: 45111.586 | AR1169: 45111.586 | AV1169: 45111.586 | AW1169: 45111.586 | BA1169: URS-0418P1 | BB1169: 45111.586 | BC1169: 45111.586 | BF1169: URS-0437P2 | BG1169: 45111.981 | BH1169: 45111.981 | BL1169: 45111.981 | BM1169: 45111.981 | BP1169: URS-0437P1 | BQ1169: 45111.586 | BR1169: 45111.586 | BV1169: URS-0483P4 | BW1169: 45111.586 | BX1169: 45111.586 | CA1169: UR-4551P06_20230714 | CB1169: 45111.981 | CC1169: 45111.981 | CF1169: URS-0437P2 | CG1169: 45111.981 | CH1169: 45111.981 | CK1169: URS-4215P4 | CL1169: 45111.586 | CM1169: 45111.586 | CP1169: UR-0493P2 | CQ1169: 45111.586 | CR1169: 45111.586 | CW1169: 45111.586 | CX1169: 45111.586
A1170: UT-0931-01P1 | B1170: 45110.849 | C1170: 45110.849 | F1170: URS-0539P4 | G1170: 45111.981 | H1170: 45111.981 | K1170: URS-0475P1 | L1170: 45111.981 | M1170: 45111.982 | P1170: URS-0437P1 | Q1170: 45111.982 | R1170: 45111.982 | U1170: UR-4377P1 | V1170: 45111.981 | W1170: 45111.981 | AA1170: UR-0559-01P1 | AB1170: 45111.982 | AC1170: 45111.982 | AF1170: URS-0486P1 | AG1170: 45111.586 | AH1170: 45111.586 | AK1170: URS-42511P1 | AL1170: 45111.586 | AM1170: 45111.586 | AP1170: URS-4215P1 | AQ1170: 45111.585 | AR1170: 45111.585 | AV1170: 45111.586 | AW1170: 45111.586 | BA1170: URS-0418P1 | BB1170: 45111.585 | BC1170: 45111.585 | BF1170: URS-0437P2 | BG1170: 45111.981 | BH1170: 45111.981 | BL1170: 45111.981 | BM1170: 45111.981 | BP1170: URS-0437P1 | BQ1170: 45111.586 | BR1170: 45111.586 | BV1170: URS-0483P4 | BW1170: 45111.586 | BX1170: 45111.586 | CA1170: UR-4551P06_20230714 | CB1170: 45111.981 | CC1170: 45111.981 | CF1170: URS-0437P2 | CG1170: 45111.981 | CH1170: 45111.981 | CK1170: URS-4215P4 | CL1170: 45111.586 | CM1170: 45111.586 | CP1170: UR-0509-01P1 | CQ1170: 45111.585 | CR1170: 45111.585 | CW1170: 45111.586 | CX1170: 45111.586
A1171: UT-0931-01P1 | B1171: 45110.849 | C1171: 45110.849 | F1171: URS-0539P4 | G1171: 45111.981 | H1171: 45111.981 | K1171: URS-0475P1 | L1171: 45111.981 | M1171: 45111.981 | P1171: URS-0437P1 | Q1171: 45111.981 | R1171: 45111.982 | U1171: UR-4377P1 | V1171: 45111.981 | W1171: 45111.981 | AA1171: UR-0559-01P1 | AB1171: 45111.982 | AC1171: 45111.982 | AF1171: URS-0486P1 | AG1171: 45111.585 | AH1171: 45111.585 | AK1171: URS-42511P1 | AL1171: 45111.585 | AM1171: 45111.585 | AP1171: URS-4215P1 | AQ1171: 45111.982 | AR1171: 45111.982 | AV1171: 45111.586 | AW1171: 45111.586 | BA1171: URS-0418P1 | BB1171: 45111.982 | BC1171: 45111.982 | BF1171: URS-0437P2 | BG1171: 45111.981 | BH1171: 45111.981 | BL1171: 45111.981 | BM1171: 45111.981 | BP1171: URS-0437P1 | BQ1171: 45111.586 | BR1171: 45111.586 | BV1171: URS-0483P4 | BW1171: 45111.585 | BX1171: 45111.585 | CA1171: UR-4551P06_20230714 | CB1171: 45111.981 | CC1171: 45111.981 | CF1171: URS-0437P2 | CG1171: 45111.981 | CH1171: 45111.981 | CK1171: URS-4215P4 | CL1171: 45111.586 | CM1171: 45111.586 | CP1171: UR-0509-01P1 | CQ1171: 45111.982 | CR1171: 45111.982 | CW1171: 45111.586 | CX1171: 45111.586
... A1221: UTS-0717P6 | B1221: 45110.86 | C1221: 45110.86 | F1221: UT-0992-01P6_20220909 | G1221: 45111.956 | H1221: 45111.956 | K1221: URS-0539P1 | L1221: 45111.956 | M1221: 45111.956 | P1221: URS-0437P1 | Q1221: 45111.956 | R1221: 45111.957 | U1221: URS-0437P1 | V1221: 45111.956 | W1221: 45111.956 | AA1221: UR-0559-03P8 | AB1221: 45111.957 | AC1221: 45111.957 | AF1221: URS-4273P4 | AG1221: 45111.957 | AH1221: 45111.957 | AK1221: UT-0931-01P10 | AL1221: 45111.957 | AM1221: 45111.957 | AP1221: URS-4215P4 | AQ1221: 45111.957 | AR1221: 45111.957 | AV1221: 45111.957 | AW1221: 45111.957 | BA1221: URS-0418P4 | BB1221: 45111.957 | BC1221: 45111.957 | BF1221: URS-0437P2 | BG1221: 45111.956 | BH1221: 45111.956 | BL1221: 45111.955 | BM1221: 45111.955 | BP1221: URS-0437P1 | BQ1221: 45111.974 | BR1221: 45111.974 | BV1221: URS-0486P1 | BW1221: 45111.957 | BX1221: 45111.957 | CA1221: URS-0437P1 | CB1221: 45111.955 | CC1221: 45111.955 | CF1221: URS-0437P2 | CG1221: 45111.956 | CH1221: 45111.956 | CK1221: UTS-0816P1 | CL1221: 45111.957 | CM1221: 45111.957 | CP1221: UR-0509-01P1 | CQ1221: 45111.957 | CR1221: 45111.957 | CW1221: 45111.957 | CX1221: 45111.957
F1222: UT-0992-01P6_20220909 | G1222: 45111.956 | H1222: 45111.956 | K1222: URS-0539P1 | L1222: 45111.956 | M1222: 45111.956 | P1222: URS-0437P1 | Q1222: 45111.956 | R1222: 45111.956 | U1222: URS-0437P1 | V1222: 45111.955 | W1222: 45111.955 | AA1222: UR-0559-03P8 | AB1222: 45111.956 | AC1222: 45111.957 | AF1222: URS-4273P4 | AG1222: 45111.957 | AH1222: 45111.957 | AK1222: UT-0931-01P10 | AL1222: 45111.957 | AM1222: 45111.957 | AP1222: URS-4215P4 | AQ1222: 45111.957 | AR1222: 45111.957 | AV1222: 45111.957 | AW1222: 45111.957 | BA1222: URS-0418P4 | BB1222: 45111.957 | BC1222: 45111.957 | BF1222: URS-0437P2 | BG1222: 45111.955 | BH1222: 45111.955 | BL1222: 45111.954 | BM1222: 45111.955 | BP1222: URS-0437P1 | BQ1222: 45111.974 | BR1222: 45111.974 | BV1222: URS-0486P1 | BW1222: 45111.957 | BX1222: 45111.957 | CA1222: URS-0437P1 | CB1222: 45111.954 | CC1222: 45111.955 | CF1222: URS-0437P2 | CG1222: 45111.955 | CH1222: 45111.955 | CK1222: UTS-0816P1 | CL1222: 45111.957 | CM1222: 45111.957 | CP1222: UR-0509-01P1 | CQ1222: 45111.957 | CR1222: 45111.957 | CW1222: 45111.957 | CX1222: 45111.957
F1223: UT-0992-01P6_20220909 | G1223: 45111.955 | H1223: 45111.955 | K1223: URS-0539P1 | L1223: 45111.956 | M1223: 45111.956 | P1223: URS-0437P1 | Q1223: 45111.956 | R1223: 45111.956 | U1223: URS-0437P1 | V1223: 45111.955 | W1223: 45111.955 | AA1223: UR-0559-03P8 | AB1223: 45111.956 | AC1223: 45111.956 | AF1223: URS-4273P4 | AG1223: 45111.957 | AH1223: 45111.957 | AK1223: UT-0931-01P10 | AL1223: 45111.957 | AM1223: 45111.957 | AP1223: URS-4215P4 | AQ1223: 45111.956 | AR1223: 45111.957 | AV1223: 45111.957 | AW1223: 45111.957 | BA1223: URS-0418P4 | BB1223: 45111.956 | BC1223: 45111.957 | BF1223: URS-0437P2 | BG1223: 45111.955 | BH1223: 45111.955 | BL1223: 45111.954 | BM1223: 45111.954 | BP1223: URS-0437P1 | BQ1223: 45111.957 | BR1223: 45111.957 | BV1223: URS-0486P1 | BW1223: 45111.957 | BX1223: 45111.957 | CA1223: URS-0437P1 | CB1223: 45111.954 | CC1223: 45111.954 | CF1223: URS-0437P2 | CG1223: 45111.955 | CH1223: 45111.955 | CK1223: UTS-0816P1 | CL1223: 45111.957 | CM1223: 45111.957 | CP1223: UR-0509-01P1 | CQ1223: 45111.956 | CR1223: 45111.957 | CW1223: 45111.957 | CX1223: 45111.957
F1224: UT-0992-01P6_20220909 | G1224: 45111.955 | H1224: 45111.955 | K1224: URS-0539P1 | L1224: 45111.955 | M1224: 45111.955 | P1224: URS-0437P1 | Q1224: 45111.956 | R1224: 45111.956 | U1224: URS-0437P1 | V1224: 45111.955 | W1224: 45111.955 | AA1224: UR-0559-03P8 | AB1224: 45111.956 | AC1224: 45111.956 | AF1224: URS-4273P4 | AG1224: 45111.956 | AH1224: 45111.957 | AK1224: UT-0931-01P10 | AL1224: 45111.956 | AM1224: 45111.957 | AP1224: URS-4215P4 | AQ1224: 45111.956 | AR1224: 45111.956 | AV1224: 45111.957 | AW1224: 45111.957 | BA1224: URS-0418P4 | BB1224: 45111.956 | BC1224: 45111.956 | BF1224: URS-0437P2 | BG1224: 45111.955 | BH1224: 45111.955 | BL1224: 45111.954 | BM1224: 45111.954 | BP1224: URS-0437P1 | BQ1224: 45111.957 | BR1224: 45111.957 | BV1224: URS-0486P1 | BW1224: 45111.956 | BX1224: 45111.957 | CA1224: URS-0437P1 | CB1224: 45111.954 | CC1224: 45111.954 | CF1224: URS-0437P2 | CG1224: 45111.955 | CH1224: 45111.955 | CK1224: UTS-0816P1 | CL1224: 45111.957 | CM1224: 45111.957 | CP1224: UR-0509-01P1 | CQ1224: 45111.956 | CR1224: 45111.956 | CW1224: 45111.957 | CX1224: 45111.957
F1225: UT-0992-01P6_20220909 | G1225: 45111.955 | H1225: 45111.955 | K1225: URS-0539P1 | L1225: 45111.955 | M1225: 45111.955 | P1225: URS-0437P1 | Q1225: 45111.955 | R1225: 45111.955 | U1225: URS-0437P1 | V1225: 45111.954 | W1225: 45111.955 | AA1225: UR-0559-03P8 | AB1225: 45111.956 | AC1225: 45111.956 | AF1225: URS-4273P4 | AG1225: 45111.956 | AH1225: 45111.956 | AK1225: UT-0931-01P10 | AL1225: 45111.956 | AM1225: 45111.956 | AP1225: URS-4215P4 | AQ1225: 45111.956 | AR1225: 45111.956 | AV1225: 45111.956 | AW1225: 45111.957 | BA1225: URS-0418P4 | BB1225: 45111.956 | BC1225: 45111.956 | BF1225: URS-0437P2 | BG1225: 45111.954 | BH1225: 45111.955 | BL1225: 45111.954 | BM1225: 45111.954 | BP1225: URS-0437P1 | BQ1225: 45111.957 | BR1225: 45111.957 | BV1225: URS-0486P1 | BW1225: 45111.956 | BX1225: 45111.956 | CA1225: URS-0437P1 | CB1225: 45111.954 | CC1225: 45111.954 | CF1225: URS-0437P2 | CG1225: 45111.954 | CH1225: 45111.955 | CK1225: UTS-0816P1 | CL1225: 45111.956 | CM1225: 45111.957 | CP1225: UR-0509-01P1 | CQ1225: 45111.956 | CR1225: 45111.956 | CW1225: 45111.956 | CX1225: 45111.957
F1226: UT-0992-01P6_20220909 | G1226: 45111.954 | H1226: 45111.955 | K1226: URS-0539P1 | L1226: 45111.955 | M1226: 45111.955 | P1226: URS-0437P1 | Q1226: 45111.955 | R1226: 45111.955 | U1226: URS-0437P1 | V1226: 45111.954 | W1226: 45111.954 | AA1226: UR-0559-03P8 | AB1226: 45111.955 | AC1226: 45111.955 | AF1226: URS-4273P4 | AG1226: 45111.956 | AH1226: 45111.956 | AK1226: UT-0931-01P10 | AL1226: 45111.956 | AM1226: 45111.956 | AP1226: URS-4215P4 | AQ1226: 45111.956 | AR1226: 45111.956 | AV1226: 45111.956 | AW1226: 45111.956 | BA1226: URS-0418P4 | BB1226: 45111.956 | BC1226: 45111.956 | BF1226: URS-0437P2 | BG1226: 45111.954 | BH1226: 45111.954 | BL1226: 45111.954 | BM1226: 45111.954 | BP1226: URS-0437P1 | BQ1226: 45111.957 | BR1226: 45111.957 | BV1226: URS-0486P1 | BW1226: 45111.956 | BX1226: 45111.956 | CA1226: URS-0437P1 | CB1226: 45111.954 | CC1226: 45111.954 | CF1226: URS-0437P2 | CG1226: 45111.954 | CH1226: 45111.954 | CK1226: UTS-0816P1 | CL1226: 45111.956 | CM1226: 45111.956 | CP1226: UR-0509-01P1 | CQ1226: 45111.956 | CR1226: 45111.956 | CW1226: 45111.956 | CX1226: 45111.956
F1227: UT-0992-01P6_20220909 | G1227: 45111.954 | H1227: 45111.954 | K1227: URS-0539P1 | L1227: 45111.954 | M1227: 45111.955 | P1227: URS-0437P1 | Q1227: 45111.955 | R1227: 45111.955 | U1227: URS-0437P1 | V1227: 45111.954 | W1227: 45111.954 | AA1227: UR-0559-03P8 | AB1227: 45111.955 | AC1227: 45111.955 | AF1227: URS-4343P4 | AG1227: 45111.956 | AH1227: 45111.956 | AK1227: UT-0931-01P10 | AL1227: 45111.956 | AM1227: 45111.956 | AP1227: URS-4215P4 | AQ1227: 45111.955 | AR1227: 45111.955 | AV1227: 45111.956 | AW1227: 45111.956 | BA1227: URS-0418P4 | BB1227: 45111.955 | BC1227: 45111.955 | BF1227: URS-0437P2 | BG1227: 45111.954 | BH1227: 45111.954 | BL1227: 45111.953 | BM1227: 45111.954 | BP1227: URS-0437P1 | BQ1227: 45111.956 | BR1227: 45111.957 | BV1227: URS-0486P1 | BW1227: 45111.956 | BX1227: 45111.956 | CA1227: URS-0437P1 | CB1227: 45111.953 | CC1227: 45111.954 | CF1227: URS-0437P2 | CG1227: 45111.954 | CH1227: 45111.954 | CK1227: UTS-0816P1 | CL1227: 45111.956 | CM1227: 45111.956 | CP1227: UR-0509-01P1 | CQ1227: 45111.955 | CR1227: 45111.955 | CW1227: 45111.956 | CX1227: 45111.956
F1228: UT-0992-01P6_20220909 | G1228: 45111.954 | H1228: 45111.954 | K1228: URS-0539P1 | L1228: 45111.954 | M1228: 45111.954 | P1228: URS-0437P1 | Q1228: 45111.954 | R1228: 45111.955 | U1228: URS-0437P1 | V1228: 45111.954 | W1228: 45111.954 | AA1228: UR-0559-03P8 | AB1228: 45111.955 | AC1228: 45111.955 | AF1228: URS-4343P4 | AG1228: 45111.955 | AH1228: 45111.955 | AK1228: UT-0931-01P10 | AL1228: 45111.955 | AM1228: 45111.955 | AP1228: URS-4215P4 | AQ1228: 45111.955 | AR1228: 45111.955 | AV1228: 45111.956 | AW1228: 45111.956 | BA1228: URS-0418P4 | BB1228: 45111.955 | BC1228: 45111.955 | BF1228: URS-0437P2 | BG1228: 45111.954 | BH1228: 45111.954 | BL1228: 45111.953 | BM1228: 45111.953 | BP1228: URS-0437P1 | BQ1228: 45111.956 | BR1228: 45111.956 | BV1228: URS-0486P1 | BW1228: 45111.955 | BX1228: 45111.955 | CA1228: URS-0437P1 | CB1228: 45111.953 | CC1228: 45111.953 | CF1228: URS-0437P2 | CG1228: 45111.954 | CH1228: 45111.954 | CK1228: UTS-0816P1 | CL1228: 45111.956 | CM1228: 45111.956 | CP1228: UR-0509-01P1 | CQ1228: 45111.955 | CR1228: 45111.955 | CW1228: 45111.956 | CX1228: 45111.956
F1229: UT-0992-01P6_20220909 | G1229: 45111.954 | H1229: 45111.954 | K1229: URS-0539P1 | L1229: 45111.954 | M1229: 45111.954 | P1229: URS-0437P1 | Q1229: 45111.954 | R1229: 45111.954 | U1229: URS-0437P1 | V1229: 45111.954 | W1229: 45111.954 | AA1229: UR-0559-03P8 | AB1229: 45111.954 | AC1229: 45111.955 | AF1229: URS-4343P4 | AG1229: 45111.955 | AH1229: 45111.955 | AK1229: UT-0931-01P10 | AL1229: 45111.955 | AM1229: 45111.955 | AP1229: URS-4215P4 | AQ1229: 45111.955 | AR1229: 45111.955 | AV1229: 45111.955 | AW1229: 45111.955 | BA1229: URS-0418P4 | BB1229: 45111.955 | BC1229: 45111.955 | BF1229: URS-0437P2 | BG1229: 45111.954 | BH1229: 45111.954 | BL1229: 45111.953 | BM1229: 45111.953 | BP1229: URS-0437P1 | BQ1229: 45111.956 | BR1229: 45111.956 | BV1229: URS-0486P1 | BW1229: 45111.955 | BX1229: 45111.955 | CA1229: URS-0437P1 | CB1229: 45111.953 | CC1229: 45111.953 | CF1229: URS-0437P2 | CG1229: 45111.954 | CH1229: 45111.954 | CK1229: UTS-0816P1 | CL1229: 45111.955 | CM1229: 45111.955 | CP1229: UR-0509-01P1 | CQ1229: 45111.955 | CR1229: 45111.955 | CW1229: 45111.955 | CX1229: 45111.955
F1230: UT-0992-01P6_20220909 | G1230: 45111.954 | H1230: 45111.954 | K1230: URS-0539P1 | L1230: 45111.954 | M1230: 45111.954 | P1230: URS-0437P1 | Q1230: 45111.954 | R1230: 45111.954 | U1230: URS-0437P1 | V1230: 45111.953 | W1230: 45111.954 | AA1230: UR-0559-03P8 | AB1230: 45111.954 | AC1230: 45111.954 | AF1230: URS-4343P4 | AG1230: 45111.955 | AH1230: 45111.955 | AK1230: UT-0931-01P10 | AL1230: 45111.955 | AM1230: 45111.955 | AP1230: URS-4215P4 | AQ1230: 45111.954 | AR1230: 45111.955 | AV1230: 45111.955 | AW1230: 45111.955 | BA1230: URS-0418P4 | BB1230: 45111.954 | BC1230: 45111.955 | BF1230: URS-0437P2 | BG1230: 45111.953 | BH1230: 45111.954 | BL1230: 45111.953 | BM1230: 45111.953 | BP1230: URS-0437P1 | BQ1230: 45111.956 | BR1230: 45111.956 | BV1230: URS-0486P1 | BW1230: 45111.955 | BX1230: 45111.955 | CA1230: URS-0437P1 | CB1230: 45111.953 | CC1230: 45111.953 | CF1230: URS-0437P2 | CG1230: 45111.953 | CH1230: 45111.954 | CK1230: UTS-0816P1 | CL1230: 45111.955 | CM1230: 45111.955 | CP1230: UR-0509-01P1 | CQ1230: 45111.954 | CR1230: 45111.955 | CW1230: 45111.955 | CX1230: 45111.955
F1231: UT-0992-01P6_20220909 | G1231: 45111.953 | H1231: 45111.954 | K1231: URS-0539P1 | L1231: 45111.954 | M1231: 45111.954 | P1231: URS-0437P1 | Q1231: 45111.954 | R1231: 45111.954 | U1231: URS-0437P1 | V1231: 45111.953 | W1231: 45111.953 | AA1231: UR-0559-03P8 | AB1231: 45111.954 | AC1231: 45111.954 | AF1231: URS-4343P4 | AG1231: 45111.954 | AH1231: 45111.955 | AK1231: UT-0931-01P10 | AL1231: 45111.954 | AM1231: 45111.955 | AP1231: URS-4215P4 | AQ1231: 45111.954 | AR1231: 45111.954 | AV1231: 45111.955 | AW1231: 45111.955 | BA1231: URS-0418P4 | BB1231: 45111.954 | BC1231: 45111.954 | BF1231: URS-0437P2 | BG1231: 45111.953 | BH1231: 45111.953 | BL1231: 45111.953 | BM1231: 45111.953 | BP1231: URS-0437P1 | BQ1231: 45111.955 | BR1231: 45111.955 | BV1231: URS-0486P1 | BW1231: 45111.954 | BX1231: 45111.955 | CA1231: URS-0437P1 | CB1231: 45111.953 | CC1231: 45111.953 | CF1231: URS-0437P2 | CG1231: 45111.953 | CH1231: 45111.953 | CK1231: UTS-0816P1 | CL1231: 45111.955 | CM1231: 45111.955 | CP1231: UR-0509-01P1 | CQ1231: 45111.954 | CR1231: 45111.954 | CW1231: 45111.955 | CX1231: 45111.955
...

Sheet 156
C2: TOTAL | D2: =SUM(D4:D20) -> 0 | H2: TOTAL | I2: =SUM(I4:I20) -> 0 | M2: TOTAL | N2: =SUM(N4:N20) -> 0.0028703704 | R2: TOTAL | S2: =SUM(S4:S20) -> 0
A3: １１日 | B3: 検査開始時間 | C3: 検査終了時間 | D3: 検査時間 | F3: ２５日 | G3: 検査開始時間 | H3: 検査終了時間 | I3: 検査時間 | K3: ２６日 | L3: 検査開始時間 | M3: 検査終了時間 | N3: 検査時間 | P3: ２７日 | Q3: 検査開始時間 | R3: 検査終了時間 | S3: 検査時間
K4: J-URS-43833P1_20221109 | L4: 45133.373 | M4: 45133.376 | N4: =M4-L4 -> 0.0028703704 | S4: =R4-Q4 -> 0
N5: =M5-L5 -> 0 | S5: =R5-Q5 -> 0
N6: =M6-L6 -> 0 | S6: =R6-Q6 -> 0
N7: =M7-L7 -> 0 | S7: =R7-Q7 -> 0
N8: =M8-L8 -> 0 | S8: =R8-Q8 -> 0
N9: =M9-L9 -> 0 | S9: =R9-Q9 -> 0
N10: =M10-L10 -> 0 | S10: =R10-Q10 -> 0
N11: =M11-L11 -> 0 | S11: =R11-Q11 -> 0
N12: =M12-L12 -> 0 | S12: =R12-Q12 -> 0
N13: =M13-L13 -> 0 | S13: =R13-Q13 -> 0
N14: =M14-L14 -> 0 | S14: =R14-Q14 -> 0
N15: =M15-L15 -> 0 | S15: =R15-Q15 -> 0
N16: =M16-L16 -> 0 | S16: =R16-Q16 -> 0
... N20: =M20-L20 -> 0 | S20: =R20-Q20 -> 0
C25: TOTAL | D25: =SUM(D27:D43) -> 0.013101852 | H25: TOTAL | I25: =SUM(I27:I43) -> 0.04025463 | M25: TOTAL | N25: =SUM(N27:N43) -> 0 | R25: TOTAL | S25: =SUM(S27:S43) -> 0.012395833
A26: １１日 | B26: 検査開始時間 | C26: 検査終了時間 | D26: 検査時間 | F26: ２５日 | G26: 検査開始時間 | H26: 検査終了時間 | I26: 検査時間 | K26: ２６日 | L26: 検査開始時間 | M26: 検査終了時間 | N26: 検査時間 | P26: ２７日 | Q26: 検査開始時間 | R26: 検査終了時間 | S26: 検査時間
A27: UR-0559-01P1 | B27: 45118.741 | C27: 45118.754 | D27: =C27-B27 -> 0.013101852 | F27: UR-0559-03P8 | G27: 45132.853 | H27: 45132.866 | I27: =H27-G27 -> 0.013240741 | N27: =M27-L27 -> 0 | P27: MVH-7250P04_20230719 | Q27: 45134.749 | R27: 45134.75 | S27: =R27-Q27 -> 0.0011111111
D28: =C28-B28 -> 0 | F28: UR-0559-01P1 | G28: 45132.907 | H28: 45132.92 | I28: =H28-G28 -> 0.012627315 | N28: =M28-L28 -> 0 | P28: MVH-7250P01_20230719 | Q28: 45134.751 | R28: 45134.752 | S28: =R28-Q28 -> 0.00096064815
D29: =C29-B29 -> 0 | F29: UR-43721P8 | G29: 45132.944 | H29: 45132.951 | I29: =H29-G29 -> 0.0068634259 | N29: =M29-L29 -> 0 | P29: UR-43351-01P1 | Q29: 45134.993 | R29: 45134.998 | S29: =R29-Q29 -> 0.0041898148
D30: =C30-B30 -> 0 | F30: UR-43721P1 | G30: 45132.96 | H30: 45132.967 | I30: =H30-G30 -> 0.0075231481 | N30: =M30-L30 -> 0 | P30: UTS-0816P1 | Q30: 45135 | R30: 45135.006 | S30: =R30-Q30 -> 0.0061342593
D31: =C31-B31 -> 0 | I31: =H31-G31 -> 0 | N31: =M31-L31 -> 0 | S31: =R31-Q31 -> 0
D32: =C32-B32 -> 0 | I32: =H32-G32 -> 0 | N32: =M32-L32 -> 0 | S32: =R32-Q32 -> 0
D33: =C33-B33 -> 0 | I33: =H33-G33 -> 0 | N33: =M33-L33 -> 0 | S33: =R33-Q33 -> 0
D34: =C34-B34 -> 0 | I34: =H34-G34 -> 0 | N34: =M34-L34 -> 0 | S34: =R34-Q34 -> 0
D35: =C35-B35 -> 0 | I35: =H35-G35 -> 0 | N35: =M35-L35 -> 0 | S35: =R35-Q35 -> 0
D36: =C36-B36 -> 0 | I36: =H36-G36 -> 0 | N36: =M36-L36 -> 0 | S36: =R36-Q36 -> 0
D37: =C37-B37 -> 0 | I37: =H37-G37 -> 0 | N37: =M37-L37 -> 0 | S37: =R37-Q37 -> 0
D38: =C38-B38 -> 0 | I38: =H38-G38 -> 0 | N38: =M38-L38 -> 0 | S38: =R38-Q38 -> 0
D39: =C39-B39 -> 0 | I39: =H39-G39 -> 0 | N39: =M39-L39 -> 0 | S39: =R39-Q39 -> 0
D40: =C40-B40 -> 0 | I40: =H40-G40 -> 0 | N40: =M40-L40 -> 0 | S40: =R40-Q40 -> 0
D41: =C41-B41 -> 0 | I41: =H41-G41 -> 0 | N41: =M41-L41 -> 0 | S41: =R41-Q41 -> 0
D42: =C42-B42 -> 0 | I42: =H42-G42 -> 0 | N42: =M42-L42 -> 0 | S42: =R42-Q42 -> 0
D43: =C43-B43 -> 0 | I43: =H43-G43 -> 0 | N43: =M43-L43 -> 0 | S43: =R43-Q43 -> 0
K1032: UR-0559-03P8 | L1032: 45111.42 | M1032: 45111.42
K1033: UR-0559-03P8 | L1033: 45111.42 | M1033: 45111.42 | P1033: URS-0505P2 | Q1033: 45111.42 | R1033: 45111.42
K1034: UR-0559-03P8 | L1034: 45111.42 | M1034: 45111.42 | P1034: URS-0505P2 | Q1034: 45111.42 | R1034: 45111.42
K1035: UR-0559-03P8 | L1035: 45111.42 | M1035: 45111.42 | P1035: URS-0505P2 | Q1035: 45111.42 | R1035: 45111.42
K1036: UR-0559-03P8 | L1036: 45111.42 | M1036: 45111.42 | P1036: URS-0505P2 | Q1036: 45111.42 | R1036: 45111.42
K1037: UR-0559-03P8 | L1037: 45111.42 | M1037: 45111.42 | P1037: URS-0505P2 | Q1037: 45111.42 | R1037: 45111.42
K1038: UR-0559-03P8 | L1038: 45111.419 | M1038: 45111.419 | P1038: URS-4045P1 | Q1038: 45111.42 | R1038: 45111.42
K1039: UR-0559-03P8 | L1039: 45111.419 | M1039: 45111.419 | P1039: URS-4045P1 | Q1039: 45111.419 | R1039: 45111.419
K1040: UR-0559-03P8 | L1040: 45111.419 | M1040: 45111.419 | P1040: URS-4045P1 | Q1040: 45111.419 | R1040: 45111.419
K1041: UR-0559-03P8 | L1041: 45111.419 | M1041: 45111.419 | P1041: URS-4045P1 | Q1041: 45111.419 | R1041: 45111.419
K1042: URS-0437P1 | L1042: 45111.419 | M1042: 45111.419 | P1042: URS-4045P1 | Q1042: 45111.419 | R1042: 45111.419
K1043: URS-0437P1 | L1043: 45111.605 | M1043: 45111.605 | P1043: URS-4045P1 | Q1043: 45111.419 | R1043: 45111.419
K1044: URS-0437P1 | L1044: 45111.604 | M1044: 45111.604 | P1044: URS-4045P1 | Q1044: 45111.605 | R1044: 45111.605
... K1054: URS-0437P1 | L1054: 45111.603 | M1054: 45111.603 | P1054: URS-4045P6 | Q1054: 45111.603 | R1054: 45111.603
F1055: UR-43721P1 | G1055: 45111.42 | H1055: 45111.42 | K1055: URS-0437P1 | L1055: 45111.603 | M1055: 45111.603 | P1055: URS-4045P6 | Q1055: 45111.603 | R1055: 45111.603
F1056: UR-43721P1 | G1056: 45111.42 | H1056: 45111.42 | K1056: URS-0437P1 | L1056: 45111.603 | M1056: 45111.603 | P1056: URS-4045P6 | Q1056: 45111.603 | R1056: 45111.603
A1057: URS-0483P4 | B1057: 45111.42 | C1057: 45111.42 | F1057: UR-43721P1 | G1057: 45111.42 | H1057: 45111.42 | K1057: URS-0437P1 | L1057: 45111.602 | M1057: 45111.603 | P1057: URS-4045P6 | Q1057: 45111.603 | R1057: 45111.603
A1058: URS-0483P4 | B1058: 45111.42 | C1058: 45111.42 | F1058: UR-43721P1 | G1058: 45111.42 | H1058: 45111.42 | K1058: URS-0437P1 | L1058: 45111.575 | M1058: 45111.575 | P1058: URS-4045P6 | Q1058: 45111.602 | R1058: 45111.603
A1059: URS-0483P4 | B1059: 45111.42 | C1059: 45111.42 | F1059: UR-43721P1 | G1059: 45111.42 | H1059: 45111.42 | K1059: URS-0437P1 | L1059: 45111.575 | M1059: 45111.575 | P1059: URS-4045P6 | Q1059: 45111.575 | R1059: 45111.575
A1060: URS-0483P4 | B1060: 45111.42 | C1060: 45111.42 | F1060: UR-43721P1 | G1060: 45111.42 | H1060: 45111.42 | K1060: URS-0437P1 | L1060: 45111.575 | M1060: 45111.575 | P1060: URS-4045P6 | Q1060: 45111.575 | R1060: 45111.575
A1061: URS-0483P4 | B1061: 45111.42 | C1061: 45111.42 | F1061: UR-43721P1 | G1061: 45111.419 | H1061: 45111.419 | K1061: URS-0437P1 | L1061: 45111.575 | M1061: 45111.575 | P1061: URS-4045P6 | Q1061: 45111.575 | R1061: 45111.575
A1062: URS-0483P4 | B1062: 45111.42 | C1062: 45111.42 | F1062: UR-43721P1 | G1062: 45111.419 | H1062: 45111.419 | K1062: URS-0437P1 | L1062: 45111.575 | M1062: 45111.575 | P1062: URS-4215P1 | Q1062: 45111.575 | R1062: 45111.575
A1063: URS-0483P4 | B1063: 45111.419 | C1063: 45111.419 | F1063: UR-43721P1 | G1063: 45111.419 | H1063: 45111.419 | K1063: URS-0437P1 | L1063: 45111.575 | M1063: 45111.575 | P1063: URS-4215P1 | Q1063: 45111.575 | R1063: 45111.575
A1064: URS-0483P4 | B1064: 45111.419 | C1064: 45111.419 | F1064: UR-43721P1 | G1064: 45111.419 | H1064: 45111.419 | K1064: URS-0437P1 | L1064: 45111.574 | M1064: 45111.574 | P1064: URS-4215P1 | Q1064: 45111.575 | R1064: 45111.575
A1065: URS-0483P4 | B1065: 45111.419 | C1065: 45111.419 | F1065: UR-43721P1 | G1065: 45111.419 | H1065: 45111.419 | K1065: URS-0437P1 | L1065: 45111.574 | M1065: 45111.574 | P1065: URS-4215P1 | Q1065: 45111.574 | R1065: 45111.574
A1066: URS-0483P4 | B1066: 45111.419 | C1066: 45111.419 | F1066: UR-43721P1 | G1066: 45111.605 | H1066: 45111.605 | K1066: URS-0437P1 | L1066: 45111.574 | M1066: 45111.574 | P1066: URS-4215P1 | Q1066: 45111.574 | R1066: 45111.574
A1067: URS-0483P4 | B1067: 45111.419 | C1067: 45111.419 | F1067: UR-43721P1 | G1067: 45111.604 | H1067: 45111.604 | K1067: URS-0437P1 | L1067: 45111.574 | M1067: 45111.574 | P1067: URS-4215P1 | Q1067: 45111.574 | R1067: 45111.574
A1068: URS-0483P4 | B1068: 45111.605 | C1068: 45111.605 | F1068: UR-43721P1 | G1068: 45111.604 | H1068: 45111.604 | K1068: URS-0437P1 | L1068: 45111.574 | M1068: 45111.574 | P1068: URS-4215P1 | Q1068: 45111.574 | R1068: 45111.574
... A1220: URS-4273P4 | B1220: 45111.974 | C1220: 45111.974 | F1220: URS-0437P1 | G1220: 45111.957 | H1220: 45111.957 | K1220: URS-0437P2 | L1220: 45111.952 | M1220: 45111.952 | P1220: UTS-0816P1 | Q1220: 45111.952 | R1220: 45111.952
A1221: URS-4273P4 | B1221: 45111.974 | C1221: 45111.974 | F1221: URS-0437P1 | G1221: 45111.957 | H1221: 45111.957 | K1221: URS-0437P2 | P1221: UTS-0816P1 | Q1221: 45111.952 | R1221: 45111.952
A1222: URS-4273P4 | B1222: 45111.957 | C1222: 45111.957 | F1222: URS-0437P1 | G1222: 45111.957 | H1222: 45111.957 | K1222: URS-0437P2 | P1222: UTS-0816P1
A1223: URS-4273P4 | B1223: 45111.957 | C1223: 45111.957 | F1223: URS-0437P1 | G1223: 45111.957 | H1223: 45111.957 | K1223: URS-0437P2 | P1223: UTS-0816P1
A1224: URS-4273P4 | B1224: 45111.957 | C1224: 45111.957 | F1224: URS-0437P1 | G1224: 45111.956 | H1224: 45111.957 | K1224: URS-0437P2 | P1224: UTS-0816P1
A1225: URS-4273P4 | B1225: 45111.957 | C1225: 45111.957 | F1225: URS-0437P1 | G1225: 45111.956 | H1225: 45111.956 | K1225: URS-0437P2 | P1225: UTS-0816P1
A1226: URS-4273P4 | B1226: 45111.956 | C1226: 45111.957 | F1226: URS-0437P1 | G1226: 45111.956 | H1226: 45111.956 | K1226: URS-0437P2 | P1226: UTS-0816P1
A1227: URS-4273P4 | B1227: 45111.956 | C1227: 45111.956 | F1227: URS-0437P1 | G1227: 45111.956 | H1227: 45111.956 | K1227: URS-0437P2 | P1227: UTS-0816P1
A1228: URS-4273P4 | B1228: 45111.956 | C1228: 45111.956 | F1228: URS-0437P1 | G1228: 45111.955 | H1228: 45111.955 | K1228: URS-0437P2 | P1228: UTS-0816P1
A1229: URS-4343P4 | B1229: 45111.956 | C1229: 45111.956 | F1229: URS-0437P1 | G1229: 45111.955 | H1229: 45111.955 | K1229: URS-0437P2 | P1229: UTS-0816P1
A1230: URS-4343P4 | B1230: 45111.955 | C1230: 45111.955 | F1230: URS-0437P1 | G1230: 45111.955 | H1230: 45111.955 | K1230: URS-0437P2 | P1230: UTS-0816P4
A1231: URS-4343P4 | B1231: 45111.955 | C1231: 45111.955 | F1231: URS-0437P1 | G1231: 45111.954 | H1231: 45111.955 | K1231: URS-0437P2 | P1231: UTS-0816P4
A1232: URS-4343P4 | B1232: 45111.955 | C1232: 45111.955 | F1232: URS-0437P1 | G1232: 45111.954 | H1232: 45111.954 | K1232: URS-0437P2 | P1232: UTS-0816P4
A1233: URS-4343P4 | B1233: 45111.954 | C1233: 45111.955 | F1233: URS-0437P1 | G1233: 45111.954 | H1233: 45111.954 | K1233: URS-0437P2 | P1233: UTS-0816P4
... A1243: UT-1006P1 | B1243: 45111.952 | C1243: 45111.953 | F1243: URS-0437P1 | G1243: 45111.952 | H1243: 45111.952 | K1243: URS-0483P4 | P1243: UTS-0816P4
A1244: UT-1006P1 | B1244: 45111.952 | C1244: 45111.952 | F1244: URS-0437P1 | K1244: URS-0483P4 | P1244: UTS-0816P4
A1245: UT-1006P1 | B1245: 45111.952 | C1245: 45111.952 | F1245: URS-0437P1 | K1245: URS-0483P4 | P1245: UTS-0816P4
A1246: UT-1006P1 | F1246: URS-0437P1 | K1246: URS-0483P4 | P1246: UTS-0816P4
A1247: UT-1006P1 | F1247: URS-0437P1 | K1247: URS-0483P4 | P1247: UTS-0816P4
A1248: UT-1006P1 | F1248: URS-0437P1 | K1248: URS-0483P4 | P1248: UTS-0816P4
A1249: UT-1006P1 | F1249: URS-0437P1 | K1249: URS-0483P4 | P1249: UTS-0816P4
A1250: UT-1006P1 | F1250: URS-0437P1 | K1250: URS-0483P4 | P1250: UTS-0816P4
A1251: UT-1006P1 | F1251: URS-0437P1 | K1251: URS-0483P4 | P1251: UTS-0816P4
A1252: UT-1006P1 | F1252: URS-0437P1 | K1252: URS-0483P4 | P1252: UTS-0816P4
A1253: UT-2508P6_20230620 | F1253: URS-0437P1 | K1253: URS-0483P4 | P1253: UTS-0816P4
A1254: UT-2508P6_20230620 | F1254: URS-0437P1 | K1254: URS-0483P4 | P1254: UTS-0816P4
A1255: UT-2508P6_20230620 | F1255: URS-0437P1 | K1255: URS-0483P4 | P1255: UTS-0816P4
A1256: UT-2508P6_20230620 | F1256: URS-0437P1 | K1256: URS-0483P4 | P1256: UTS-0816P4
A1257: UT-2508P6_20230620 | F1257: URS-0437P1 | K1257: URS-0483P4 | P1257: UTS-0816P4
... A1278: UT-2537P8_20221102 | F1278: URS-0437P1 | K1278: URS-0483P4 | P1278: UTS-0879P2
F1279: URS-0437P1 | K1279: URS-0483P4 | P1279: UTS-0879P2
F1280: URS-0437P1 | K1280: URS-0483P4 | P1280: UTS-0879P2
F1281: URS-0437P2 | K1281: URS-0483P4 | P1281: UTS-0879P2
F1282: URS-0437P2 | K1282: URS-0483P4 | P1282: UTS-0879P2
F1283: URS-0437P2 | K1283: URS-0483P4
F1284: URS-0437P2 | K1284: URS-0483P4
F1285: URS-0437P2 | K1285: URS-0483P4
...

Sheet 稼働率
D3: 0.29166667 | H3: ＊稼働時間を１４時間で計算
D4: 0.58333333 | H4: 月曜 | I4: 火曜 | J4: 水曜 | K4: 木曜 | L4: 金曜
H5: ３日 | I5: ４日 | J5: ５日 | K5: ６日 | L5: ７日
E6: １号機 | F6: １勤 | G6: 時間 | H6: ='205'!D2 -> 0.16349537 | I6: ='205'!I2 -> 0.092002315 | J6: ='205'!N2 -> 0.14037037 | K6: ='205'!S2 -> 0.14037037 | L6: ='205'!X2 -> 0.18686343
G7: 稼働率 | H7: =H6/$D$3 -> 0.56055556 | I7: =I6/$D$3 -> 0.31543651 | J7: =J6/$D$3 -> 0.48126984 | K7: =K6/$D$3 -> 0.48126984 | L7: =L6/$D$3 -> 0.6406746
F8: ２勤 | G8: 時間 | H8: ='205'!D25 -> 0.034965278 | I8: ='205'!I25 -> 0.078101852 | J8: ='205'!N25 -> 0.064826389 | K8: ='205'!S25 -> 0.064826389 | L8: ='205'!X25 -> 0.17181713
G9: 稼働率 | H9: =H8/$D$3 -> 0.11988095 | I9: =I8/$D$3 -> 0.26777778 | J9: =J8/$D$3 -> 0.2222619 | K9: =K8/$D$3 -> 0.2222619 | L9: =L8/$D$3 -> 0.5890873
F10: TOTAL | G10: 時間 | H10: =H6+H8 -> 0.19846065 | I10: =I6+I8 -> 0.17010417 | J10: =J6+J8 -> 0.20519676 | K10: =K6+K8 -> 0.20519676 | L10: =L6+L8 -> 0.35868056
G11: 稼働率 | H11: =H10/$D$4 -> 0.34021825 | I11: =I10/$D$4 -> 0.29160714 | J11: =J10/$D$4 -> 0.35176587 | K11: =K10/$D$4 -> 0.35176587 | L11: =L10/$D$4 -> 0.61488095
E12: ２号機 | F12: １勤 | G12: 時間 | H12: ='151'!D2 -> 0.059502315 | I12: ='151'!I2 -> 0.15425926 | J12: ='151'!N2 -> 0.077719907 | K12: ='151'!S2 -> 0.13954861 | L12: ='151'!X2 -> 0.046087963
G13: 稼働率 | H13: =H12/$D$3 -> 0.20400794 | I13: =I12/$D$3 -> 0.52888889 | J13: =J12/$D$3 -> 0.26646825 | K13: =K12/$D$3 -> 0.47845238 | L13: =L12/$D$3 -> 0.15801587
F14: ２勤 | G14: 時間 | H14: ='151'!D25 -> 0.09787037 | I14: ='151'!I25 -> 0.014907407 | J14: ='151'!N25 -> 0.035092593 | K14: ='151'!S25 -> 0.016944444 | L14: ='151'!X25 -> 0.14811343
G15: 稼働率 | H15: =H14/$D$3 -> 0.33555556 | I15: =I14/$D$3 -> 0.051111111 | J15: =J14/$D$3 -> 0.12031746 | K15: =K14/$D$3 -> 0.058095238 | L15: =L14/$D$3 -> 0.50781746
F16: TOTAL | G16: 時間 | H16: =H12+H14 -> 0.15737269 | I16: =I12+I14 -> 0.16916667 | J16: =J12+J14 -> 0.1128125 | K16: =K12+K14 -> 0.15649306 | L16: =L12+L14 -> 0.19420139
G17: 稼働率 | H17: =H16/$D$4 -> 0.26978175 | I17: =I16/$D$4 -> 0.29 | J17: =J16/$D$4 -> 0.19339286 | K17: =K16/$D$4 -> 0.26827381 | L17: =L16/$D$4 -> 0.33291667
E18: ３号機 | F18: １勤 | G18: 時間 | H18: 0 | I18: 0 | J18: 0 | K18: 0 | L18: 0
G19: 稼働率 | H19: =H18/$D$3 -> 0 | I19: =I18/$D$3 -> 0 | J19: =J18/$D$3 -> 0 | K19: =K18/$D$3 -> 0 | L19: =L18/$D$3 -> 0
F20: ２勤 | G20: 時間 | H20: 0 | I20: 0 | J20: 0 | K20: 0 | L20: 0
G21: 稼働率 | H21: =H20/$D$3 -> 0 | I21: =I20/$D$3 -> 0 | J21: =J20/$D$3 -> 0 | K21: =K20/$D$3 -> 0 | L21: =L20/$D$3 -> 0
F22: TOTAL | G22: 時間 | H22: =H18+H20 -> 0 | I22: =I18+I20 -> 0 | J22: =J18+J20 -> 0 | K22: =K18+K20 -> 0 | L22: =L18+L20 -> 0
G23: 稼働率 | H23: =H22/$D$4 -> 0 | I23: =I22/$D$4 -> 0 | J23: =J22/$D$4 -> 0 | K23: =K22/$D$4 -> 0 | L23: =L22/$D$4 -> 0
H24: １０日 | I24: １１日 | J24: １２日 | K24: １３日 | L24: １４日
E25: １号機 | F25: １勤 | G25: 時間 | H25: ='205'!AD2 -> 0.10143519 | I25: ='205'!AI2 -> 0.044143519 | J25: ='205'!AN2 -> 0.07880787 | K25: ='205'!AS2 -> 0.059872685 | L25: ='205'!AX2 -> 0.06462963
G26: 稼働率 | H26: =H25/$D$3 -> 0.34777778 | I26: =I25/$D$3 -> 0.15134921 | J26: =J25/$D$3 -> 0.27019841 | K26: =K25/$D$3 -> 0.20527778 | L26: =L25/$D$3 -> 0.2215873
F27: ２勤 | G27: 時間 | H27: ='205'!AD25 -> 0.1446412 | I27: ='205'!AI25 -> 0.10953704 | J27: ='205'!AN25 -> 0.091770833 | K27: ='205'!AS25 -> 0.15799769 | L27: ='205'!AX25 -> 0.071666667
G28: 稼働率 | H28: =H27/$D$3 -> 0.4959127 | I28: =I27/$D$3 -> 0.37555556 | J28: =J27/$D$3 -> 0.31464286 | K28: =K27/$D$3 -> 0.54170635 | L28: =L27/$D$3 -> 0.24571429
F29: TOTAL | G29: 時間 | H29: =H25+H27 -> 0.24607639 | I29: =I25+I27 -> 0.15368056 | J29: =J25+J27 -> 0.1705787 | K29: =K25+K27 -> 0.21787037 | L29: =L25+L27 -> 0.1362963
G30: 稼働率 | H30: =H29/$D$4 -> 0.42184524 | I30: =I29/$D$4 -> 0.26345238 | J30: =J29/$D$4 -> 0.29242063 | K30: =K29/$D$4 -> 0.37349206 | L30: =L29/$D$4 -> 0.23365079
E31: ２号機 | F31: １勤 | G31: 時間 | H31: ='151'!AD2 -> 0.1191088 | I31: ='151'!AI2 -> 0.14050926 | J31: ='151'!AN2 -> 0.085520833 | K31: ='151'!AS2 -> 0.060381944 | L31: ='151'!AX2 -> 0.11644676
G32: 稼働率 | H32: =H31/$D$3 -> 0.40837302 | I32: =I31/$D$3 -> 0.48174603 | J32: =J31/$D$3 -> 0.29321429 | K32: =K31/$D$3 -> 0.20702381 | L32: =L31/$D$3 -> 0.39924603
