Workbook

Sheet 倉庫
A1: シリアル | B1: 品番 | C1: 入庫数 | D1: 在庫数 | E1: ステータス | F1: 保管場所 | G1: 倉庫ロケーション
A2: 154468A100006 | B2: 154468A | C2: 5000 | D2: 1246 | E2: 生産終了 | F2: ハズシ(L2) | G2: 01-01-01-01
A3: 154468A100007 | B3: 154468A | C3: 5000 | D3: 3793 | E3: 貯蔵 | F3: 棚 | G3: 01-01-01-01
A4: 154468A100008 | B4: 154468A | C4: 5000 | D4: 5000 | E4: 出庫 | F4: 2ライン倉庫 | G4: 01-01-01-01
A5: 154468A100009 | B5: 154468A | C5: 5000 | D5: 4940 | E5: 貯蔵 | F5: 棚 | G5: 01-01-01-01
A6: 154468A100010 | B6: 154468A | C6: 5000 | D6: 5000 | E6: 貯蔵 | F6: 棚 | G6: 01-01-01-01
A7: 154468A100011 | B7: 154468A | C7: 5000 | D7: 5000 | E7: 貯蔵 | F7: 棚 | G7: 01-01-01-01
A8: 158704B100174 | B8: 158704B | C8: 2000 | D8: 3 | E8: 生産終了 | F8: 0確認(L1) | G8: 01-01-01-02
A9: 158704B100183 | B9: 158704B | C9: 2000 | D9: 1413 | E9: 貯蔵 | F9: 棚 | G9: 01-01-01-02
A10: 158704B100188 | B10: 158704B | C10: 2000 | D10: 2000 | E10: 貯蔵 | F10: 棚 | G10: 01-01-01-02
A11: 158704B100192 | B11: 158704B | C11: 2000 | D11: 2000 | E11: 貯蔵 | F11: 棚 | G11: 01-01-01-02
A12: 158704B100199 | B12: 158704B | C12: 2000 | D12: 2000 | E12: 貯蔵 | F12: 棚 | G12: 01-01-01-02
A13: 158731B100202 | B13: 158731B | C13: 2000 | D13: 102 | E13: 貯蔵 | F13: 棚 | G13: 01-01-01-03
... A55: 159552C100019 | B55: 159552C | C55: 5000 | D55: 3169 | E55: 貯蔵 | F55: 棚 | G55: 01-01-02-09
A56: 159695 100152 | B56: 159695 | C56: 500 | D56: 414 | E56: 貯蔵 | F56: 棚 | G56: 01-01-03-02
A57: 159695 100158 | B57: 159695 | C57: 500 | D57: 500 | E57: 貯蔵 | F57: 棚 | G57: 01-01-03-02
A58: 159695 100160 | B58: 159695 | C58: 500 | D58: 500 | E58: 貯蔵 | F58: 棚 | G58: 01-01-03-02
A59: 159695 100162 | B59: 159695 | C59: 500 | D59: 500 | E59: 貯蔵 | F59: 棚 | G59: 01-01-03-02
A60: 159695 100164 | B60: 159695 | C60: 500 | D60: 500 | E60: 貯蔵 | F60: 棚 | G60: 01-01-03-02
A61: 159695 100165 | B61: 159695 | C61: 500 | D61: 500 | E61: 貯蔵 | F61: 棚 | G61: 01-01-03-02
A62: 159695 100167 | B62: 159695 | C62: 500 | D62: 500 | E62: 貯蔵 | F62: 棚 | G62: 01-01-03-02
A63: 159695 100172 | B63: 159695 | C63: 500 | D63: 500 | E63: 貯蔵 | F63: 棚 | G63: 01-01-03-02
A64: 159695 100174 | B64: 159695 | C64: 500 | D64: 500 | E64: 貯蔵 | F64: 棚 | G64: 01-01-03-02
A65: 159695 100175 | B65: 159695 | C65: 500 | D65: 500 | E65: 貯蔵 | F65: 棚 | G65: 01-01-03-02
A66: 159695 100176 | B66: 159695 | C66: 500 | D66: 500 | E66: 貯蔵 | F66: 棚 | G66: 01-01-03-02
A67: 159695 100179 | B67: 159695 | C67: 500 | D67: 500 | E67: 貯蔵 | F67: 棚 | G67: 01-01-03-02
A68: 160078A100047 | B68: 160078A | C68: 2500 | D68: 106 | E68: 貯蔵 | F68: 棚 | G68: 08-32-01-01
A69: 160078A100055 | B69: 160078A | C69: 2500 | D69: 17 | E69: 貯蔵 | F69: 棚 | G69: 08-32-01-01
A70: 160096C100626 | B70: 160096C | C70: 3000 | D70: 4 | E70: 生産終了 | F70: 0確認(L1) | G70: 03-42-01-01
A71: 160096C100627 | B71: 160096C | C71: 3000 | D71: 803 | E71: 生産終了 | F71: ハズシ(L3) | G71: 03-42-01-01
A72: 160096C100628 | B72: 160096C | C72: 3000 | D72: 1542 | E72: 貯蔵 | F72: 棚 | G72: 03-42-01-01
A73: 160096C100631 | B73: 160096C | C73: 3000 | D73: 2506 | E73: 生産中 | F73: 設備(L1) | G73: 03-42-01-01
A74: 160096C100632 | B74: 160096C | C74: 3000 | D74: 3000 | E74: 出庫 | F74: 3ライン倉庫 | G74: 03-42-01-01
A75: 160096C100633 | B75: 160096C | C75: 3000 | D75: 3000 | E75: 出庫 | F75: 3ライン倉庫 | G75: 03-42-01-01
A76: 160096C100638 | B76: 160096C | C76: 3000 | D76: 3000 | E76: 貯蔵 | F76: 棚 | G76: 03-42-01-01
A77: 160096C100639 | B77: 160096C | C77: 3000 | D77: 3000 | E77: 貯蔵 | F77: 棚 | G77: 03-42-01-01
A78: 160096C100640 | B78: 160096C | C78: 3000 | D78: 3000 | E78: 貯蔵 | F78: 棚 | G78: 03-42-01-01
A79: 160096C100642 | B79: 160096C | C79: 3000 | D79: 3000 | E79: 貯蔵 | F79: 棚 | G79: 03-42-01-01
... A125: 190954A100175 | B125: 190954A | C125: 3000 | D125: 3000 | E125: 貯蔵 | F125: 棚 | G125: 03-01-01-02
A126: 191017 000014 | B126: 191017 | C126: 181 | D126: 64 | E126: 貯蔵 | F126: 棚 | G126: 20-01-01-01
A127: 191017 100001 | B127: 191017 | C127: 24 | D127: 12 | E127: 貯蔵 | F127: 棚 | G127: 20-01-01-01
A128: 191017 100002 | B128: 191017 | C128: 18 | D128: 18 | E128: 貯蔵 | F128: 棚 | G128: 20-01-01-01
A129: 193202B100503 | B129: 193202B | C129: 3000 | D129: 2280 | E129: 貯蔵 | F129: 棚 | G129: 03-01-01-03
A130: 193202B100521 | B130: 193202B | C130: 3000 | D130: 687 | E130: 出庫 | F130: 1ライン倉庫 | G130: 03-01-01-03
A131: 193202B100522 | B131: 193202B | C131: 3000 | D131: 2867 | E131: 貯蔵 | F131: 棚 | G131: 03-01-01-03
A132: 193202B100523 | B132: 193202B | C132: 3000 | D132: 3000 | E132: 貯蔵 | F132: 棚 | G132: 03-01-01-03
A133: 193202B100524 | B133: 193202B | C133: 3000 | D133: 3000 | E133: 貯蔵 | F133: 棚 | G133: 03-01-01-03
A134: 193202B100525 | B134: 193202B | C134: 3000 | D134: 3000 | E134: 貯蔵 | F134: 棚 | G134: 03-01-01-03
A135: 193202B100535 | B135: 193202B | C135: 3000 | D135: 3000 | E135: 貯蔵 | F135: 棚 | G135: 03-01-01-03
A136: 193202B100536 | B136: 193202B | C136: 3000 | D136: 3000 | E136: 貯蔵 | F136: 棚 | G136: 03-01-01-03
A137: 193202B100537 | B137: 193202B | C137: 3000 | D137: 3000 | E137: 貯蔵 | F137: 棚 | G137: 03-01-01-03
A138: 193202B100538 | B138: 193202B | C138: 3000 | D138: 3000 | E138: 貯蔵 | F138: 棚 | G138: 03-01-01-03
A139: 193202B100699 | B139: 193202B | C139: 3000 | D139: 3000 | E139: 受入 | F139: 1Fラベル発行 | G139: 03-01-01-03
A140: 193202B100700 | B140: 193202B | C140: 3000 | D140: 3000 | E140: 受入 | F140: 1Fラベル発行 | G140: 03-01-01-03
... A283: 309105B100012 | B283: 309105B | C283: 5000 | D283: 4937 | E283: 貯蔵 | F283: 棚 | G283: 01-01-03-04
A284: 309328 100004 | B284: 309328 | C284: 5000 | D284: 2784 | E284: 貯蔵 | F284: 棚 | G284: 01-01-03-05
A285: 309328 100005 | B285: 309328 | C285: 2113 | D285: 1911 | E285: 貯蔵 | F285: 棚 | G285: 01-01-03-05
A286: 309417 100004 | B286: 309417 | C286: 2127 | D286: 1247 | E286: 貯蔵 | F286: 棚 | G286: 01-01-04-01
A287: 309417 100005 | B287: 309417 | C287: 5000 | D287: 4808 | E287: 貯蔵 | F287: 棚 | G287: 01-01-04-01
A288: 309587A100003 | B288: 309587A | C288: 5000 | D288: 4996 | E288: 貯蔵 | F288: 棚 | G288: 08-30-01-09
A289: 309756E100143 | B289: 309756E | C289: 2500 | D289: 156 | E289: 貯蔵 | F289: 棚 | G289: 04-01-03-01
A290: 309756E100144 | B290: 309756E | C290: 2500 | D290: 1994 | E290: 貯蔵 | F290: 棚 | G290: 04-01-03-01
A291: 309756E100148 | B291: 309756E | C291: 2500 | D291: 2500 | E291: 出庫 | F291: 2ライン倉庫 | G291: 04-01-03-01
A292: 309756E100155 | B292: 309756E | C292: 492 | D292: 492 | E292: 貯蔵 | F292: 棚 | G292: 04-01-03-01
A293: 309756E100170 | B293: 309756E | C293: 2500 | D293: 2500 | E293: 貯蔵 | F293: 棚 | G293: 04-01-03-01
A294: 309756E100171 | B294: 309756E | C294: 2500 | D294: 2500 | E294: 貯蔵 | F294: 棚 | G294: 04-01-03-01
A295: 309756E100178 | B295: 309756E | C295: 2500 | D295: 2500 | E295: 貯蔵 | F295: 棚 | G295: 04-01-03-01
A296: 309756E100183 | B296: 309756E | C296: 2500 | D296: 2500 | E296: 貯蔵 | F296: 棚 | G296: 04-01-03-01
A297: 309756E100196 | B297: 309756E | C297: 2500 | D297: 2500 | E297: 貯蔵 | F297: 棚 | G297: 04-01-03-01
A298: 309756E100207 | B298: 309756E | C298: 2500 | D298: 2500 | E298: 貯蔵 | F298: 棚 | G298: 04-01-03-01
A299: 327986A100038 | B299: 327986A | C299: 2000 | D299: 1024 | E299: 貯蔵 | F299: 棚 | G299: 01-01-04-02
... A478: 357276A100004 | B478: 357276A | C478: 1000 | D478: 831 | E478: 貯蔵 | F478: 棚 | G478: 03-01-05-02
A479: 357605 100055 | B479: 357605 | C479: 500 | D479: 496 | E479: 貯蔵 | F479: 棚 | G479: 05-01-01-01
A480: 358631A100064 | B480: 358631A | C480: 10000 | D480: 6478 | E480: 生産中 | F480: 設備(L1) | G480: 01-02-02-01
A481: 358631A100065 | B481: 358631A | C481: 10000 | D481: 10000 | E481: 貯蔵 | F481: 棚 | G481: 01-02-02-01
A482: 358631A100066 | B482: 358631A | C482: 10000 | D482: 10000 | E482: 貯蔵 | F482: 棚 | G482: 01-02-02-01
A483: 358631A100067 | B483: 358631A | C483: 10000 | D483: 10000 | E483: 貯蔵 | F483: 棚 | G483: 01-02-02-01
A484: 358631A100068 | B484: 358631A | C484: 10000 | D484: 10000 | E484: 貯蔵 | F484: 棚 | G484: 01-02-02-01
A485: 358631A100069 | B485: 358631A | C485: 10000 | D485: 10000 | E485: 貯蔵 | F485: 棚 | G485: 01-02-02-01
A486: 358631A100070 | B486: 358631A | C486: 10000 | D486: 10000 | E486: 貯蔵 | F486: 棚 | G486: 01-02-02-01
A487: 358631A100071 | B487: 358631A | C487: 10000 | D487: 10000 | E487: 貯蔵 | F487: 棚 | G487: 01-02-02-01
A488: 358631A100072 | B488: 358631A | C488: 10000 | D488: 10000 | E488: 貯蔵 | F488: 棚 | G488: 01-02-02-01
A489: 358631A100073 | B489: 358631A | C489: 10000 | D489: 10000 | E489: 貯蔵 | F489: 棚 | G489: 01-02-02-01
A490: 358631A100074 | B490: 358631A | C490: 10000 | D490: 10000 | E490: 貯蔵 | F490: 棚 | G490: 01-02-02-01
A491: 358631A100075 | B491: 358631A | C491: 10000 | D491: 10000 | E491: 貯蔵 | F491: 棚 | G491: 01-02-02-01
... A685: 381828A100013 | B685: 381828A | C685: 200 | D685: 197 | E685: 貯蔵 | F685: 棚 | G685: 16-02-01-06
A686: 384834 100021 | B686: 384834 | C686: 500 | D686: 155 | E686: 貯蔵 | F686: 棚 | G686: 16-01-01-25
A687: 384888A100020 | B687: 384888A | C687: 3000 | D687: 2705 | E687: 貯蔵 | F687: 棚 | G687: 03-02-01-01
A688: 385441A100013 | B688: 385441A | C688: 500 | D688: 79 | E688: 貯蔵 | F688: 棚 | G688: 01-02-04-03
A689: 385441A100014 | B689: 385441A | C689: 500 | D689: 340 | E689: 貯蔵 | F689: 棚 | G689: 01-02-04-03
A690: 385441A100015 | B690: 385441A | C690: 500 | D690: 500 | E690: 貯蔵 | F690: 棚 | G690: 01-02-04-03
A691: 386832A100002 | B691: 386832A | C691: 500 | D691: 245 | E691: 貯蔵 | F691: 棚 | G691: 01-02-04-04
A692: 386859A100014 | B692: 386859A | C692: 500 | D692: 185 | E692: 貯蔵 | F692: 棚 | G692: 01-02-04-05
A693: 386859A100017 | B693: 386859A | C693: 500 | D693: 500 | E693: 貯蔵 | F693: 棚 | G693: 01-02-04-05
A694: 388429F100009 | B694: 388429F | C694: 4000 | D694: 2800 | E694: 貯蔵 | F694: 棚 | G694: 01-02-05-01
A695: 388429F100010 | B695: 388429F | C695: 4000 | D695: 3759 | E695: 貯蔵 | F695: 棚 | G695: 01-02-05-01
A696: 388429F100011 | B696: 388429F | C696: 4000 | D696: 4000 | E696: 貯蔵 | F696: 棚 | G696: 01-02-05-01
A697: 388429F100012 | B697: 388429F | C697: 4000 | D697: 4000 | E697: 貯蔵 | F697: 棚 | G697: 01-02-05-01
A698: 388429F100013 | B698: 388429F | C698: 4000 | D698: 4000 | E698: 貯蔵 | F698: 棚 | G698: 01-02-05-01
... A888: 485583A100047 | B888: 485583A | C888: 780 | D888: 771 | E888: 貯蔵 | F888: 棚 | G888: 01-03-02-04
...

Sheet 倉庫piv
A1: 保管場所 | B1: 棚 | D1: 保管場所 | E1: 1ライン倉庫 | F1: ←現場倉庫 | G1: 保管場所 | H1: 設備(L1) | I1: ←設備 | J1: 保管場所 | K1: ハズシ(L1) | L1: ←はずし
A3: 行ラベル | B3: 個数 / シリアル | D3: 行ラベル | E3: 個数 / シリアル | G3: 行ラベル | H3: 個数 / シリアル | J3: 行ラベル | K3: 個数 / シリアル | M3: 行ラベル | N3: 個数 / シリアル
A4: 159695 | B4: 12 | D4: 582228 | E4: 1 | G4: 608843 | H4: 1 | J4: 703482 | K4: 1 | M4: 159695 | N4: 12
A5: 191017 | B5: 3 | D5: 606489 | E5: 1 | G5: 621552 | H5: 1 | J5: 738293 | K5: 1 | M5: 棚 | N5: 12
A6: 309328 | B6: 2 | D6: 620598 | E6: 1 | G6: 632594 | H6: 1 | J6: 9000033474 | K6: 1 | M6: 191017 | N6: 3
A7: 309417 | B7: 2 | D7: 620606 | E7: 1 | G7: 649255 | H7: 1 | J7: 9000040011 | K7: 1 | M7: 棚 | N7: 3
A8: 357605 | B8: 1 | D8: 620624 | E8: 1 | G8: 650422 | H8: 1 | J8: 9000059415 | K8: 1 | M8: 309328 | N8: 2
A9: 384834 | B9: 1 | D9: 621552 | E9: 1 | G9: 654597 | H9: 1 | J9: 9000066849 | K9: 1 | M9: 棚 | N9: 2
A10: 485663 | B10: 2 | D10: 632023 | E10: 1 | G10: 654659 | H10: 1 | J10: 9000068520 | K10: 1 | M10: 309417 | N10: 2
A11: 512991 | B11: 14 | D11: 632718 | E11: 1 | G11: 659298 | H11: 1 | J11: 558986A | K11: 1 | M11: 棚 | N11: 2
A12: 513517 | B12: 19 | D12: 639132 | E12: 1 | G12: 661339 | H12: 1 | J12: 654819A | K12: 1 | M12: 357605 | N12: 1
A13: 514311 | B13: 2 | D13: 641263 | E13: 1 | G13: 661366 | H13: 1 | J13: 665255B | K13: 1 | M13: 棚 | N13: 1
A14: 517415 | B14: 1 | D14: 644955 | E14: 1 | G14: 661375 | H14: 1 | J14: 902285B | K14: 1 | M14: 384834 | N14: 1
A15: 530035 | B15: 4 | D15: 654605 | E15: 1 | G15: 663275 | H15: 1 | J15: 総計 | K15: 11 | M15: 棚 | N15: 1
A16: 534806 | B16: 6 | D16: 654614 | E16: 1 | G16: 666192 | H16: 1 | M16: 485663 | N16: 2
A17: 536172 | B17: 3 | D17: 654632 | E17: 1 | G17: 666789 | H17: 1 | M17: 棚 | N17: 2
A18: 542735 | B18: 4 | D18: 654641 | E18: 1 | G18: 667636 | H18: 1 | M18: 512991 | N18: 14
A19: 546143 | B19: 2 | D19: 654659 | E19: 2 | G19: 667645 | H19: 1 | M19: 棚 | N19: 14
A20: 548132 | B20: 2 | D20: 659298 | E20: 1 | G20: 667654 | H20: 1 | M20: 513517 | N20: 22
A21: 553982 | B21: 1 | D21: 659476 | E21: 1 | G21: 667707 | H21: 1 | M21: 0確認(L2) | N21: 1
A22: 554081 | B22: 1 | D22: 659681 | E22: 1 | G22: 667761 | H22: 1 | M22: ハズシ(L2) | N22: 2
A23: 554116 | B23: 4 | D23: 661339 | E23: 1 | G23: 668885 | H23: 1 | M23: 棚 | N23: 19
A24: 554179 | B24: 2 | D24: 662507 | E24: 1 | G24: 678615 | H24: 1 | M24: 514311 | N24: 2
A25: 554286 | B25: 1 | D25: 662525 | E25: 1 | G25: 683912 | H25: 1 | M25: 棚 | N25: 2
A26: 554295 | B26: 3 | D26: 662543 | E26: 1 | G26: 683921 | H26: 1 | M26: 517415 | N26: 1
A27: 554446 | B27: 1 | D27: 666192 | E27: 1 | G27: 683948 | H27: 1 | M27: 棚 | N27: 1
A28: 569056 | B28: 3 | D28: 666798 | E28: 1 | G28: 684368 | H28: 1 | M28: 530035 | N28: 4
A29: 578046 | B29: 4 | D29: 666824 | E29: 1 | G29: 690896 | H29: 1 | M29: 棚 | N29: 4
A30: 581354 | B30: 2 | D30: 667627 | E30: 1 | G30: 735812 | H30: 1 | M30: 534806 | N30: 10
A31: 581399 | B31: 9 | D31: 667636 | E31: 2 | G31: 738293 | H31: 1 | M31: 3ライン倉庫 | N31: 1
A32: 581568 | B32: 2 | D32: 667645 | E32: 1 | G32: 901179 | H32: 1 | M32: ハズシ(L2) | N32: 1
A33: 581693 | B33: 4 | D33: 667654 | E33: 1 | G33: 906058 | H33: 1 | M33: 設備(L2) | N33: 1
A34: 581719 | B34: 1 | D34: 667672 | E34: 1 | G34: 906459 | H34: 1 | M34: 棚 | N34: 6
A35: 581728 | B35: 5 | D35: 667681 | E35: 1 | G35: 906468 | H35: 1 | M35: 設備(L3) | N35: 1
A36: 581755 | B36: 1 | D36: 667699 | E36: 1 | G36: 906619 | H36: 1 | M36: 536172 | N36: 3
A37: 582112 | B37: 1 | D37: 667707 | E37: 1 | G37: 906664 | H37: 1 | M37: 棚 | N37: 3
A38: 582139 | B38: 18 | D38: 667725 | E38: 1 | G38: 906708 | H38: 1 | M38: 542735 | N38: 4
A39: 582148 | B39: 9 | D39: 667734 | E39: 2 | G39: 906717 | H39: 1 | M39: 棚 | N39: 4
A40: 582157 | B40: 3 | D40: 667743 | E40: 1 | G40: 906726 | H40: 1 | M40: 546143 | N40: 2
A41: 582166 | B41: 12 | D41: 667752 | E41: 2 | G41: 906789 | H41: 1 | M41: 棚 | N41: 2
A42: 582175 | B42: 2 | D42: 667761 | E42: 1 | G42: 906798 | H42: 1 | M42: 548132 | N42: 2
A43: 582228 | B43: 10 | D43: 667779 | E43: 1 | G43: 909215 | H43: 1 | M43: 棚 | N43: 2
A44: 582674 | B44: 5 | D44: 667788 | E44: 1 | G44: 910071 | H44: 1 | M44: 553982 | N44: 1
A45: 582709 | B45: 3 | D45: 667797 | E45: 1 | G45: 910098 | H45: 1 | M45: 棚 | N45: 1
A46: 587197 | B46: 1 | D46: 667805 | E46: 1 | G46: 911738 | H46: 1 | M46: 554081 | N46: 1
A47: 587535 | B47: 15 | D47: 667814 | E47: 1 | G47: 912122 | H47: 1 | M47: 棚 | N47: 1
A48: 591218 | B48: 2 | D48: 667823 | E48: 1 | G48: 913478 | H48: 1 | M48: 554116 | N48: 5
A49: 591236 | B49: 2 | D49: 667859 | E49: 1 | G49: 914922 | H49: 1 | M49: ハズシ(L2) | N49: 1
A50: 598096 | B50: 1 | D50: 667868 | E50: 1 | G50: 915119 | H50: 1 | M50: 棚 | N50: 4
A51: 598844 | B51: 1 | D51: 668323 | E51: 2 | G51: 916501 | H51: 1 | M51: 554179 | N51: 8
A52: 599504 | B52: 7 | D52: 668885 | E52: 1 | G52: 916804 | H52: 1 | M52: 0確認(L3) | N52: 2
A53: 599513 | B53: 4 | D53: 669091 | E53: 1 | G53: 918107 | H53: 1 | M53: 3ライン倉庫 | N53: 1
A54: 599594 | B54: 4 | D54: 670597 | E54: 1 | G54: 918428 | H54: 1 | M54: ハズシ(L2) | N54: 2
A55: 606168 | B55: 5 | D55: 672595 | E55: 2 | G55: 918437 | H55: 1 | M55: 棚 | N55: 2
A56: 606489 | B56: 9 | D56: 673326 | E56: 1 | G56: 918446 | H56: 1 | M56: 設備(L3) | N56: 1
A57: 606515 | B57: 1 | D57: 674147 | E57: 1 | G57: 920167 | H57: 1 | M57: 554286 | N57: 1
A58: 606524 | B58: 1 | D58: 675039 | E58: 1 | G58: 920924 | H58: 1 | M58: 棚 | N58: 1
A59: 606533 | B59: 1 | D59: 677269 | E59: 2 | G59: 920933 | H59: 1 | M59: 554295 | N59: 3
A60: 606551 | B60: 1 | D60: 677331 | E60: 1 | G60: 921799 | H60: 1 | M60: 棚 | N60: 3
A61: 606569 | B61: 2 | D61: 677349 | E61: 1 | G61: 924359 | H61: 1 | M61: 554446 | N61: 1
A62: 606578 | B62: 2 | D62: 678152 | E62: 1 | G62: 926811 | H62: 1 | M62: 棚 | N62: 1
A63: 606587 | B63: 1 | D63: 678232 | E63: 1 | G63: 929113 | H63: 1 | M63: 569056 | N63: 3
A64: 606604 | B64: 1 | D64: 678615 | E64: 1 | G64: 930459 | H64: 1 | M64: 棚 | N64: 3
A65: 606613 | B65: 3 | D65: 680194 | E65: 1 | G65: 931084 | H65: 1 | M65: 578046 | N65: 4
A66: 606631 | B66: 2 | D66: 680229 | E66: 1 | G66: 934776 | H66: 1 | M66: 棚 | N66: 4
A67: 606649 | B67: 1 | D67: 680568 | E67: 1 | G67: 937532 | H67: 1 | M67: 581354 | N67: 2
A68: 606658 | B68: 2 | D68: 680577 | E68: 1 | G68: 9000001036 | H68: 1 | M68: 棚 | N68: 2
A69: 607202 | B69: 1 | D69: 680666 | E69: 1 | G69: 9000006361 | H69: 1 | M69: 581399 | N69: 9
A70: 607345 | B70: 1 | D70: 683832 | E70: 1 | G70: 9000010329 | H70: 1 | M70: 棚 | N70: 9
A71: 607505 | B71: 2 | D71: 683841 | E71: 1 | G71: 9000024564 | H71: 1 | M71: 581568 | N71: 2
A72: 607906 | B72: 3 | D72: 683868 | E72: 1 | G72: 9000025394 | H72: 1 | M72: 棚 | N72: 2
A73: 607915 | B73: 7 | D73: 683877 | E73: 1 | G73: 9000030049 | H73: 1 | M73: 581693 | N73: 4
A74: 608014 | B74: 3 | D74: 683886 | E74: 1 | G74: 9000030824 | H74: 1 | M74: 棚 | N74: 4
A75: 608736 | B75: 2 | D75: 683895 | E75: 1 | G75: 9000031378 | H75: 1 | M75: 581719 | N75: 1
A76: 608843 | B76: 4 | D76: 683903 | E76: 1 | G76: 9000031574 | H76: 1 | M76: 棚 | N76: 1
A77: 608932 | B77: 25 | D77: 683921 | E77: 1 | G77: 9000031583 | H77: 1 | M77: 581728 | N77: 5
A78: 610466 | B78: 1 | D78: 684368 | E78: 1 | G78: 9000035552 | H78: 1 | M78: 棚 | N78: 5
A79: 611545 | B79: 2 | D79: 687454 | E79: 1 | G79: 9000036462 | H79: 1 | M79: 581755 | N79: 1
A80: 612339 | B80: 2 | D80: 690673 | E80: 1 | G80: 9000040011 | H80: 1 | M80: 棚 | N80: 1
A81: 612357 | B81: 2 | D81: 690922 | E81: 1 | G81: 9000040038 | H81: 1 | M81: 582112 | N81: 1
A82: 612678 | B82: 1 | D82: 691021 | E82: 1 | G82: 9000040528 | H82: 1 | M82: 棚 | N82: 1
A83: 612776 | B83: 5 | D83: 691529 | E83: 1 | G83: 9000045568 | H83: 1 | M83: 582139 | N83: 19
A84: 612785 | B84: 2 | D84: 691921 | E84: 1 | G84: 9000046023 | H84: 1 | M84: ハズシ(L2) | N84: 1
A85: 612865 | B85: 3 | D85: 692813 | E85: 1 | G85: 9000047771 | H85: 1 | M85: 棚 | N85: 18
A86: 614729 | B86: 1 | D86: 695035 | E86: 1 | G86: 9000051053 | H86: 1 | M86: 582148 | N86: 9
A87: 615924 | B87: 1 | D87: 724138 | E87: 1 | G87: 9000051614 | H87: 1 | M87: 棚 | N87: 9
A88: 620508 | B88: 162 | D88: 724156 | E88: 1 | G88: 9000055263 | H88: 1 | M88: 582157 | N88: 3
A89: 620562 | B89: 4 | D89: 724218 | E89: 1 | G89: 9000056333 | H89: 1 | M89: 棚 | N89: 3
A90: 620571 | B90: 1 | D90: 724227 | E90: 1 | G90: 9000057753 | H90: 1 | M90: 582166 | N90: 12
A91: 620589 | B91: 1 | D91: 737294 | E91: 1 | G91: 9000057757 | H91: 1 | M91: 棚 | N91: 12
A92: 620598 | B92: 32 | D92: 901188 | E92: 1 | G92: 9000057974 | H92: 1 | M92: 582175 | N92: 2
A93: 620606 | B93: 4 | D93: 904595 | E93: 1 | G93: 9000057975 | H93: 1 | M93: 棚 | N93: 2
A94: 620615 | B94: 3 | D94: 905255 | E94: 1 | G94: 9000057994 | H94: 1 | M94: 582228 | N94: 12
A95: 620624 | B95: 56 | D95: 905282 | E95: 1 | G95: 9000058044 | H95: 1 | M95: 1ライン倉庫 | N95: 1
A96: 620633 | B96: 3 | D96: 905308 | E96: 1 | G96: 9000058046 | H96: 1 | M96: ハズシ(L2) | N96: 1
A97: 620749 | B97: 68 | D97: 905353 | E97: 1 | G97: 9000059189 | H97: 1 | M97: 棚 | N97: 10
A98: 620758 | B98: 7 | D98: 906004 | E98: 1 | G98: 9000059212 | H98: 1 | M98: 582674 | N98: 5
A99: 620767 | B99: 5 | D99: 906236 | E99: 1 | G99: 9000059511 | H99: 1 | M99: 棚 | N99: 5
A100: 620776 | B100: 1 | D100: 906459 | E100: 2 | G100: 9000060102 | H100: 1 | M100: 582709 | N100: 3
A101: 621552 | B101: 49 | D101: 906468 | E101: 1 | G101: 9000060416 | H101: 1 | M101: 棚 | N101: 3
...

Sheet Egproと比較
A3: 行ラベル | B3: 合計 / L1必要リール数(切り上げ) | E3: 必要 | F3: 在庫 | G3: 現場倉庫 | H3: 設備 | I3: 外し | J3: 不足
A4: 513517 | B4: 0 | E4: =SUM(B4:D4) -> 0 | F4: =_xlfn.XLOOKUP(A4,倉庫piv!$A:$A,倉庫piv!$B:$B) -> 19 | G4: =_xlfn.XLOOKUP(A4,倉庫piv!$D:$D,倉庫piv!$E:$E,0) -> 0 | H4: =_xlfn.XLOOKUP(A4,倉庫piv!$G:$G,倉庫piv!$H:$H,0) -> 0 | I4: =_xlfn.XLOOKUP(A4,倉庫piv!$J:$J,倉庫piv!$K:$K,0) -> 0 | J4: =F4-E4 -> 19
A5: 534806 | B5: 0 | E5: =SUM(B5:D5) -> 0 | F5: =_xlfn.XLOOKUP(A5,倉庫piv!$A:$A,倉庫piv!$B:$B) -> 6 | G5: =_xlfn.XLOOKUP(A5,倉庫piv!$D:$D,倉庫piv!$E:$E,0) -> 0 | H5: =_xlfn.XLOOKUP(A5,倉庫piv!$G:$G,倉庫piv!$H:$H,0) -> 0 | I5: =_xlfn.XLOOKUP(A5,倉庫piv!$J:$J,倉庫piv!$K:$K,0) -> 0 | J5: =F5-E5 -> 6
A6: 536172 | B6: 1 | E6: =SUM(B6:D6) -> 1 | F6: =_xlfn.XLOOKUP(A6,倉庫piv!$A:$A,倉庫piv!$B:$B) -> 3 | G6: =_xlfn.XLOOKUP(A6,倉庫piv!$D:$D,倉庫piv!$E:$E,0) -> 0 | H6: =_xlfn.XLOOKUP(A6,倉庫piv!$G:$G,倉庫piv!$H:$H,0) -> 0 | I6: =_xlfn.XLOOKUP(A6,倉庫piv!$J:$J,倉庫piv!$K:$K,0) -> 0 | J6: =F6-E6 -> 2
A7: 554116 | B7: 0 | E7: =SUM(B7:D7) -> 0 | F7: =_xlfn.XLOOKUP(A7,倉庫piv!$A:$A,倉庫piv!$B:$B) -> 4 | G7: =_xlfn.XLOOKUP(A7,倉庫piv!$D:$D,倉庫piv!$E:$E,0) -> 0 | H7: =_xlfn.XLOOKUP(A7,倉庫piv!$G:$G,倉庫piv!$H:$H,0) -> 0 | I7: =_xlfn.XLOOKUP(A7,倉庫piv!$J:$J,倉庫piv!$K:$K,0) -> 0 | J7: =F7-E7 -> 4
A8: 554179 | B8: 0 | E8: =SUM(B8:D8) -> 0 | F8: =_xlfn.XLOOKUP(A8,倉庫piv!$A:$A,倉庫piv!$B:$B) -> 2 | G8: =_xlfn.XLOOKUP(A8,倉庫piv!$D:$D,倉庫piv!$E:$E,0) -> 0 | H8: =_xlfn.XLOOKUP(A8,倉庫piv!$G:$G,倉庫piv!$H:$H,0) -> 0 | I8: =_xlfn.XLOOKUP(A8,倉庫piv!$J:$J,倉庫piv!$K:$K,0) -> 0 | J8: =F8-E8 -> 2
A9: 554295 | B9: 1 | E9: =SUM(B9:D9) -> 1 | F9: =_xlfn.XLOOKUP(A9,倉庫piv!$A:$A,倉庫piv!$B:$B) -> 3 | G9: =_xlfn.XLOOKUP(A9,倉庫piv!$D:$D,倉庫piv!$E:$E,0) -> 0 | H9: =_xlfn.XLOOKUP(A9,倉庫piv!$G:$G,倉庫piv!$H:$H,0) -> 0 | I9: =_xlfn.XLOOKUP(A9,倉庫piv!$J:$J,倉庫piv!$K:$K,0) -> 0 | J9: =F9-E9 -> 2
A10: 581399 | B10: 1 | E10: =SUM(B10:D10) -> 1 | F10: =_xlfn.XLOOKUP(A10,倉庫piv!$A:$A,倉庫piv!$B:$B) -> 9 | G10: =_xlfn.XLOOKUP(A10,倉庫piv!$D:$D,倉庫piv!$E:$E,0) -> 0 | H10: =_xlfn.XLOOKUP(A10,倉庫piv!$G:$G,倉庫piv!$H:$H,0) -> 0 | I10: =_xlfn.XLOOKUP(A10,倉庫piv!$J:$J,倉庫piv!$K:$K,0) -> 0 | J10: =F10-E10 -> 8
A11: 581568 | B11: 1 | E11: =SUM(B11:D11) -> 1 | F11: =_xlfn.XLOOKUP(A11,倉庫piv!$A:$A,倉庫piv!$B:$B) -> 2 | G11: =_xlfn.XLOOKUP(A11,倉庫piv!$D:$D,倉庫piv!$E:$E,0) -> 0 | H11: =_xlfn.XLOOKUP(A11,倉庫piv!$G:$G,倉庫piv!$H:$H,0) -> 0 | I11: =_xlfn.XLOOKUP(A11,倉庫piv!$J:$J,倉庫piv!$K:$K,0) -> 0 | J11: =F11-E11 -> 1
A12: 582139 | B12: 0 | E12: =SUM(B12:D12) -> 0 | F12: =_xlfn.XLOOKUP(A12,倉庫piv!$A:$A,倉庫piv!$B:$B) -> 18 | G12: =_xlfn.XLOOKUP(A12,倉庫piv!$D:$D,倉庫piv!$E:$E,0) -> 0 | H12: =_xlfn.XLOOKUP(A12,倉庫piv!$G:$G,倉庫piv!$H:$H,0) -> 0 | I12: =_xlfn.XLOOKUP(A12,倉庫piv!$J:$J,倉庫piv!$K:$K,0) -> 0 | J12: =F12-E12 -> 18
A13: 582228 | B13: 0 | E13: =SUM(B13:D13) -> 0 | F13: =_xlfn.XLOOKUP(A13,倉庫piv!$A:$A,倉庫piv!$B:$B) -> 10 | G13: =_xlfn.XLOOKUP(A13,倉庫piv!$D:$D,倉庫piv!$E:$E,0) -> 1 | H13: =_xlfn.XLOOKUP(A13,倉庫piv!$G:$G,倉庫piv!$H:$H,0) -> 0 | I13: =_xlfn.XLOOKUP(A13,倉庫piv!$J:$J,倉庫piv!$K:$K,0) -> 0 | J13: =F13-E13 -> 10
A14: 582709 | B14: 1 | E14: =SUM(B14:D14) -> 1 | F14: =_xlfn.XLOOKUP(A14,倉庫piv!$A:$A,倉庫piv!$B:$B) -> 3 | G14: =_xlfn.XLOOKUP(A14,倉庫piv!$D:$D,倉庫piv!$E:$E,0) -> 0 | H14: =_xlfn.XLOOKUP(A14,倉庫piv!$G:$G,倉庫piv!$H:$H,0) -> 0 | I14: =_xlfn.XLOOKUP(A14,倉庫piv!$J:$J,倉庫piv!$K:$K,0) -> 0 | J14: =F14-E14 -> 2
A15: 587535 | B15: 0 | E15: =SUM(B15:D15) -> 0 | F15: =_xlfn.XLOOKUP(A15,倉庫piv!$A:$A,倉庫piv!$B:$B) -> 15 | G15: =_xlfn.XLOOKUP(A15,倉庫piv!$D:$D,倉庫piv!$E:$E,0) -> 0 | H15: =_xlfn.XLOOKUP(A15,倉庫piv!$G:$G,倉庫piv!$H:$H,0) -> 0 | I15: =_xlfn.XLOOKUP(A15,倉庫piv!$J:$J,倉庫piv!$K:$K,0) -> 0 | J15: =F15-E15 -> 15
... A1050: 9000070327 | B1050: 1 | E1050: =SUM(B1050:D1050) -> 1 | F1050: =_xlfn.XLOOKUP(A1050,倉庫piv!$A:$A,倉庫piv!$B:$B) -> 1 | G1050: =_xlfn.XLOOKUP(A1050,倉庫piv!$D:$D,倉庫piv!$E:$E,0) -> 0 | H1050: =_xlfn.XLOOKUP(A1050,倉庫piv!$G:$G,倉庫piv!$H:$H,0) -> 0 | I1050: =_xlfn.XLOOKUP(A1050,倉庫piv!$J:$J,倉庫piv!$K:$K,0) -> 0 | J1050: =F1050-E1050 -> 0
A1051: 154468A | B1051: 0 | E1051: =SUM(B1051:D1051) -> 0 | F1051: =_xlfn.XLOOKUP(A1051,倉庫piv!$A:$A,倉庫piv!$B:$B) -> 4 | G1051: =_xlfn.XLOOKUP(A1051,倉庫piv!$D:$D,倉庫piv!$E:$E,0) -> 0 | H1051: =_xlfn.XLOOKUP(A1051,倉庫piv!$G:$G,倉庫piv!$H:$H,0) -> 0 | I1051: =_xlfn.XLOOKUP(A1051,倉庫piv!$J:$J,倉庫piv!$K:$K,0) -> 0 | J1051: =F1051-E1051 -> 4
A1052: 160096C | B1052: 0 | E1052: =SUM(B1052:D1052) -> 0 | F1052: =_xlfn.XLOOKUP(A1052,倉庫piv!$A:$A,倉庫piv!$B:$B) -> 17 | G1052: =_xlfn.XLOOKUP(A1052,倉庫piv!$D:$D,倉庫piv!$E:$E,0) -> 0 | H1052: =_xlfn.XLOOKUP(A1052,倉庫piv!$G:$G,倉庫piv!$H:$H,0) -> 1 | I1052: =_xlfn.XLOOKUP(A1052,倉庫piv!$J:$J,倉庫piv!$K:$K,0) -> 0 | J1052: =F1052-E1052 -> 17
A1053: 190954A | B1053: 0 | E1053: =SUM(B1053:D1053) -> 0 | F1053: =_xlfn.XLOOKUP(A1053,倉庫piv!$A:$A,倉庫piv!$B:$B) -> 18 | G1053: =_xlfn.XLOOKUP(A1053,倉庫piv!$D:$D,倉庫piv!$E:$E,0) -> 0 | H1053: =_xlfn.XLOOKUP(A1053,倉庫piv!$G:$G,倉庫piv!$H:$H,0) -> 0 | I1053: =_xlfn.XLOOKUP(A1053,倉庫piv!$J:$J,倉庫piv!$K:$K,0) -> 0 | J1053: =F1053-E1053 -> 18
A1054: 193202B | B1054: 0 | E1054: =SUM(B1054:D1054) -> 0 | F1054: =_xlfn.XLOOKUP(A1054,倉庫piv!$A:$A,倉庫piv!$B:$B) -> 9 | G1054: =_xlfn.XLOOKUP(A1054,倉庫piv!$D:$D,倉庫piv!$E:$E,0) -> 1 | H1054: =_xlfn.XLOOKUP(A1054,倉庫piv!$G:$G,倉庫piv!$H:$H,0) -> 0 | I1054: =_xlfn.XLOOKUP(A1054,倉庫piv!$J:$J,倉庫piv!$K:$K,0) -> 0 | J1054: =F1054-E1054 -> 9
A1055: 193211A | B1055: 0 | E1055: =SUM(B1055:D1055) -> 0 | F1055: =_xlfn.XLOOKUP(A1055,倉庫piv!$A:$A,倉庫piv!$B:$B) -> 6 | G1055: =_xlfn.XLOOKUP(A1055,倉庫piv!$D:$D,倉庫piv!$E:$E,0) -> 0 | H1055: =_xlfn.XLOOKUP(A1055,倉庫piv!$G:$G,倉庫piv!$H:$H,0) -> 0 | I1055: =_xlfn.XLOOKUP(A1055,倉庫piv!$J:$J,倉庫piv!$K:$K,0) -> 0 | J1055: =F1055-E1055 -> 6
A1056: 193238A | B1056: 0 | E1056: =SUM(B1056:D1056) -> 0 | F1056: =_xlfn.XLOOKUP(A1056,倉庫piv!$A:$A,倉庫piv!$B:$B) -> 10 | G1056: =_xlfn.XLOOKUP(A1056,倉庫piv!$D:$D,倉庫piv!$E:$E,0) -> 0 | H1056: =_xlfn.XLOOKUP(A1056,倉庫piv!$G:$G,倉庫piv!$H:$H,0) -> 0 | I1056: =_xlfn.XLOOKUP(A1056,倉庫piv!$J:$J,倉庫piv!$K:$K,0) -> 0 | J1056: =F1056-E1056 -> 10
A1057: 193247A | B1057: 0 | E1057: =SUM(B1057:D1057) -> 0 | F1057: =_xlfn.XLOOKUP(A1057,倉庫piv!$A:$A,倉庫piv!$B:$B) -> 3 | G1057: =_xlfn.XLOOKUP(A1057,倉庫piv!$D:$D,倉庫piv!$E:$E,0) -> 0 | H1057: =_xlfn.XLOOKUP(A1057,倉庫piv!$G:$G,倉庫piv!$H:$H,0) -> 0 | I1057: =_xlfn.XLOOKUP(A1057,倉庫piv!$J:$J,倉庫piv!$K:$K,0) -> 0 | J1057: =F1057-E1057 -> 3
A1058: 193274A | B1058: 0 | E1058: =SUM(B1058:D1058) -> 0 | F1058: =_xlfn.XLOOKUP(A1058,倉庫piv!$A:$A,倉庫piv!$B:$B) -> 15 | G1058: =_xlfn.XLOOKUP(A1058,倉庫piv!$D:$D,倉庫piv!$E:$E,0) -> 0 | H1058: =_xlfn.XLOOKUP(A1058,倉庫piv!$G:$G,倉庫piv!$H:$H,0) -> 0 | I1058: =_xlfn.XLOOKUP(A1058,倉庫piv!$J:$J,倉庫piv!$K:$K,0) -> 0 | J1058: =F1058-E1058 -> 15
A1059: 201346B | B1059: 0 | E1059: =SUM(B1059:D1059) -> 0 | F1059: =_xlfn.XLOOKUP(A1059,倉庫piv!$A:$A,倉庫piv!$B:$B) -> 5 | G1059: =_xlfn.XLOOKUP(A1059,倉庫piv!$D:$D,倉庫piv!$E:$E,0) -> 0 | H1059: =_xlfn.XLOOKUP(A1059,倉庫piv!$G:$G,倉庫piv!$H:$H,0) -> 0 | I1059: =_xlfn.XLOOKUP(A1059,倉庫piv!$J:$J,倉庫piv!$K:$K,0) -> 0 | J1059: =F1059-E1059 -> 5
A1060: 206858A | B1060: 0 | E1060: =SUM(B1060:D1060) -> 0 | F1060: =_xlfn.XLOOKUP(A1060,倉庫piv!$A:$A,倉庫piv!$B:$B) -> 2 | G1060: =_xlfn.XLOOKUP(A1060,倉庫piv!$D:$D,倉庫piv!$E:$E,0) -> 0 | H1060: =_xlfn.XLOOKUP(A1060,倉庫piv!$G:$G,倉庫piv!$H:$H,0) -> 0 | I1060: =_xlfn.XLOOKUP(A1060,倉庫piv!$J:$J,倉庫piv!$K:$K,0) -> 0 | J1060: =F1060-E1060 -> 2
A1061: 309756E | B1061: 0 | E1061: =SUM(B1061:D1061) -> 0 | F1061: =_xlfn.XLOOKUP(A1061,倉庫piv!$A:$A,倉庫piv!$B:$B) -> 9 | G1061: =_xlfn.XLOOKUP(A1061,倉庫piv!$D:$D,倉庫piv!$E:$E,0) -> 0 | H1061: =_xlfn.XLOOKUP(A1061,倉庫piv!$G:$G,倉庫piv!$H:$H,0) -> 0 | I1061: =_xlfn.XLOOKUP(A1061,倉庫piv!$J:$J,倉庫piv!$K:$K,0) -> 0 | J1061: =F1061-E1061 -> 9
A1062: 328726B | B1062: 0 | E1062: =SUM(B1062:D1062) -> 0 | F1062: =_xlfn.XLOOKUP(A1062,倉庫piv!$A:$A,倉庫piv!$B:$B) -> 5 | G1062: =_xlfn.XLOOKUP(A1062,倉庫piv!$D:$D,倉庫piv!$E:$E,0) -> 0 | H1062: =_xlfn.XLOOKUP(A1062,倉庫piv!$G:$G,倉庫piv!$H:$H,0) -> 0 | I1062: =_xlfn.XLOOKUP(A1062,倉庫piv!$J:$J,倉庫piv!$K:$K,0) -> 0 | J1062: =F1062-E1062 -> 5
... A1313: 総計 | B1313: 474 | E1313: =SUM(B1313:D1313) -> 474 | F1313: =_xlfn.XLOOKUP(A1313,倉庫piv!$A:$A,倉庫piv!$B:$B) -> 28105 | G1313: =_xlfn.XLOOKUP(A1313,倉庫piv!$D:$D,倉庫piv!$E:$E,0) -> 432 | H1313: =_xlfn.XLOOKUP(A1313,倉庫piv!$G:$G,倉庫piv!$H:$H,0) -> 166 | I1313: =_xlfn.XLOOKUP(A1313,倉庫piv!$J:$J,倉庫piv!$K:$K,0) -> 11 | J1313: =F1313-E1313 -> 27631

Sheet BASE
A1: 1リールあたりの数量 | B1: 部品 | C1: 形式 | D1: テープ幅 | E1: リールサイズ | F1: ノズル分類 | G1: マックドライ | H1: L1必要リール数 | I1: L2必要リール数 | J1: L3必要リール数 | K1: L1必要リール数(切り上げ) | L1: L2必要リール数(切り上げ) | M1: L3必要リール数(切り上げ)
A2: 500 | B2: 937202 | C2: テープ | D2: 56 | E2: 大 | F2: 4桁 | H2: 0 | I2: 0.048 | J2: 0 | K2: =ROUNDUP(テーブル1[[#This Row],[L1必要リール数]],0) -> 0 | L2: =ROUNDUP(テーブル1[[#This Row],[L2必要リール数]],0) -> 1 | M2: =ROUNDUP(テーブル1[[#This Row],[L3必要リール数]],0) -> 0
A3: 1000 | B3: 9000065097 | C3: テープ | D3: 56 | E3: 大 | F3: 4桁 | H3: 0 | I3: 0.048 | J3: 0 | K3: =ROUNDUP(テーブル1[[#This Row],[L1必要リール数]],0) -> 0 | L3: =ROUNDUP(テーブル1[[#This Row],[L2必要リール数]],0) -> 1 | M3: =ROUNDUP(テーブル1[[#This Row],[L3必要リール数]],0) -> 0
A4: 1000 | B4: 608014 | C4: テープ | D4: 44 | E4: 大 | F4: 4桁 | H4: 0 | I4: 0.024 | J4: 0 | K4: =ROUNDUP(テーブル1[[#This Row],[L1必要リール数]],0) -> 0 | L4: =ROUNDUP(テーブル1[[#This Row],[L2必要リール数]],0) -> 1 | M4: =ROUNDUP(テーブル1[[#This Row],[L3必要リール数]],0) -> 0
A5: 1000 | B5: 719073 | C5: テープ | D5: 44 | E5: 大 | F5: 4桁 | H5: 0 | I5: 0.048 | J5: 0 | K5: =ROUNDUP(テーブル1[[#This Row],[L1必要リール数]],0) -> 0 | L5: =ROUNDUP(テーブル1[[#This Row],[L2必要リール数]],0) -> 1 | M5: =ROUNDUP(テーブル1[[#This Row],[L3必要リール数]],0) -> 0
A6: 1500 | B6: 912924 | C6: テープ | D6: 44 | E6: 大 | F6: 4桁 | H6: 0 | I6: 0.064 | J6: 0 | K6: =ROUNDUP(テーブル1[[#This Row],[L1必要リール数]],0) -> 0 | L6: =ROUNDUP(テーブル1[[#This Row],[L2必要リール数]],0) -> 1 | M6: =ROUNDUP(テーブル1[[#This Row],[L3必要リール数]],0) -> 0
A7: 2000 | B7: 920336 | C7: テープ | D7: 44 | E7: 大 | F7: 4桁 | H7: 0 | I7: 0.055 | J7: 0.048 | K7: =ROUNDUP(テーブル1[[#This Row],[L1必要リール数]],0) -> 0 | L7: =ROUNDUP(テーブル1[[#This Row],[L2必要リール数]],0) -> 1 | M7: =ROUNDUP(テーブル1[[#This Row],[L3必要リール数]],0) -> 1
A8: 2000 | B8: 921665 | C8: テープ | D8: 44 | E8: 大 | F8: 4桁 | H8: 0.012 | I8: 0 | J8: 0 | K8: =ROUNDUP(テーブル1[[#This Row],[L1必要リール数]],0) -> 1 | L8: =ROUNDUP(テーブル1[[#This Row],[L2必要リール数]],0) -> 0 | M8: =ROUNDUP(テーブル1[[#This Row],[L3必要リール数]],0) -> 0
A9: 5000 | B9: 922414 | C9: テープ | D9: 44 | E9: 大 | F9: 4桁 | H9: 0.0048 | I9: 0 | J9: 0 | K9: =ROUNDUP(テーブル1[[#This Row],[L1必要リール数]],0) -> 1 | L9: =ROUNDUP(テーブル1[[#This Row],[L2必要リール数]],0) -> 0 | M9: =ROUNDUP(テーブル1[[#This Row],[L3必要リール数]],0) -> 0
A10: 1000 | B10: 9000002588 | C10: テープ | D10: 44 | E10: 大 | F10: 4桁 | H10: 0 | I10: 0.024 | J10: 0 | K10: =ROUNDUP(テーブル1[[#This Row],[L1必要リール数]],0) -> 0 | L10: =ROUNDUP(テーブル1[[#This Row],[L2必要リール数]],0) -> 1 | M10: =ROUNDUP(テーブル1[[#This Row],[L3必要リール数]],0) -> 0
A11: 1000 | B11: 9000046816 | C11: テープ | D11: 44 | E11: 大 | F11: 4桁 | H11: 0 | I11: 0.096 | J11: 0 | K11: =ROUNDUP(テーブル1[[#This Row],[L1必要リール数]],0) -> 0 | L11: =ROUNDUP(テーブル1[[#This Row],[L2必要リール数]],0) -> 1 | M11: =ROUNDUP(テーブル1[[#This Row],[L3必要リール数]],0) -> 0
A12: 800 | B12: 9000046834 | C12: テープ | D12: 44 | E12: 大 | F12: 4桁 | H12: 0 | I12: 0.12 | J12: 0 | K12: =ROUNDUP(テーブル1[[#This Row],[L1必要リール数]],0) -> 0 | L12: =ROUNDUP(テーブル1[[#This Row],[L2必要リール数]],0) -> 1 | M12: =ROUNDUP(テーブル1[[#This Row],[L3必要リール数]],0) -> 0
A13: 5000 | B13: 9000047067 | C13: テープ | D13: 44 | E13: 大 | F13: 4桁 | H13: 0.0192 | I13: 0 | J13: 0 | K13: =ROUNDUP(テーブル1[[#This Row],[L1必要リール数]],0) -> 1 | L13: =ROUNDUP(テーブル1[[#This Row],[L2必要リール数]],0) -> 0 | M13: =ROUNDUP(テーブル1[[#This Row],[L3必要リール数]],0) -> 0
... A27: 200 | B27: 9000069182 | C27: テープ | D27: 44 | E27: 大 | F27: 4桁 | H27: 0 | I27: 0.96 | J27: 0 | K27: =ROUNDUP(テーブル1[[#This Row],[L1必要リール数]],0) -> 0 | L27: =ROUNDUP(テーブル1[[#This Row],[L2必要リール数]],0) -> 1 | M27: =ROUNDUP(テーブル1[[#This Row],[L3必要リール数]],0) -> 0
A28: 1000 | B28: 547472A | C28: テープ | D28: 44 | E28: 大 | F28: 4桁 | H28: 0 | I28: 0.15 | J28: 0 | K28: =ROUNDUP(テーブル1[[#This Row],[L1必要リール数]],0) -> 0 | L28: =ROUNDUP(テーブル1[[#This Row],[L2必要リール数]],0) -> 1 | M28: =ROUNDUP(テーブル1[[#This Row],[L3必要リール数]],0) -> 0
A29: 450 | B29: 911578B | C29: テープ | D29: 44 | E29: 大 | F29: 4桁 | H29: 0 | I29: 0.32 | J29: 0 | K29: =ROUNDUP(テーブル1[[#This Row],[L1必要リール数]],0) -> 0 | L29: =ROUNDUP(テーブル1[[#This Row],[L2必要リール数]],0) -> 1 | M29: =ROUNDUP(テーブル1[[#This Row],[L3必要リール数]],0) -> 0
A30: 1000 | B30: 937194 | C30: テープ | D30: 32 | E30: 大 | F30: 4桁 | H30: 0 | I30: 0.024 | J30: 0 | K30: =ROUNDUP(テーブル1[[#This Row],[L1必要リール数]],0) -> 0 | L30: =ROUNDUP(テーブル1[[#This Row],[L2必要リール数]],0) -> 1 | M30: =ROUNDUP(テーブル1[[#This Row],[L3必要リール数]],0) -> 0
A31: 500 | B31: 937666 | C31: テープ | D31: 32 | E31: 大 | F31: 4桁 | H31: 0 | I31: 0.336 | J31: 0 | K31: =ROUNDUP(テーブル1[[#This Row],[L1必要リール数]],0) -> 0 | L31: =ROUNDUP(テーブル1[[#This Row],[L2必要リール数]],0) -> 1 | M31: =ROUNDUP(テーブル1[[#This Row],[L3必要リール数]],0) -> 0
A32: 500 | B32: 937675 | C32: テープ | D32: 32 | E32: 大 | F32: 4桁 | H32: 0 | I32: 0.144 | J32: 0 | K32: =ROUNDUP(テーブル1[[#This Row],[L1必要リール数]],0) -> 0 | L32: =ROUNDUP(テーブル1[[#This Row],[L2必要リール数]],0) -> 1 | M32: =ROUNDUP(テーブル1[[#This Row],[L3必要リール数]],0) -> 0
A33: 2000 | B33: 9000001152 | C33: テープ | D33: 32 | E33: 大 | F33: 4桁 | H33: 0 | I33: 0.086 | J33: 0.096 | K33: =ROUNDUP(テーブル1[[#This Row],[L1必要リール数]],0) -> 0 | L33: =ROUNDUP(テーブル1[[#This Row],[L2必要リール数]],0) -> 1 | M33: =ROUNDUP(テーブル1[[#This Row],[L3必要リール数]],0) -> 1
A34: 1100 | B34: 9000003114 | C34: テープ | D34: 32 | E34: 大 | F34: 4桁 | H34: 0 | I34: 0.043636364 | J34: 0 | K34: =ROUNDUP(テーブル1[[#This Row],[L1必要リール数]],0) -> 0 | L34: =ROUNDUP(テーブル1[[#This Row],[L2必要リール数]],0) -> 1 | M34: =ROUNDUP(テーブル1[[#This Row],[L3必要リール数]],0) -> 0
A35: 800 | B35: 9000003132 | C35: テープ | D35: 32 | E35: 大 | F35: 4桁 | H35: 0 | I35: 0.3675 | J35: 0 | K35: =ROUNDUP(テーブル1[[#This Row],[L1必要リール数]],0) -> 0 | L35: =ROUNDUP(テーブル1[[#This Row],[L2必要リール数]],0) -> 1 | M35: =ROUNDUP(テーブル1[[#This Row],[L3必要リール数]],0) -> 0
A36: 1300 | B36: 9000003141 | C36: テープ | D36: 32 | E36: 大 | F36: 4桁 | H36: 0 | I36: 0.073846154 | J36: 0 | K36: =ROUNDUP(テーブル1[[#This Row],[L1必要リール数]],0) -> 0 | L36: =ROUNDUP(テーブル1[[#This Row],[L2必要リール数]],0) -> 1 | M36: =ROUNDUP(テーブル1[[#This Row],[L3必要リール数]],0) -> 0
A37: 500 | B37: 9000005585 | C37: テープ | D37: 32 | E37: 大 | F37: 4桁 | H37: 0 | I37: 0.048 | J37: 0 | K37: =ROUNDUP(テーブル1[[#This Row],[L1必要リール数]],0) -> 0 | L37: =ROUNDUP(テーブル1[[#This Row],[L2必要リール数]],0) -> 1 | M37: =ROUNDUP(テーブル1[[#This Row],[L3必要リール数]],0) -> 0
A38: 1100 | B38: 9000006031 | C38: テープ | D38: 32 | E38: 大 | F38: 4桁 | H38: 0 | I38: 0.021818182 | J38: 0 | K38: =ROUNDUP(テーブル1[[#This Row],[L1必要リール数]],0) -> 0 | L38: =ROUNDUP(テーブル1[[#This Row],[L2必要リール数]],0) -> 1 | M38: =ROUNDUP(テーブル1[[#This Row],[L3必要リール数]],0) -> 0
A39: 1000 | B39: 9000056859 | C39: テープ | D39: 32 | E39: 大 | F39: 4桁 | H39: 0.192 | I39: 0 | J39: 0 | K39: =ROUNDUP(テーブル1[[#This Row],[L1必要リール数]],0) -> 1 | L39: =ROUNDUP(テーブル1[[#This Row],[L2必要リール数]],0) -> 0 | M39: =ROUNDUP(テーブル1[[#This Row],[L3必要リール数]],0) -> 0
A40: 200 | B40: 9000057279 | C40: テープ | D40: 32 | E40: 大 | F40: 4桁 | H40: 0 | I40: 0.24 | J40: 11.41 | K40: =ROUNDUP(テーブル1[[#This Row],[L1必要リール数]],0) -> 0 | L40: =ROUNDUP(テーブル1[[#This Row],[L2必要リール数]],0) -> 1 | M40: =ROUNDUP(テーブル1[[#This Row],[L3必要リール数]],0) -> 12
A41: 1400 | B41: 9000059207 | C41: テープ | D41: 32 | E41: 大 | F41: 4桁 | H41: 0 | I41: 0 | J41: 1.1157143 | K41: =ROUNDUP(テーブル1[[#This Row],[L1必要リール数]],0) -> 0 | L41: =ROUNDUP(テーブル1[[#This Row],[L2必要リール数]],0) -> 0 | M41: =ROUNDUP(テーブル1[[#This Row],[L3必要リール数]],0) -> 2
... A45: 250 | B45: 9000069183 | C45: テープ | D45: 32 | E45: 大 | F45: 4桁 | H45: 0 | I45: 0.192 | J45: 0 | K45: =ROUNDUP(テーブル1[[#This Row],[L1必要リール数]],0) -> 0 | L45: =ROUNDUP(テーブル1[[#This Row],[L2必要リール数]],0) -> 1 | M45: =ROUNDUP(テーブル1[[#This Row],[L3必要リール数]],0) -> 0
A46: 200 | B46: 568752A | C46: テープ | D46: 32 | E46: 大 | F46: 4桁 | H46: 0 | I46: 0.36 | J46: 0 | K46: =ROUNDUP(テーブル1[[#This Row],[L1必要リール数]],0) -> 0 | L46: =ROUNDUP(テーブル1[[#This Row],[L2必要リール数]],0) -> 1 | M46: =ROUNDUP(テーブル1[[#This Row],[L3必要リール数]],0) -> 0
A47: 1250 | B47: 661099A | C47: テープ | D47: 32 | E47: 大 | F47: 4桁 | H47: 0 | I47: 0.048 | J47: 0 | K47: =ROUNDUP(テーブル1[[#This Row],[L1必要リール数]],0) -> 0 | L47: =ROUNDUP(テーブル1[[#This Row],[L2必要リール数]],0) -> 1 | M47: =ROUNDUP(テーブル1[[#This Row],[L3必要リール数]],0) -> 0
A48: 1000 | B48: 659369 | C48: テープ | D48: 24 | E48: 大 | F48: 4桁 | H48: 0.048 | I48: 0 | J48: 0 | K48: =ROUNDUP(テーブル1[[#This Row],[L1必要リール数]],0) -> 1 | L48: =ROUNDUP(テーブル1[[#This Row],[L2必要リール数]],0) -> 0 | M48: =ROUNDUP(テーブル1[[#This Row],[L3必要リール数]],0) -> 0
A49: 400 | B49: 664425 | C49: テープ | D49: 24 | E49: 大 | F49: 4桁 | H49: 0 | I49: 0.15 | J49: 0 | K49: =ROUNDUP(テーブル1[[#This Row],[L1必要リール数]],0) -> 0 | L49: =ROUNDUP(テーブル1[[#This Row],[L2必要リール数]],0) -> 1 | M49: =ROUNDUP(テーブル1[[#This Row],[L3必要リール数]],0) -> 0
A50: 400 | B50: 716486 | C50: テープ | D50: 24 | E50: 大 | F50: 4桁 | G50: マックドライ | H50: 0 | I50: 0.3 | J50: 0 | K50: =ROUNDUP(テーブル1[[#This Row],[L1必要リール数]],0) -> 0 | L50: =ROUNDUP(テーブル1[[#This Row],[L2必要リール数]],0) -> 1 | M50: =ROUNDUP(テーブル1[[#This Row],[L3必要リール数]],0) -> 0
A51: 500 | B51: 910213 | C51: テープ | D51: 24 | E51: 大 | F51: 4桁 | H51: 0 | I51: 0 | J51: 3.808 | K51: =ROUNDUP(テーブル1[[#This Row],[L1必要リール数]],0) -> 0 | L51: =ROUNDUP(テーブル1[[#This Row],[L2必要リール数]],0) -> 0 | M51: =ROUNDUP(テーブル1[[#This Row],[L3必要リール数]],0) -> 4
A52: 400 | B52: 911426 | C52: テープ | D52: 24 | E52: 大 | F52: 4桁 | H52: 0 | I52: 0.06 | J52: 0 | K52: =ROUNDUP(テーブル1[[#This Row],[L1必要リール数]],0) -> 0 | L52: =ROUNDUP(テーブル1[[#This Row],[L2必要リール数]],0) -> 1 | M52: =ROUNDUP(テーブル1[[#This Row],[L3必要リール数]],0) -> 0
A53: 500 | B53: 915663 | C53: テープ | D53: 24 | E53: 大 | F53: 4桁 | H53: 0 | I53: 3.012 | J53: 0 | K53: =ROUNDUP(テーブル1[[#This Row],[L1必要リール数]],0) -> 0 | L53: =ROUNDUP(テーブル1[[#This Row],[L2必要リール数]],0) -> 4 | M53: =ROUNDUP(テーブル1[[#This Row],[L3必要リール数]],0) -> 0
A54: 500 | B54: 917607 | C54: テープ | D54: 24 | E54: 大 | F54: 4桁 | H54: 0 | I54: 0.192 | J54: 6.248 | K54: =ROUNDUP(テーブル1[[#This Row],[L1必要リール数]],0) -> 0 | L54: =ROUNDUP(テーブル1[[#This Row],[L2必要リール数]],0) -> 1 | M54: =ROUNDUP(テーブル1[[#This Row],[L3必要リール数]],0) -> 7
A55: 500 | B55: 917616 | C55: テープ | D55: 24 | E55: 大 | F55: 4桁 | H55: 0 | I55: 0.768 | J55: 0 | K55: =ROUNDUP(テーブル1[[#This Row],[L1必要リール数]],0) -> 0 | L55: =ROUNDUP(テーブル1[[#This Row],[L2必要リール数]],0) -> 1 | M55: =ROUNDUP(テーブル1[[#This Row],[L3必要リール数]],0) -> 0
A56: 500 | B56: 917625 | C56: テープ | D56: 24 | E56: 大 | F56: 4桁 | H56: 0 | I56: 0.096 | J56: 0 | K56: =ROUNDUP(テーブル1[[#This Row],[L1必要リール数]],0) -> 0 | L56: =ROUNDUP(テーブル1[[#This Row],[L2必要リール数]],0) -> 1 | M56: =ROUNDUP(テーブル1[[#This Row],[L3必要リール数]],0) -> 0
A57: 500 | B57: 919739 | C57: テープ | D57: 24 | E57: 大 | F57: 4桁 | H57: 0 | I57: 0 | J57: 0.6 | K57: =ROUNDUP(テーブル1[[#This Row],[L1必要リール数]],0) -> 0 | L57: =ROUNDUP(テーブル1[[#This Row],[L2必要リール数]],0) -> 0 | M57: =ROUNDUP(テーブル1[[#This Row],[L3必要リール数]],0) -> 1
A58: 1500 | B58: 920069 | C58: テープ | D58: 24 | E58: 大 | F58: 3桁 | H58: 0 | I58: 0 | J58: 0.033333333 | K58: =ROUNDUP(テーブル1[[#This Row],[L1必要リール数]],0) -> 0 | L58: =ROUNDUP(テーブル1[[#This Row],[L2必要リール数]],0) -> 0 | M58: =ROUNDUP(テーブル1[[#This Row],[L3必要リール数]],0) -> 1
A59: 2000 | B59: 920167 | C59: テープ | D59: 24 | E59: 大 | F59: 4桁 | H59: 0 | I59: 0.024 | J59: 0.378 | K59: =ROUNDUP(テーブル1[[#This Row],[L1必要リール数]],0) -> 0 | L59: =ROUNDUP(テーブル1[[#This Row],[L2必要リール数]],0) -> 1 | M59: =ROUNDUP(テーブル1[[#This Row],[L3必要リール数]],0) -> 1
A60: 500 | B60: 930209 | C60: テープ | D60: 24 | E60: 大 | F60: 4桁 | H60: 0 | I60: 0.096 | J60: 0 | K60: =ROUNDUP(テーブル1[[#This Row],[L1必要リール数]],0) -> 0 | L60: =ROUNDUP(テーブル1[[#This Row],[L2必要リール数]],0) -> 1 | M60: =ROUNDUP(テーブル1[[#This Row],[L3必要リール数]],0) -> 0
A61: 1000 | B61: 930878 | C61: テープ | D61: 24 | E61: 大 | F61: 4桁 | H61: 0 | I61: 0.072 | J61: 0 | K61: =ROUNDUP(テーブル1[[#This Row],[L1必要リール数]],0) -> 0 | L61: =ROUNDUP(テーブル1[[#This Row],[L2必要リール数]],0) -> 1 | M61: =ROUNDUP(テーブル1[[#This Row],[L3必要リール数]],0) -> 0
A62: 500 | B62: 934731 | C62: テープ | D62: 24 | E62: 大 | F62: 4桁 | H62: 0 | I62: 0.144 | J62: 3.024 | K62: =ROUNDUP(テーブル1[[#This Row],[L1必要リール数]],0) -> 0 | L62: =ROUNDUP(テーブル1[[#This Row],[L2必要リール数]],0) -> 1 | M62: =ROUNDUP(テーブル1[[#This Row],[L3必要リール数]],0) -> 4
... A92: 1100 | B92: 9000058344 | C92: テープ | D92: 24 | E92: 大 | F92: 4桁 | H92: 0 | I92: 0.043636364 | J92: 0 | K92: =ROUNDUP(テーブル1[[#This Row],[L1必要リール数]],0) -> 0 | L92: =ROUNDUP(テーブル1[[#This Row],[L2必要リール数]],0) -> 1 | M92: =ROUNDUP(テーブル1[[#This Row],[L3必要リール数]],0) -> 0
A93: 2000 | B93: 9000058442 | C93: テープ | D93: 24 | E93: 大 | F93: 3桁 | G93: マックドライ | H93: 0 | I93: 0.072 | J93: 0 | K93: =ROUNDUP(テーブル1[[#This Row],[L1必要リール数]],0) -> 0 | L93: =ROUNDUP(テーブル1[[#This Row],[L2必要リール数]],0) -> 1 | M93: =ROUNDUP(テーブル1[[#This Row],[L3必要リール数]],0) -> 0
A94: 800 | B94: 9000059651 | C94: テープ | D94: 24 | E94: 大 | F94: 4桁 | H94: 0 | I94: 0.09 | J94: 0 | K94: =ROUNDUP(テーブル1[[#This Row],[L1必要リール数]],0) -> 0 | L94: =ROUNDUP(テーブル1[[#This Row],[L2必要リール数]],0) -> 1 | M94: =ROUNDUP(テーブル1[[#This Row],[L3必要リール数]],0) -> 0
A95: 1400 | B95: 9000059657 | C95: テープ | D95: 24 | E95: 大 | F95: 4桁 | H95: 0 | I95: 0 | J95: 1.1157143 | K95: =ROUNDUP(テーブル1[[#This Row],[L1必要リール数]],0) -> 0 | L95: =ROUNDUP(テーブル1[[#This Row],[L2必要リール数]],0) -> 0 | M95: =ROUNDUP(テーブル1[[#This Row],[L3必要リール数]],0) -> 2
A96: 500 | B96: 9000063376 | C96: テープ | D96: 24 | E96: 大 | F96: 4桁 | H96: 0.24 | I96: 0.144 | J96: 0 | K96: =ROUNDUP(テーブル1[[#This Row],[L1必要リール数]],0) -> 1 | L96: =ROUNDUP(テーブル1[[#This Row],[L2必要リール数]],0) -> 1 | M96: =ROUNDUP(テーブル1[[#This Row],[L3必要リール数]],0) -> 0
A97: 1000 | B97: 9000063526 | C97: テープ | D97: 24 | E97: 大 | F97: 4桁 | H97: 0 | I97: 0.048 | J97: 0 | K97: =ROUNDUP(テーブル1[[#This Row],[L1必要リール数]],0) -> 0 | L97: =ROUNDUP(テーブル1[[#This Row],[L2必要リール数]],0) -> 1 | M97: =ROUNDUP(テーブル1[[#This Row],[L3必要リール数]],0) -> 0
A98: 900 | B98: 9000063527 | C98: テープ | D98: 24 | E98: 大 | F98: 4桁 | H98: 0 | I98: 0.053333333 | J98: 0 | K98: =ROUNDUP(テーブル1[[#This Row],[L1必要リール数]],0) -> 0 | L98: =ROUNDUP(テーブル1[[#This Row],[L2必要リール数]],0) -> 1 | M98: =ROUNDUP(テーブル1[[#This Row],[L3必要リール数]],0) -> 0
A99: 2000 | B99: 9000063584 | C99: テープ | D99: 24 | E99: 大 | F99: 4桁 | H99: 0 | I99: 0.024 | J99: 0 | K99: =ROUNDUP(テーブル1[[#This Row],[L1必要リール数]],0) -> 0 | L99: =ROUNDUP(テーブル1[[#This Row],[L2必要リール数]],0) -> 1 | M99: =ROUNDUP(テーブル1[[#This Row],[L3必要リール数]],0) -> 0
A100: 1300 | B100: 9000064911 | C100: テープ | D100: 24 | E100: 大 | F100: 4桁 | H100: 0 | I100: 0.036923077 | J100: 0 | K100: =ROUNDUP(テーブル1[[#This Row],[L1必要リール数]],0) -> 0 | L100: =ROUNDUP(テーブル1[[#This Row],[L2必要リール数]],0) -> 1 | M100: =ROUNDUP(テーブル1[[#This Row],[L3必要リール数]],0) -> 0
A101: 500 | B101: 9000065018 | C101: テープ | D101: 24 | E101: 大 | F101: 4桁 | H101: 0 | I101: 0.096 | J101: 0 | K101: =ROUNDUP(テーブル1[[#This Row],[L1必要リール数]],0) -> 0 | L101: =ROUNDUP(テーブル1[[#This Row],[L2必要リール数]],0) -> 1 | M101: =ROUNDUP(テーブル1[[#This Row],[L3必要リール数]],0) -> 0
A102: 2000 | B102: 9000070060 | C102: テープ | D102: 24 | E102: 大 | F102: 4桁 | H102: 0.246 | I102: 0 | J102: 0 | K102: =ROUNDUP(テーブル1[[#This Row],[L1必要リール数]],0) -> 1 | L102: =ROUNDUP(テーブル1[[#This Row],[L2必要リール数]],0) -> 0 | M102: =ROUNDUP(テーブル1[[#This Row],[L3必要リール数]],0) -> 0
A103: 500 | B103: 494234B | C103: テープ | D103: 24 | E103: 大 | F103: 4桁 | H103: 0 | I103: 0.048 | J103: 0 | K103: =ROUNDUP(テーブル1[[#This Row],[L1必要リール数]],0) -> 0 | L103: =ROUNDUP(テーブル1[[#This Row],[L2必要リール数]],0) -> 1 | M103: =ROUNDUP(テーブル1[[#This Row],[L3必要リール数]],0) -> 0
A104: 500 | B104: 514142C | C104: テープ | D104: 24 | E104: 大 | F104: 4桁 | H104: 0 | I104: 0.048 | J104: 0 | K104: =ROUNDUP(テーブル1[[#This Row],[L1必要リール数]],0) -> 0 | L104: =ROUNDUP(テーブル1[[#This Row],[L2必要リール数]],0) -> 1 | M104: =ROUNDUP(テーブル1[[#This Row],[L3必要リール数]],0) -> 0
A105: 500 | B105: 572195A | C105: テープ | D105: 24 | E105: 大 | F105: 4桁 | H105: 0 | I105: 0.192 | J105: 0 | K105: =ROUNDUP(テーブル1[[#This Row],[L1必要リール数]],0) -> 0 | L105: =ROUNDUP(テーブル1[[#This Row],[L2必要リール数]],0) -> 1 | M105: =ROUNDUP(テーブル1[[#This Row],[L3必要リール数]],0) -> 0
A106: 500 | B106: 572203A | C106: テープ | D106: 24 | E106: 大 | F106: 4桁 | H106: 0 | I106: 0.816 | J106: 0 | K106: =ROUNDUP(テーブル1[[#This Row],[L1必要リール数]],0) -> 0 | L106: =ROUNDUP(テーブル1[[#This Row],[L2必要リール数]],0) -> 1 | M106: =ROUNDUP(テーブル1[[#This Row],[L3必要リール数]],0) -> 0
A107: 1000 | B107: 598505A | C107: テープ | D107: 24 | E107: 大 | F107: 4桁 | H107: 0 | I107: 0 | J107: 1.562 | K107: =ROUNDUP(テーブル1[[#This Row],[L1必要リール数]],0) -> 0 | L107: =ROUNDUP(テーブル1[[#This Row],[L2必要リール数]],0) -> 0 | M107: =ROUNDUP(テーブル1[[#This Row],[L3必要リール数]],0) -> 2
A108: 500 | B108: 616023A | C108: テープ | D108: 24 | E108: 大 | F108: 4桁 | H108: 0 | I108: 0.192 | J108: 0 | K108: =ROUNDUP(テーブル1[[#This Row],[L1必要リール数]],0) -> 0 | L108: =ROUNDUP(テーブル1[[#This Row],[L2必要リール数]],0) -> 1 | M108: =ROUNDUP(テーブル1[[#This Row],[L3必要リール数]],0) -> 0
A109: 1500 | B109: 626654A | C109: テープ | D109: 24 | E109: 大 | F109: 3桁 | H109: 0 | I109: 0.632 | J109: 0.60133333 | K109: =ROUNDUP(テーブル1[[#This Row],[L1必要リール数]],0) -> 0 | L109: =ROUNDUP(テーブル1[[#This Row],[L2必要リール数]],0) -> 1 | M109: =ROUNDUP(テーブル1[[#This Row],[L3必要リール数]],0) -> 1
A110: 1000 | B110: 649139A | C110: テープ | D110: 24 | E110: 大 | F110: 4桁 | H110: 0 | I110: 0.528 | J110: 0 | K110: =ROUNDUP(テーブル1[[#This Row],[L1必要リール数]],0) -> 0 | L110: =ROUNDUP(テーブル1[[#This Row],[L2必要リール数]],0) -> 1 | M110: =ROUNDUP(テーブル1[[#This Row],[L3必要リール数]],0) -> 0
A111: 1250 | B111: 656461A | C111: テープ | D111: 24 | E111: 大 | F111: 4桁 | H111: 0 | I111: 0.0192 | J111: 0.04 | K111: =ROUNDUP(テーブル1[[#This Row],[L1必要リール数]],0) -> 0 | L111: =ROUNDUP(テーブル1[[#This Row],[L2必要リール数]],0) -> 1 | M111: =ROUNDUP(テーブル1[[#This Row],[L3必要リール数]],0) -> 1
A112: 500 | B112: 677438A | C112: テープ | D112: 24 | E112: 大 | F112: 4桁 | H112: 0 | I112: 0.096 | J112: 0 | K112: =ROUNDUP(テーブル1[[#This Row],[L1必要リール数]],0) -> 0 | L112: =ROUNDUP(テーブル1[[#This Row],[L2必要リール数]],0) -> 1 | M112: =ROUNDUP(テーブル1[[#This Row],[L3必要リール数]],0) -> 0
A113: 500 | B113: 679187A | C113: テープ | D113: 24 | E113: 大 | F113: 4桁 | H113: 0 | I113: 0.3 | J113: 0 | K113: =ROUNDUP(テーブル1[[#This Row],[L1必要リール数]],0) -> 0 | L113: =ROUNDUP(テーブル1[[#This Row],[L2必要リール数]],0) -> 1 | M113: =ROUNDUP(テーブル1[[#This Row],[L3必要リール数]],0) -> 0
A114: 500 | B114: 679356A | C114: テープ | D114: 24 | E114: 大 | F114: 4桁 | H114: 0 | I114: 0.312 | J114: 0 | K114: =ROUNDUP(テーブル1[[#This Row],[L1必要リール数]],0) -> 0 | L114: =ROUNDUP(テーブル1[[#This Row],[L2必要リール数]],0) -> 1 | M114: =ROUNDUP(テーブル1[[#This Row],[L3必要リール数]],0) -> 0
... A118: 2000 | B118: 915823A | C118: テープ | D118: 24 | E118: 大 | F118: 4桁 | H118: 0 | I118: 0.087 | J118: 0 | K118: =ROUNDUP(テーブル1[[#This Row],[L1必要リール数]],0) -> 0 | L118: =ROUNDUP(テーブル1[[#This Row],[L2必要リール数]],0) -> 1 | M118: =ROUNDUP(テーブル1[[#This Row],[L3必要リール数]],0) -> 0
A119: 4000 | B119: 612357 | C119: テープ | D119: 16 | E119: 小 | F119: 4桁 | H119: 0 | I119: 0.084 | J119: 0 | K119: =ROUNDUP(テーブル1[[#This Row],[L1必要リール数]],0) -> 0 | L119: =ROUNDUP(テーブル1[[#This Row],[L2必要リール数]],0) -> 1 | M119: =ROUNDUP(テーブル1[[#This Row],[L3必要リール数]],0) -> 0
A120: 2000 | B120: 666789 | C120: テープ | D120: 16 | E120: 大 | F120: 3桁 | H120: 0 | I120: 0.498 | J120: 0.05 | K120: =ROUNDUP(テーブル1[[#This Row],[L1必要リール数]],0) -> 0 | L120: =ROUNDUP(テーブル1[[#This Row],[L2必要リール数]],0) -> 1 | M120: =ROUNDUP(テーブル1[[#This Row],[L3必要リール数]],0) -> 1
A121: 2000 | B121: 666798 | C121: テープ | D121: 16 | E121: 大 | F121: 3桁 | H121: 0 | I121: 0.16 | J121: 0 | K121: =ROUNDUP(テーブル1[[#This Row],[L1必要リール数]],0) -> 0 | L121: =ROUNDUP(テーブル1[[#This Row],[L2必要リール数]],0) -> 1 | M121: =ROUNDUP(テーブル1[[#This Row],[L3必要リール数]],0) -> 0
A122: 1000 | B122: 670588 | C122: テープ | D122: 16 | E122: 大 | F122: 3桁 | H122: 0 | I122: 0.326 | J122: 0.096 | K122: =ROUNDUP(テーブル1[[#This Row],[L1必要リール数]],0) -> 0 | L122: =ROUNDUP(テーブル1[[#This Row],[L2必要リール数]],0) -> 1 | M122: =ROUNDUP(テーブル1[[#This Row],[L3必要リール数]],0) -> 1
A123: 500 | B123: 691912 | C123: テープ | D123: 16 | E123: 大 | F123: 3桁 | H123: 0 | I123: 0.592 | J123: 0 | K123: =ROUNDUP(テーブル1[[#This Row],[L1必要リール数]],0) -> 0 | L123: =ROUNDUP(テーブル1[[#This Row],[L2必要リール数]],0) -> 1 | M123: =ROUNDUP(テーブル1[[#This Row],[L3必要リール数]],0) -> 0
A124: 1000 | B124: 691921 | C124: テープ | D124: 16 | E124: 大 | F124: 3桁 | H124: 0 | I124: 0.248 | J124: 0 | K124: =ROUNDUP(テーブル1[[#This Row],[L1必要リール数]],0) -> 0 | L124: =ROUNDUP(テーブル1[[#This Row],[L2必要リール数]],0) -> 1 | M124: =ROUNDUP(テーブル1[[#This Row],[L3必要リール数]],0) -> 0
A125: 1000 | B125: 717921 | C125: テープ | D125: 16 | E125: 大 | F125: 3桁 | H125: 0 | I125: 0.18 | J125: 0 | K125: =ROUNDUP(テーブル1[[#This Row],[L1必要リール数]],0) -> 0 | L125: =ROUNDUP(テーブル1[[#This Row],[L2必要リール数]],0) -> 1 | M125: =ROUNDUP(テーブル1[[#This Row],[L3必要リール数]],0) -> 0
A126: 1000 | B126: 900866 | C126: テープ | D126: 16 | E126: 大 | F126: 3桁 | H126: 0 | I126: 0.08 | J126: 0 | K126: =ROUNDUP(テーブル1[[#This Row],[L1必要リール数]],0) -> 0 | L126: =ROUNDUP(テーブル1[[#This Row],[L2必要リール数]],0) -> 1 | M126: =ROUNDUP(テーブル1[[#This Row],[L3必要リール数]],0) -> 0
A127: 2500 | B127: 906735 | C127: テープ | D127: 16 | E127: 大 | F127: 3桁 | H127: 0.0096 | I127: 0 | J127: 0 | K127: =ROUNDUP(テーブル1[[#This Row],[L1必要リール数]],0) -> 1 | L127: =ROUNDUP(テーブル1[[#This Row],[L2必要リール数]],0) -> 0 | M127: =ROUNDUP(テーブル1[[#This Row],[L3必要リール数]],0) -> 0
A128: 2500 | B128: 907645 | C128: テープ | D128: 16 | E128: 大 | F128: 3桁 | H128: 0 | I128: 0.0192 | J128: 0 | K128: =ROUNDUP(テーブル1[[#This Row],[L1必要リール数]],0) -> 0 | L128: =ROUNDUP(テーブル1[[#This Row],[L2必要リール数]],0) -> 1 | M128: =ROUNDUP(テーブル1[[#This Row],[L3必要リール数]],0) -> 0
A129: 1000 | B129: 913059 | C129: テープ | D129: 16 | E129: 小 | F129: 3桁 | H129: 0 | I129: 0.06 | J129: 0 | K129: =ROUNDUP(テーブル1[[#This Row],[L1必要リール数]],0) -> 0 | L129: =ROUNDUP(テーブル1[[#This Row],[L2必要リール数]],0) -> 1 | M129: =ROUNDUP(テーブル1[[#This Row],[L3必要リール数]],0) -> 0
A130: 900 | B130: 915681 | C130: テープ | D130: 16 | E130: 大 | F130: 3桁 | H130: 0 | I130: 0.16 | J130: 0 | K130: =ROUNDUP(テーブル1[[#This Row],[L1必要リール数]],0) -> 0 | L130: =ROUNDUP(テーブル1[[#This Row],[L2必要リール数]],0) -> 1 | M130: =ROUNDUP(テーブル1[[#This Row],[L3必要リール数]],0) -> 0
... A146: 1000 | B146: 9000008011 | C146: テープ | D146: 16 | E146: 大 | F146: 3桁 | H146: 0 | I146: 0.072 | J146: 0 | K146: =ROUNDUP(テーブル1[[#This Row],[L1必要リール数]],0) -> 0 | L146: =ROUNDUP(テーブル1[[#This Row],[L2必要リール数]],0) -> 1 | M146: =ROUNDUP(テーブル1[[#This Row],[L3必要リール数]],0) -> 0
A147: 2000 | B147: 9000011007 | C147: テープ | D147: 16 | E147: 大 | F147: 3桁 | G147: マックドライ | H147: 0.12 | I147: 0 | J147: 0 | K147: =ROUNDUP(テーブル1[[#This Row],[L1必要リール数]],0) -> 1 | L147: =ROUNDUP(テーブル1[[#This Row],[L2必要リール数]],0) -> 0 | M147: =ROUNDUP(テーブル1[[#This Row],[L3必要リール数]],0) -> 0
A148: 2500 | B148: 9000023984 | C148: テープ | D148: 16 | E148: 小/大 | F148: 3桁 | G148: マックドライ | H148: 0.096 | I148: 0 | J148: 0 | K148: =ROUNDUP(テーブル1[[#This Row],[L1必要リール数]],0) -> 1 | L148: =ROUNDUP(テーブル1[[#This Row],[L2必要リール数]],0) -> 0 | M148: =ROUNDUP(テーブル1[[#This Row],[L3必要リール数]],0) -> 0
A149: 2500 | B149: 9000024555 | C149: テープ | D149: 16 | E149: 大 | F149: 3桁 | H149: 0.1728 | I149: 0 | J149: 0 | K149: =ROUNDUP(テーブル1[[#This Row],[L1必要リール数]],0) -> 1 | L149: =ROUNDUP(テーブル1[[#This Row],[L2必要リール数]],0) -> 0 | M149: =ROUNDUP(テーブル1[[#This Row],[L3必要リール数]],0) -> 0
A150: 2000 | B150: 9000036952 | C150: テープ | D150: 16 | E150: 大 | F150: 4桁 | G150: マックドライ | H150: 0.012 | I150: 0 | J150: 0 | K150: =ROUNDUP(テーブル1[[#This Row],[L1必要リール数]],0) -> 1 | L150: =ROUNDUP(テーブル1[[#This Row],[L2必要リール数]],0) -> 0 | M150: =ROUNDUP(テーブル1[[#This Row],[L3必要リール数]],0) -> 0
A151: 1000 | B151: 9000041866 | C151: テープ | D151: 16 | E151: 大 | F151: 3桁 | H151: 0 | I151: 0.336 | J151: 1.83 | K151: =ROUNDUP(テーブル1[[#This Row],[L1必要リール数]],0) -> 0 | L151: =ROUNDUP(テーブル1[[#This Row],[L2必要リール数]],0) -> 1 | M151: =ROUNDUP(テーブル1[[#This Row],[L3必要リール数]],0) -> 2
A152: 2500 | B152: 9000045915 | C152: テープ | D152: 16 | E152: 大 | F152: 3桁 | H152: 0 | I152: 0.144 | J152: 0 | K152: =ROUNDUP(テーブル1[[#This Row],[L1必要リール数]],0) -> 0 | L152: =ROUNDUP(テーブル1[[#This Row],[L2必要リール数]],0) -> 1 | M152: =ROUNDUP(テーブル1[[#This Row],[L3必要リール数]],0) -> 0
A153: 2500 | B153: 9000047004 | C153: テープ | D153: 16 | E153: 大 | F153: 3桁 | H153: 0 | I153: 0 | J153: 0.6248 | K153: =ROUNDUP(テーブル1[[#This Row],[L1必要リール数]],0) -> 0 | L153: =ROUNDUP(テーブル1[[#This Row],[L2必要リール数]],0) -> 0 | M153: =ROUNDUP(テーブル1[[#This Row],[L3必要リール数]],0) -> 1
A154: 2000 | B154: 9000047174 | C154: テープ | D154: 16 | E154: 大 | F154: 3桁 | H154: 0 | I154: 0.024 | J154: 0 | K154: =ROUNDUP(テーブル1[[#This Row],[L1必要リール数]],0) -> 0 | L154: =ROUNDUP(テーブル1[[#This Row],[L2必要リール数]],0) -> 1 | M154: =ROUNDUP(テーブル1[[#This Row],[L3必要リール数]],0) -> 0
A155: 5000 | B155: 9000047548 | C155: テープ | D155: 16 | E155: 大 | F155: 4桁 | H155: 0.0588 | I155: 0 | J155: 0 | K155: =ROUNDUP(テーブル1[[#This Row],[L1必要リール数]],0) -> 1 | L155: =ROUNDUP(テーブル1[[#This Row],[L2必要リール数]],0) -> 0 | M155: =ROUNDUP(テーブル1[[#This Row],[L3必要リール数]],0) -> 0
A156: 4500 | B156: 9000056173 | C156: テープ | D156: 16 | E156: 大 | F156: 4桁 | H156: 0.023111111 | I156: 0 | J156: 0 | K156: =ROUNDUP(テーブル1[[#This Row],[L1必要リール数]],0) -> 1 | L156: =ROUNDUP(テーブル1[[#This Row],[L2必要リール数]],0) -> 0 | M156: =ROUNDUP(テーブル1[[#This Row],[L3必要リール数]],0) -> 0
A157: 1400 | B157: 9000056993 | C157: テープ | D157: 16 | E157: 大 | F157: 4桁 | H157: 0 | I157: 0.034285714 | J157: 1.1157143 | K157: =ROUNDUP(テーブル1[[#This Row],[L1必要リール数]],0) -> 0 | L157: =ROUNDUP(テーブル1[[#This Row],[L2必要リール数]],0) -> 1 | M157: =ROUNDUP(テーブル1[[#This Row],[L3必要リール数]],0) -> 2
A158: 1000 | B158: 9000057386 | C158: テープ | D158: 16 | E158: 大 | F158: 3桁 | H158: 0 | I158: 0.048 | J158: 1.562 | K158: =ROUNDUP(テーブル1[[#This Row],[L1必要リール数]],0) -> 0 | L158: =ROUNDUP(テーブル1[[#This Row],[L2必要リール数]],0) -> 1 | M158: =ROUNDUP(テーブル1[[#This Row],[L3必要リール数]],0) -> 2
A159: 3000 | B159: 9000057675 | C159: テープ | D159: 16 | E159: 大 | F159: 4桁 | H159: 0 | I159: 0.088 | J159: 0 | K159: =ROUNDUP(テーブル1[[#This Row],[L1必要リール数]],0) -> 0 | L159: =ROUNDUP(テーブル1[[#This Row],[L2必要リール数]],0) -> 1 | M159: =ROUNDUP(テーブル1[[#This Row],[L3必要リール数]],0) -> 0
A160: 1000 | B160: 9000057801 | C160: テープ | D160: 16 | E160: 大 | F160: 3桁 | H160: 0 | I160: 0 | J160: 3.124 | K160: =ROUNDUP(テーブル1[[#This Row],[L1必要リール数]],0) -> 0 | L160: =ROUNDUP(テーブル1[[#This Row],[L2必要リール数]],0) -> 0 | M160: =ROUNDUP(テーブル1[[#This Row],[L3必要リール数]],0) -> 4
A161: 1800 | B161: 9000057977 | C161: テープ | D161: 16 | E161: 大 | F161: 4桁 | H161: 0.10666667 | I161: 0 | J161: 0 | K161: =ROUNDUP(テーブル1[[#This Row],[L1必要リール数]],0) -> 1 | L161: =ROUNDUP(テーブル1[[#This Row],[L2必要リール数]],0) -> 0 | M161: =ROUNDUP(テーブル1[[#This Row],[L3必要リール数]],0) -> 0
A162: 1500 | B162: 9000058366 | C162: テープ | D162: 16 | E162: 大 | F162: 3桁 | H162: 0 | I162: 0.085333333 | J162: 0 | K162: =ROUNDUP(テーブル1[[#This Row],[L1必要リール数]],0) -> 0 | L162: =ROUNDUP(テーブル1[[#This Row],[L2必要リール数]],0) -> 1 | M162: =ROUNDUP(テーブル1[[#This Row],[L3必要リール数]],0) -> 0
A163: 2499 | B163: 9000058875 | C163: テープ | D163: 16 | E163: 大 | F163: 4桁 | G163: マックドライ | H163: 0.038415366 | I163: 0 | J163: 0 | K163: =ROUNDUP(テーブル1[[#This Row],[L1必要リール数]],0) -> 1 | L163: =ROUNDUP(テーブル1[[#This Row],[L2必要リール数]],0) -> 0 | M163: =ROUNDUP(テーブル1[[#This Row],[L3必要リール数]],0) -> 0
...

Sheet →修正必要

Sheet L1
A1: 1リールあたりの数量 | B1: 部品 | C1: 形式 | D1: テープ幅 | E1: リールサイズ | F1: ノズル分類 | G1: マックドライ | H1: L1必要リール数 | I1: L1必要リール数(切り上げ)
A2: 2000 | B2: 921665 | C2: テープ | D2: 44 | E2: 大 | F2: 4桁 | H2: 0.012 | I2: =_xlfn.CEILING.MATH(テーブル15[[#This Row],[L1必要リール数]]) -> 1
A3: 5000 | B3: 922414 | C3: テープ | D3: 44 | E3: 大 | F3: 4桁 | H3: 0.0048 | I3: =_xlfn.CEILING.MATH(テーブル15[[#This Row],[L1必要リール数]]) -> 1
A4: 5000 | B4: 9000047067 | C4: テープ | D4: 44 | E4: 大 | F4: 4桁 | H4: 0.0192 | I4: =_xlfn.CEILING.MATH(テーブル15[[#This Row],[L1必要リール数]]) -> 1
A5: 1000 | B5: 9000056859 | C5: テープ | D5: 32 | E5: 大 | F5: 4桁 | H5: 0.192 | I5: =_xlfn.CEILING.MATH(テーブル15[[#This Row],[L1必要リール数]]) -> 1
A6: 1000 | B6: 659369 | C6: テープ | D6: 24 | E6: 大 | F6: 4桁 | G6: マックドライ | H6: 0.048 | I6: =_xlfn.CEILING.MATH(テーブル15[[#This Row],[L1必要リール数]]) -> 1
A7: 1000 | B7: 9000031565 | C7: テープ | D7: 24 | E7: 大 | F7: 4桁 | H7: 0.24 | I7: =_xlfn.CEILING.MATH(テーブル15[[#This Row],[L1必要リール数]]) -> 1
A8: 950 | B8: 9000031574 | C8: テープ | D8: 24 | E8: 大 | F8: 4桁 | H8: 0.25263158 | I8: =_xlfn.CEILING.MATH(テーブル15[[#This Row],[L1必要リール数]]) -> 1
A9: 5000 | B9: 9000047076 | C9: テープ | D9: 24 | E9: 大 | F9: 4桁 | H9: 0.1212 | I9: =_xlfn.CEILING.MATH(テーブル15[[#This Row],[L1必要リール数]]) -> 1
A10: 5000 | B10: 9000056324 | C10: テープ | D10: 24 | E10: 大 | F10: 4桁 | H10: 0.0496 | I10: =_xlfn.CEILING.MATH(テーブル15[[#This Row],[L1必要リール数]]) -> 1
A11: 3500 | B11: 9000056333 | C11: テープ | D11: 24 | E11: 大 | F11: 4桁 | H11: 0.084571429 | I11: =_xlfn.CEILING.MATH(テーブル15[[#This Row],[L1必要リール数]]) -> 1
A12: 5000 | B12: 9000056841 | C12: テープ | D12: 24 | E12: 大 | F12: 4桁 | H12: 0.0192 | I12: =_xlfn.CEILING.MATH(テーブル15[[#This Row],[L1必要リール数]]) -> 1
A13: 5000 | B13: 9000058133 | C13: テープ | D13: 24 | E13: 大 | F13: 4桁 | H13: 0.0192 | I13: =_xlfn.CEILING.MATH(テーブル15[[#This Row],[L1必要リール数]]) -> 1
A14: 500 | B14: 9000063376 | C14: テープ | D14: 24 | E14: 大 | F14: 4桁 | H14: 0.24 | I14: =_xlfn.CEILING.MATH(テーブル15[[#This Row],[L1必要リール数]]) -> 1
A15: 2000 | B15: 9000070060 | C15: テープ | D15: 24 | E15: 大 | F15: 4桁 | H15: 0.246 | I15: =_xlfn.CEILING.MATH(テーブル15[[#This Row],[L1必要リール数]]) -> 1
A16: 1500 | B16: 682584B | C16: テープ | D16: 24 | E16: 大 | F16: 4桁 | H16: 0.256 | I16: =_xlfn.CEILING.MATH(テーブル15[[#This Row],[L1必要リール数]]) -> 1
A17: 1000 | B17: 9000026232A | C17: テープ | D17: 24 | E17: 大 | F17: 4桁 | H17: 0.336 | I17: =_xlfn.CEILING.MATH(テーブル15[[#This Row],[L1必要リール数]]) -> 1
A18: 2500 | B18: 906735 | C18: テープ | D18: 16 | E18: 大 | F18: 3桁 | H18: 0.0096 | I18: =_xlfn.CEILING.MATH(テーブル15[[#This Row],[L1必要リール数]]) -> 1
A19: 400 | B19: 939637 | C19: テープ | D19: 16 | E19: 大 | F19: 3桁 | H19: 1.845 | I19: =_xlfn.CEILING.MATH(テーブル15[[#This Row],[L1必要リール数]]) -> 2
A20: 2000 | B20: 9000011007 | C20: テープ | D20: 16 | E20: 大 | F20: 3桁 | H20: 0.12 | I20: =_xlfn.CEILING.MATH(テーブル15[[#This Row],[L1必要リール数]]) -> 1
A21: 2500 | B21: 9000023984 | C21: テープ | D21: 16 | E21: 小/大 | F21: 3桁 | H21: 0.096 | I21: =_xlfn.CEILING.MATH(テーブル15[[#This Row],[L1必要リール数]]) -> 1
A22: 2500 | B22: 9000024555 | C22: テープ | D22: 16 | E22: 大 | F22: 3桁 | H22: 0.1728 | I22: =_xlfn.CEILING.MATH(テーブル15[[#This Row],[L1必要リール数]]) -> 1
A23: 2000 | B23: 9000036952 | C23: テープ | D23: 16 | E23: 大 | F23: 4桁 | H23: 0.012 | I23: =_xlfn.CEILING.MATH(テーブル15[[#This Row],[L1必要リール数]]) -> 1
A24: 5000 | B24: 9000047548 | C24: テープ | D24: 16 | E24: 大 | F24: 4桁 | H24: 0.0588 | I24: =_xlfn.CEILING.MATH(テーブル15[[#This Row],[L1必要リール数]]) -> 1
A25: 4500 | B25: 9000056173 | C25: テープ | D25: 16 | E25: 大 | F25: 4桁 | H25: 0.023111111 | I25: =_xlfn.CEILING.MATH(テーブル15[[#This Row],[L1必要リール数]]) -> 1
A26: 1800 | B26: 9000057977 | C26: テープ | D26: 16 | E26: 大 | F26: 4桁 | H26: 0.10666667 | I26: =_xlfn.CEILING.MATH(テーブル15[[#This Row],[L1必要リール数]]) -> 1
A27: 2499 | B27: 9000058875 | C27: テープ | D27: 16 | E27: 大 | F27: 4桁 | H27: 0.038415366 | I27: =_xlfn.CEILING.MATH(テーブル15[[#This Row],[L1必要リール数]]) -> 1
A28: 4701 | B28: 9000060354 | C28: テープ | D28: 16 | E28: 大 | F28: 4桁 | H28: 0.0051052967 | I28: =_xlfn.CEILING.MATH(テーブル15[[#This Row],[L1必要リール数]]) -> 1
A29: 2702 | B29: 9000060397 | C29: テープ | D29: 16 | E29: 大 | F29: 3桁 | H29: 0.0088823094 | I29: =_xlfn.CEILING.MATH(テーブル15[[#This Row],[L1必要リール数]]) -> 1
... A33: 1000 | B33: 9000067967 | C33: テープ | D33: 16 | E33: 小/大 | F33: 3桁 | H33: 0.252 | I33: =_xlfn.CEILING.MATH(テーブル15[[#This Row],[L1必要リール数]]) -> 1
A34: 500 | B34: 655408A | C34: テープ | D34: 16 | E34: 大 | F34: 3桁 | H34: 0.24 | I34: =_xlfn.CEILING.MATH(テーブル15[[#This Row],[L1必要リール数]]) -> 1
A35: 2000 | B35: 680826A | C35: テープ | D35: 16 | E35: 大 | F35: 4桁 | H35: 0.315 | I35: =_xlfn.CEILING.MATH(テーブル15[[#This Row],[L1必要リール数]]) -> 1
A36: 1000 | B36: 938023A | C36: テープ | D36: 16 | E36: 小 | F36: 3桁 | H36: 0.24 | I36: =_xlfn.CEILING.MATH(テーブル15[[#This Row],[L1必要リール数]]) -> 1
A37: 2500 | B37: 581399 | C37: テープ | D37: 12 | E37: 大 | F37: 3桁 | H37: 0.2304 | I37: =_xlfn.CEILING.MATH(テーブル15[[#This Row],[L1必要リール数]]) -> 1
A38: 2500 | B38: 581568 | C38: テープ | D38: 12 | E38: 大 | F38: 3桁 | H38: 0.0192 | I38: =_xlfn.CEILING.MATH(テーブル15[[#This Row],[L1必要リール数]]) -> 1
A39: 2000 | B39: 675039 | C39: テープ | D39: 12 | E39: 大 | F39: 3桁 | H39: 0.06 | I39: =_xlfn.CEILING.MATH(テーブル15[[#This Row],[L1必要リール数]]) -> 1
A40: 4000 | B40: 677269 | C40: テープ | D40: 12 | E40: 小 | F40: 3桁 | H40: 0.636 | I40: =_xlfn.CEILING.MATH(テーブル15[[#This Row],[L1必要リール数]]) -> 1
A41: 3000 | B41: 684359 | C41: テープ | D41: 12 | E41: 大 | F41: 3桁 | H41: 0.184 | I41: =_xlfn.CEILING.MATH(テーブル15[[#This Row],[L1必要リール数]]) -> 1
A42: 4500 | B42: 690673 | C42: テープ | D42: 12 | E42: 大 | F42: 3桁 | H42: 0.056 | I42: =_xlfn.CEILING.MATH(テーブル15[[#This Row],[L1必要リール数]]) -> 1
A43: 2000 | B43: 692742 | C43: テープ | D43: 12 | E43: 大 | F43: 3桁 | H43: 0.36 | I43: =_xlfn.CEILING.MATH(テーブル15[[#This Row],[L1必要リール数]]) -> 1
A44: 2000 | B44: 901526 | C44: テープ | D44: 12 | E44: 大 | F44: 3桁 | H44: 0.63 | I44: =_xlfn.CEILING.MATH(テーブル15[[#This Row],[L1必要リール数]]) -> 1
A45: 3000 | B45: 921602 | C45: テープ | D45: 12 | E45: 大 | F45: 3桁 | H45: 0.032 | I45: =_xlfn.CEILING.MATH(テーブル15[[#This Row],[L1必要リール数]]) -> 1
A46: 2500 | B46: 921843 | C46: テープ | D46: 12 | E46: 大 | F46: 3桁 | H46: 0.1344 | I46: =_xlfn.CEILING.MATH(テーブル15[[#This Row],[L1必要リール数]]) -> 1
A47: 3000 | B47: 922405 | C47: テープ | D47: 12 | E47: 大 | F47: 3桁 | H47: 0.008 | I47: =_xlfn.CEILING.MATH(テーブル15[[#This Row],[L1必要リール数]]) -> 1
A48: 500 | B48: 922423 | C48: テープ | D48: 12 | E48: 小 | F48: 3桁 | H48: 2.448 | I48: =_xlfn.CEILING.MATH(テーブル15[[#This Row],[L1必要リール数]]) -> 3
... A89: 3000 | B89: 9000066780 | C89: テープ | D89: 12 | E89: 大 | F89: 3桁 | H89: 0.064 | I89: =_xlfn.CEILING.MATH(テーブル15[[#This Row],[L1必要リール数]]) -> 1
A90: 2000 | B90: 346047B | C90: テープ | D90: 12 | E90: 大 | F90: 3桁 | H90: 0.27 | I90: =_xlfn.CEILING.MATH(テーブル15[[#This Row],[L1必要リール数]]) -> 1
A91: 500 | B91: 394921C | C91: テープ | D91: 12 | E91: 小 | F91: 3桁 | H91: 0.048 | I91: =_xlfn.CEILING.MATH(テーブル15[[#This Row],[L1必要リール数]]) -> 1
A92: 1000 | B92: 576378A | C92: テープ | D92: 12 | E92: 小 | F92: 3桁 | H92: 0.216 | I92: =_xlfn.CEILING.MATH(テーブル15[[#This Row],[L1必要リール数]]) -> 1
A93: 1500 | B93: 581131B | C93: テープ | D93: 12 | E93: 大 | F93: 3桁 | H93: 0.16 | I93: =_xlfn.CEILING.MATH(テーブル15[[#This Row],[L1必要リール数]]) -> 1
A94: 2500 | B94: 653081A | C94: テープ | D94: 12 | E94: 大 | F94: 3桁 | H94: 0.048 | I94: =_xlfn.CEILING.MATH(テーブル15[[#This Row],[L1必要リール数]]) -> 1
A95: 1000 | B95: 660483A | C95: テープ | D95: 12 | E95: 小 | F95: 3桁 | H95: 0.104 | I95: =_xlfn.CEILING.MATH(テーブル15[[#This Row],[L1必要リール数]]) -> 1
A96: 1500 | B96: 675324A | C96: テープ | D96: 12 | E96: 小/大 | F96: 3桁 | H96: 0.064 | I96: =_xlfn.CEILING.MATH(テーブル15[[#This Row],[L1必要リール数]]) -> 1
A97: 1500 | B97: 675333A | C97: テープ | D97: 12 | E97: 小/大 | F97: 3桁 | H97: 0.488 | I97: =_xlfn.CEILING.MATH(テーブル15[[#This Row],[L1必要リール数]]) -> 1
A98: 2000 | B98: 904568A | C98: テープ | D98: 12 | E98: 小 | F98: 3桁 | H98: 0.052 | I98: =_xlfn.CEILING.MATH(テーブル15[[#This Row],[L1必要リール数]]) -> 1
A99: 5000 | B99: 536172 | C99: テープ | D99: 8 | E99: 小 | F99: 3桁 | H99: 0.0624 | I99: =_xlfn.CEILING.MATH(テーブル15[[#This Row],[L1必要リール数]]) -> 1
A100: 5000 | B100: 554295 | C100: テープ | D100: 8 | E100: 小 | F100: 3桁 | H100: 0.0048 | I100: =_xlfn.CEILING.MATH(テーブル15[[#This Row],[L1必要リール数]]) -> 1
A101: 1500 | B101: 582709 | C101: テープ | D101: 8 | E101: 小 | F101: 3桁 | G101: マックドライ | H101: 0.016 | I101: =_xlfn.CEILING.MATH(テーブル15[[#This Row],[L1必要リール数]]) -> 1
A102: 10000 | B102: 606489 | C102: テープ | D102: 8 | E102: 小 | F102: 3桁 | G102: マックドライ | H102: 0.1512 | I102: =_xlfn.CEILING.MATH(テーブル15[[#This Row],[L1必要リール数]]) -> 1
A103: 10000 | B103: 620598 | C103: テープ | D103: 8 | E103: 小 | F103: 3桁 | H103: 1.222 | I103: =_xlfn.CEILING.MATH(テーブル15[[#This Row],[L1必要リール数]]) -> 2
A104: 10000 | B104: 620606 | C104: テープ | D104: 8 | E104: 小 | F104: 3桁 | H104: 0.1548 | I104: =_xlfn.CEILING.MATH(テーブル15[[#This Row],[L1必要リール数]]) -> 1
A105: 10000 | B105: 620624 | C105: テープ | D105: 8 | E105: 小 | F105: 3桁 | H105: 1.1866 | I105: =_xlfn.CEILING.MATH(テーブル15[[#This Row],[L1必要リール数]]) -> 2
A106: 10000 | B106: 620758 | C106: テープ | D106: 8 | E106: 小 | F106: 3桁 | H106: 0.192 | I106: =_xlfn.CEILING.MATH(テーブル15[[#This Row],[L1必要リール数]]) -> 1
A107: 10000 | B107: 620767 | C107: テープ | D107: 8 | E107: 小 | F107: 3桁 | H107: 0.0192 | I107: =_xlfn.CEILING.MATH(テーブル15[[#This Row],[L1必要リール数]]) -> 1
A108: 10000 | B108: 621552 | C108: テープ | D108: 8 | E108: 小 | F108: 3桁 | H108: 2.5118 | I108: =_xlfn.CEILING.MATH(テーブル15[[#This Row],[L1必要リール数]]) -> 3
A109: 10000 | B109: 632023 | C109: テープ | D109: 8 | E109: 小 | F109: 3桁 | H109: 0.5388 | I109: =_xlfn.CEILING.MATH(テーブル15[[#This Row],[L1必要リール数]]) -> 1
A110: 10000 | B110: 632032 | C110: テープ | D110: 8 | E110: 小 | F110: 3桁 | H110: 0.0486 | I110: =_xlfn.CEILING.MATH(テーブル15[[#This Row],[L1必要リール数]]) -> 1
A111: 10000 | B111: 632718 | C111: テープ | D111: 8 | E111: 小 | F111: 3桁 | H111: 0.432 | I111: =_xlfn.CEILING.MATH(テーブル15[[#This Row],[L1必要リール数]]) -> 1
A112: 10000 | B112: 639114 | C112: テープ | D112: 8 | E112: 小 | F112: 3桁 | H112: 0.0384 | I112: =_xlfn.CEILING.MATH(テーブル15[[#This Row],[L1必要リール数]]) -> 1
A113: 10000 | B113: 639132 | C113: テープ | D113: 8 | E113: 小 | F113: 3桁 | H113: 0.636 | I113: =_xlfn.CEILING.MATH(テーブル15[[#This Row],[L1必要リール数]]) -> 1
A114: 5000 | B114: 644955 | C114: テープ | D114: 8 | E114: 小 | F114: 3桁 | H114: 0.048 | I114: =_xlfn.CEILING.MATH(テーブル15[[#This Row],[L1必要リール数]]) -> 1
... A138: 10000 | B138: 667743 | C138: テープ | D138: 8 | E138: 小 | F138: 3桁 | H138: 0.0744 | I138: =_xlfn.CEILING.MATH(テーブル15[[#This Row],[L1必要リール数]]) -> 1
A139: 10000 | B139: 667752 | C139: テープ | D139: 8 | E139: 小 | F139: 3桁 | G139: マックドライ | H139: 0.2444 | I139: =_xlfn.CEILING.MATH(テーブル15[[#This Row],[L1必要リール数]]) -> 1
A140: 10000 | B140: 667761 | C140: テープ | D140: 8 | E140: 小 | F140: 3桁 | G140: マックドライ | H140: 0.063 | I140: =_xlfn.CEILING.MATH(テーブル15[[#This Row],[L1必要リール数]]) -> 1
A141: 10000 | B141: 667779 | C141: テープ | D141: 8 | E141: 小 | F141: 3桁 | G141: マックドライ | H141: 0.1026 | I141: =_xlfn.CEILING.MATH(テーブル15[[#This Row],[L1必要リール数]]) -> 1
A142: 10000 | B142: 667788 | C142: テープ | D142: 8 | E142: 小 | F142: 3桁 | G142: マックドライ | H142: 0.4102 | I142: =_xlfn.CEILING.MATH(テーブル15[[#This Row],[L1必要リール数]]) -> 1
A143: 10000 | B143: 667797 | C143: テープ | D143: 8 | E143: 小 | F143: 3桁 | G143: マックドライ | H143: 0.4614 | I143: =_xlfn.CEILING.MATH(テーブル15[[#This Row],[L1必要リール数]]) -> 1
A144: 10000 | B144: 667805 | C144: テープ | D144: 8 | E144: 小 | F144: 3桁 | G144: マックドライ | H144: 0.0588 | I144: =_xlfn.CEILING.MATH(テーブル15[[#This Row],[L1必要リール数]]) -> 1
A145: 10000 | B145: 667814 | C145: テープ | D145: 8 | E145: 小 | F145: 3桁 | G145: マックドライ | H145: 0.3696 | I145: =_xlfn.CEILING.MATH(テーブル15[[#This Row],[L1必要リール数]]) -> 1
A146: 10000 | B146: 667823 | C146: テープ | D146: 8 | E146: 小 | F146: 3桁 | G146: マックドライ | H146: 0.1506 | I146: =_xlfn.CEILING.MATH(テーブル15[[#This Row],[L1必要リール数]]) -> 1
A147: 10000 | B147: 667841 | C147: テープ | D147: 8 | E147: 小 | F147: 3桁 | H147: 0.252 | I147: =_xlfn.CEILING.MATH(テーブル15[[#This Row],[L1必要リール数]]) -> 1
A148: 10000 | B148: 667868 | C148: テープ | D148: 8 | E148: 小 | F148: 3桁 | H148: 0.0384 | I148: =_xlfn.CEILING.MATH(テーブル15[[#This Row],[L1必要リール数]]) -> 1
A149: 10000 | B149: 667877 | C149: テープ | D149: 8 | E149: 小 | F149: 3桁 | G149: マックドライ | H149: 0.0192 | I149: =_xlfn.CEILING.MATH(テーブル15[[#This Row],[L1必要リール数]]) -> 1
A150: 15000 | B150: 668323 | C150: テープ | D150: 8 | E150: 小 | F150: 3桁 | H150: 2.544 | I150: =_xlfn.CEILING.MATH(テーブル15[[#This Row],[L1必要リール数]]) -> 3
A151: 10000 | B151: 668885 | C151: テープ | D151: 8 | E151: 小 | F151: 3桁 | H151: 1.4022 | I151: =_xlfn.CEILING.MATH(テーブル15[[#This Row],[L1必要リール数]]) -> 2
A152: 10000 | B152: 672595 | C152: テープ | D152: 8 | E152: 小 | F152: 3桁 | H152: 0.6648 | I152: =_xlfn.CEILING.MATH(テーブル15[[#This Row],[L1必要リール数]]) -> 1
A153: 4000 | B153: 674147 | C153: テープ | D153: 8 | E153: 小 | F153: 3桁 | G153: マックドライ | H153: 0.111 | I153: =_xlfn.CEILING.MATH(テーブル15[[#This Row],[L1必要リール数]]) -> 1
A154: 4000 | B154: 674815 | C154: テープ | D154: 8 | E154: 小 | F154: 3桁 | G154: マックドライ | H154: 0.024 | I154: =_xlfn.CEILING.MATH(テーブル15[[#This Row],[L1必要リール数]]) -> 1
A155: 10000 | B155: 677331 | C155: テープ | D155: 8 | E155: 小 | F155: 3桁 | H155: 0.024 | I155: =_xlfn.CEILING.MATH(テーブル15[[#This Row],[L1必要リール数]]) -> 1
A156: 10000 | B156: 677349 | C156: テープ | D156: 8 | E156: 小 | F156: 3桁 | H156: 0.1356 | I156: =_xlfn.CEILING.MATH(テーブル15[[#This Row],[L1必要リール数]]) -> 1
A157: 2000 | B157: 678232 | C157: テープ | D157: 8 | E157: 小 | F157: 3桁 | H157: 0.15 | I157: =_xlfn.CEILING.MATH(テーブル15[[#This Row],[L1必要リール数]]) -> 1
A158: 10000 | B158: 678615 | C158: テープ | D158: 8 | E158: 小 | F158: 3桁 | H158: 0.0192 | I158: =_xlfn.CEILING.MATH(テーブル15[[#This Row],[L1必要リール数]]) -> 1
A159: 10000 | B159: 680577 | C159: テープ | D159: 8 | E159: 小 | F159: 3桁 | H159: 0.108 | I159: =_xlfn.CEILING.MATH(テーブル15[[#This Row],[L1必要リール数]]) -> 1
A160: 4000 | B160: 680666 | C160: テープ | D160: 8 | E160: 小 | F160: 3桁 | H160: 0.315 | I160: =_xlfn.CEILING.MATH(テーブル15[[#This Row],[L1必要リール数]]) -> 1
A161: 4000 | B161: 683805 | C161: テープ | D161: 8 | E161: 小 | F161: 3桁 | H161: 0.014 | I161: =_xlfn.CEILING.MATH(テーブル15[[#This Row],[L1必要リール数]]) -> 1
A162: 10000 | B162: 683814 | C162: テープ | D162: 8 | E162: 小 | F162: 3桁 | H162: 0.0288 | I162: =_xlfn.CEILING.MATH(テーブル15[[#This Row],[L1必要リール数]]) -> 1
A163: 10000 | B163: 683823 | C163: テープ | D163: 8 | E163: 小 | F163: 3桁 | H163: 0.024 | I163: =_xlfn.CEILING.MATH(テーブル15[[#This Row],[L1必要リール数]]) -> 1
A164: 10000 | B164: 683832 | C164: テープ | D164: 8 | E164: 小 | F164: 3桁 | H164: 0.1308 | I164: =_xlfn.CEILING.MATH(テーブル15[[#This Row],[L1必要リール数]]) -> 1
A165: 10000 | B165: 683841 | C165: テープ | D165: 8 | E165: 小 | F165: 3桁 | H165: 0.114 | I165: =_xlfn.CEILING.MATH(テーブル15[[#This Row],[L1必要リール数]]) -> 1
A166: 10000 | B166: 683859 | C166: テープ | D166: 8 | E166: 小 | F166: 3桁 | H166: 0.138 | I166: =_xlfn.CEILING.MATH(テーブル15[[#This Row],[L1必要リール数]]) -> 1
...

Sheet L1 piv
A3: 行ラベル | B3: 合計 / L1必要リール数(切り上げ)
B4: 436
A5: テープ | B5: 427
A6: 3桁 | B6: 395
A7: 8 | B7: 322
A8: 小 | B8: 313
A9: 小/大 | B9: 6
A10: 大 | B10: 3
A11: 12 | B11: 61
A12: 小 | B12: 22
A13: 小/大 | B13: 3
A14: 大 | B14: 36
A15: 16 | B15: 12
A16: 小 | B16: 2
A17: 小/大 | B17: 3
A18: 大 | B18: 7
A19: 4桁 | B19: 32
A20: 8 | B20: 6
A21: 小 | B21: 6
A22: 12 | B22: 3
A23: 小 | B23: 1
A24: 大 | B24: 2
A25: 16 | B25: 8
A26: 大 | B26: 8
A27: 24 | B27: 11
A28: 大 | B28: 11
A29: 32 | B29: 1
A30: 大 | B30: 1
A31: 44 | B31: 3
A32: 大 | B32: 3
A33: トレイ | B33: 9
A34: マックドライ | B34: 38
A35: 総計 | B35: 474

Sheet L2
A1: 1リールあたりの数量 | B1: 部品 | C1: 形式 | D1: テープ幅 | E1: リールサイズ | F1: ノズル分類 | G1: マックドライ | H1: L2必要リール数 | I1: L2必要リール数(切り上げ)
A2: 500 | B2: 937202 | C2: テープ | D2: 56 | E2: 大 | F2: 4桁 | G2: マックドライ | H2: 0.048 | I2: =_xlfn.CEILING.MATH(テーブル14[[#This Row],[L2必要リール数]]) -> 1
A3: 1000 | B3: 9000065097 | C3: テープ | D3: 56 | E3: 大 | F3: 4桁 | H3: 0.048 | I3: =_xlfn.CEILING.MATH(テーブル14[[#This Row],[L2必要リール数]]) -> 1
A4: 1000 | B4: 608014 | C4: テープ | D4: 44 | E4: 大 | F4: 4桁 | H4: 0.024 | I4: =_xlfn.CEILING.MATH(テーブル14[[#This Row],[L2必要リール数]]) -> 1
A5: 1000 | B5: 719073 | C5: テープ | D5: 44 | E5: 大 | F5: 4桁 | H5: 0.048 | I5: =_xlfn.CEILING.MATH(テーブル14[[#This Row],[L2必要リール数]]) -> 1
A6: 1500 | B6: 912924 | C6: テープ | D6: 44 | E6: 大 | F6: 4桁 | H6: 0.064 | I6: =_xlfn.CEILING.MATH(テーブル14[[#This Row],[L2必要リール数]]) -> 1
A7: 2000 | B7: 920336 | C7: テープ | D7: 44 | E7: 大 | F7: 4桁 | H7: 0.055 | I7: =_xlfn.CEILING.MATH(テーブル14[[#This Row],[L2必要リール数]]) -> 1
A8: 1000 | B8: 9000002588 | C8: テープ | D8: 44 | E8: 大 | F8: 4桁 | H8: 0.024 | I8: =_xlfn.CEILING.MATH(テーブル14[[#This Row],[L2必要リール数]]) -> 1
A9: 1000 | B9: 9000046816 | C9: テープ | D9: 44 | E9: 大 | F9: 4桁 | H9: 0.096 | I9: =_xlfn.CEILING.MATH(テーブル14[[#This Row],[L2必要リール数]]) -> 1
A10: 800 | B10: 9000046834 | C10: テープ | D10: 44 | E10: 大 | F10: 4桁 | H10: 0.12 | I10: =_xlfn.CEILING.MATH(テーブル14[[#This Row],[L2必要リール数]]) -> 1
A11: 900 | B11: 9000047441 | C11: テープ | D11: 44 | E11: 大 | F11: 4桁 | H11: 0.26666667 | I11: =_xlfn.CEILING.MATH(テーブル14[[#This Row],[L2必要リール数]]) -> 1
A12: 800 | B12: 9000052943 | C12: テープ | D12: 44 | E12: 大 | F12: 4桁 | H12: 0.24 | I12: =_xlfn.CEILING.MATH(テーブル14[[#This Row],[L2必要リール数]]) -> 1
A13: 650 | B13: 9000052961 | C13: テープ | D13: 44 | E13: 大 | F13: 4桁 | H13: 0.88615385 | I13: =_xlfn.CEILING.MATH(テーブル14[[#This Row],[L2必要リール数]]) -> 1
A14: 350 | B14: 9000054442 | C14: テープ | D14: 44 | E14: 大 | F14: 4桁 | H14: 0.13714286 | I14: =_xlfn.CEILING.MATH(テーブル14[[#This Row],[L2必要リール数]]) -> 1
... A23: 200 | B23: 9000069182 | C23: テープ | D23: 44 | E23: 大 | F23: 4桁 | H23: 0.96 | I23: =_xlfn.CEILING.MATH(テーブル14[[#This Row],[L2必要リール数]]) -> 1
A24: 1000 | B24: 547472A | C24: テープ | D24: 44 | E24: 大 | F24: 4桁 | H24: 0.15 | I24: =_xlfn.CEILING.MATH(テーブル14[[#This Row],[L2必要リール数]]) -> 1
A25: 450 | B25: 911578B | C25: テープ | D25: 44 | E25: 大 | F25: 4桁 | H25: 0.32 | I25: =_xlfn.CEILING.MATH(テーブル14[[#This Row],[L2必要リール数]]) -> 1
A26: 1000 | B26: 937194 | C26: テープ | D26: 32 | E26: 大 | F26: 4桁 | H26: 0.024 | I26: =_xlfn.CEILING.MATH(テーブル14[[#This Row],[L2必要リール数]]) -> 1
A27: 500 | B27: 937666 | C27: テープ | D27: 32 | E27: 大 | F27: 4桁 | H27: 0.336 | I27: =_xlfn.CEILING.MATH(テーブル14[[#This Row],[L2必要リール数]]) -> 1
A28: 500 | B28: 937675 | C28: テープ | D28: 32 | E28: 大 | F28: 4桁 | H28: 0.144 | I28: =_xlfn.CEILING.MATH(テーブル14[[#This Row],[L2必要リール数]]) -> 1
A29: 2000 | B29: 9000001152 | C29: テープ | D29: 32 | E29: 大 | F29: 4桁 | H29: 0.086 | I29: =_xlfn.CEILING.MATH(テーブル14[[#This Row],[L2必要リール数]]) -> 1
A30: 1100 | B30: 9000003114 | C30: テープ | D30: 32 | E30: 大 | F30: 4桁 | H30: 0.043636364 | I30: =_xlfn.CEILING.MATH(テーブル14[[#This Row],[L2必要リール数]]) -> 1
A31: 800 | B31: 9000003132 | C31: テープ | D31: 32 | E31: 大 | F31: 4桁 | H31: 0.3675 | I31: =_xlfn.CEILING.MATH(テーブル14[[#This Row],[L2必要リール数]]) -> 1
A32: 1300 | B32: 9000003141 | C32: テープ | D32: 32 | E32: 大 | F32: 4桁 | H32: 0.073846154 | I32: =_xlfn.CEILING.MATH(テーブル14[[#This Row],[L2必要リール数]]) -> 1
A33: 500 | B33: 9000005585 | C33: テープ | D33: 32 | E33: 大 | F33: 4桁 | H33: 0.048 | I33: =_xlfn.CEILING.MATH(テーブル14[[#This Row],[L2必要リール数]]) -> 1
A34: 1100 | B34: 9000006031 | C34: テープ | D34: 32 | E34: 大 | F34: 4桁 | H34: 0.021818182 | I34: =_xlfn.CEILING.MATH(テーブル14[[#This Row],[L2必要リール数]]) -> 1
A35: 200 | B35: 9000057279 | C35: テープ | D35: 32 | E35: 大 | F35: 4桁 | H35: 0.24 | I35: =_xlfn.CEILING.MATH(テーブル14[[#This Row],[L2必要リール数]]) -> 1
A36: 1000 | B36: 9000065016 | C36: テープ | D36: 32 | E36: 大 | F36: 4桁 | H36: 0.096 | I36: =_xlfn.CEILING.MATH(テーブル14[[#This Row],[L2必要リール数]]) -> 1
A37: 1000 | B37: 9000065017 | C37: テープ | D37: 32 | E37: 大 | F37: 4桁 | H37: 0.12 | I37: =_xlfn.CEILING.MATH(テーブル14[[#This Row],[L2必要リール数]]) -> 1
... A39: 250 | B39: 9000069183 | C39: テープ | D39: 32 | E39: 大 | F39: 4桁 | H39: 0.192 | I39: =_xlfn.CEILING.MATH(テーブル14[[#This Row],[L2必要リール数]]) -> 1
A40: 200 | B40: 568752A | C40: テープ | D40: 32 | E40: 大 | F40: 4桁 | H40: 0.36 | I40: =_xlfn.CEILING.MATH(テーブル14[[#This Row],[L2必要リール数]]) -> 1
A41: 1250 | B41: 661099A | C41: テープ | D41: 32 | E41: 大 | F41: 4桁 | H41: 0.048 | I41: =_xlfn.CEILING.MATH(テーブル14[[#This Row],[L2必要リール数]]) -> 1
A42: 400 | B42: 664425 | C42: テープ | D42: 24 | E42: 大 | F42: 4桁 | H42: 0.15 | I42: =_xlfn.CEILING.MATH(テーブル14[[#This Row],[L2必要リール数]]) -> 1
A43: 400 | B43: 716486 | C43: テープ | D43: 24 | E43: 大 | F43: 4桁 | H43: 0.3 | I43: =_xlfn.CEILING.MATH(テーブル14[[#This Row],[L2必要リール数]]) -> 1
A44: 400 | B44: 911426 | C44: テープ | D44: 24 | E44: 大 | F44: 4桁 | H44: 0.06 | I44: =_xlfn.CEILING.MATH(テーブル14[[#This Row],[L2必要リール数]]) -> 1
A45: 500 | B45: 915663 | C45: テープ | D45: 24 | E45: 大 | F45: 4桁 | H45: 3.012 | I45: =_xlfn.CEILING.MATH(テーブル14[[#This Row],[L2必要リール数]]) -> 4
A46: 500 | B46: 917607 | C46: テープ | D46: 24 | E46: 大 | F46: 4桁 | H46: 0.192 | I46: =_xlfn.CEILING.MATH(テーブル14[[#This Row],[L2必要リール数]]) -> 1
A47: 500 | B47: 917616 | C47: テープ | D47: 24 | E47: 大 | F47: 4桁 | H47: 0.768 | I47: =_xlfn.CEILING.MATH(テーブル14[[#This Row],[L2必要リール数]]) -> 1
A48: 500 | B48: 917625 | C48: テープ | D48: 24 | E48: 大 | F48: 4桁 | H48: 0.096 | I48: =_xlfn.CEILING.MATH(テーブル14[[#This Row],[L2必要リール数]]) -> 1
A49: 2000 | B49: 920167 | C49: テープ | D49: 24 | E49: 大 | F49: 4桁 | H49: 0.024 | I49: =_xlfn.CEILING.MATH(テーブル14[[#This Row],[L2必要リール数]]) -> 1
A50: 500 | B50: 930209 | C50: テープ | D50: 24 | E50: 大 | F50: 4桁 | G50: マックドライ | H50: 0.096 | I50: =_xlfn.CEILING.MATH(テーブル14[[#This Row],[L2必要リール数]]) -> 1
A51: 1000 | B51: 930878 | C51: テープ | D51: 24 | E51: 大 | F51: 4桁 | G51: マックドライ | H51: 0.072 | I51: =_xlfn.CEILING.MATH(テーブル14[[#This Row],[L2必要リール数]]) -> 1
A52: 500 | B52: 934731 | C52: テープ | D52: 24 | E52: 大 | F52: 4桁 | H52: 0.144 | I52: =_xlfn.CEILING.MATH(テーブル14[[#This Row],[L2必要リール数]]) -> 1
A53: 1000 | B53: 937229 | C53: テープ | D53: 24 | E53: 大 | F53: 4桁 | H53: 0.024 | I53: =_xlfn.CEILING.MATH(テーブル14[[#This Row],[L2必要リール数]]) -> 1
A54: 2000 | B54: 937407 | C54: テープ | D54: 24 | E54: 大 | F54: 4桁 | H54: 0.632 | I54: =_xlfn.CEILING.MATH(テーブル14[[#This Row],[L2必要リール数]]) -> 1
A55: 800 | B55: 9000003097 | C55: テープ | D55: 24 | E55: 大 | F55: 4桁 | H55: 0.105 | I55: =_xlfn.CEILING.MATH(テーブル14[[#This Row],[L2必要リール数]]) -> 1
A56: 1100 | B56: 9000003123 | C56: テープ | D56: 24 | E56: 大 | F56: 4桁 | H56: 0.18545455 | I56: =_xlfn.CEILING.MATH(テーブル14[[#This Row],[L2必要リール数]]) -> 1
A57: 1100 | B57: 9000003159 | C57: テープ | D57: 24 | E57: 大 | F57: 4桁 | H57: 0.17454545 | I57: =_xlfn.CEILING.MATH(テーブル14[[#This Row],[L2必要リール数]]) -> 1
A58: 1300 | B58: 9000003186 | C58: テープ | D58: 24 | E58: 大 | F58: 4桁 | H58: 0.046153846 | I58: =_xlfn.CEILING.MATH(テーブル14[[#This Row],[L2必要リール数]]) -> 1
A59: 500 | B59: 9000028364 | C59: テープ | D59: 24 | E59: 大 | F59: 4桁 | H59: 0.192 | I59: =_xlfn.CEILING.MATH(テーブル14[[#This Row],[L2必要リール数]]) -> 1
A60: 400 | B60: 9000041456 | C60: テープ | D60: 24 | E60: 大 | F60: 4桁 | H60: 0.06 | I60: =_xlfn.CEILING.MATH(テーブル14[[#This Row],[L2必要リール数]]) -> 1
A61: 1000 | B61: 9000045381 | C61: テープ | D61: 24 | E61: 大 | F61: 4桁 | H61: 0.072 | I61: =_xlfn.CEILING.MATH(テーブル14[[#This Row],[L2必要リール数]]) -> 1
A62: 1300 | B62: 9000045523 | C62: テープ | D62: 24 | E62: 大 | F62: 4桁 | H62: 0.13538462 | I62: =_xlfn.CEILING.MATH(テーブル14[[#This Row],[L2必要リール数]]) -> 1
A63: 1100 | B63: 9000045559 | C63: テープ | D63: 24 | E63: 大 | F63: 4桁 | H63: 0.043636364 | I63: =_xlfn.CEILING.MATH(テーブル14[[#This Row],[L2必要リール数]]) -> 1
... A82: 500 | B82: 9000065018 | C82: テープ | D82: 24 | E82: 大 | F82: 4桁 | H82: 0.096 | I82: =_xlfn.CEILING.MATH(テーブル14[[#This Row],[L2必要リール数]]) -> 1
A83: 500 | B83: 494234B | C83: テープ | D83: 24 | E83: 大 | F83: 4桁 | H83: 0.048 | I83: =_xlfn.CEILING.MATH(テーブル14[[#This Row],[L2必要リール数]]) -> 1
A84: 500 | B84: 514142C | C84: テープ | D84: 24 | E84: 大 | F84: 4桁 | H84: 0.048 | I84: =_xlfn.CEILING.MATH(テーブル14[[#This Row],[L2必要リール数]]) -> 1
A85: 500 | B85: 572195A | C85: テープ | D85: 24 | E85: 大 | F85: 4桁 | H85: 0.192 | I85: =_xlfn.CEILING.MATH(テーブル14[[#This Row],[L2必要リール数]]) -> 1
A86: 500 | B86: 572203A | C86: テープ | D86: 24 | E86: 大 | F86: 4桁 | H86: 0.816 | I86: =_xlfn.CEILING.MATH(テーブル14[[#This Row],[L2必要リール数]]) -> 1
A87: 500 | B87: 616023A | C87: テープ | D87: 24 | E87: 大 | F87: 4桁 | H87: 0.192 | I87: =_xlfn.CEILING.MATH(テーブル14[[#This Row],[L2必要リール数]]) -> 1
A88: 1500 | B88: 626654A | C88: テープ | D88: 24 | E88: 大 | F88: 3桁 | H88: 0.632 | I88: =_xlfn.CEILING.MATH(テーブル14[[#This Row],[L2必要リール数]]) -> 1
A89: 1000 | B89: 649139A | C89: テープ | D89: 24 | E89: 大 | F89: 4桁 | H89: 0.528 | I89: =_xlfn.CEILING.MATH(テーブル14[[#This Row],[L2必要リール数]]) -> 1
A90: 1250 | B90: 656461A | C90: テープ | D90: 24 | E90: 大 | F90: 4桁 | G90: マックドライ | H90: 0.0192 | I90: =_xlfn.CEILING.MATH(テーブル14[[#This Row],[L2必要リール数]]) -> 1
A91: 500 | B91: 677438A | C91: テープ | D91: 24 | E91: 大 | F91: 4桁 | H91: 0.096 | I91: =_xlfn.CEILING.MATH(テーブル14[[#This Row],[L2必要リール数]]) -> 1
A92: 500 | B92: 679187A | C92: テープ | D92: 24 | E92: 大 | F92: 4桁 | H92: 0.3 | I92: =_xlfn.CEILING.MATH(テーブル14[[#This Row],[L2必要リール数]]) -> 1
A93: 500 | B93: 679356A | C93: テープ | D93: 24 | E93: 大 | F93: 4桁 | H93: 0.312 | I93: =_xlfn.CEILING.MATH(テーブル14[[#This Row],[L2必要リール数]]) -> 1
A94: 1500 | B94: 913487A | C94: テープ | D94: 24 | E94: 大 | F94: 4桁 | G94: マックドライ | H94: 0.016 | I94: =_xlfn.CEILING.MATH(テーブル14[[#This Row],[L2必要リール数]]) -> 1
A95: 2000 | B95: 915823A | C95: テープ | D95: 24 | E95: 大 | F95: 4桁 | H95: 0.087 | I95: =_xlfn.CEILING.MATH(テーブル14[[#This Row],[L2必要リール数]]) -> 1
A96: 4000 | B96: 612357 | C96: テープ | D96: 16 | E96: 小 | F96: 4桁 | H96: 0.084 | I96: =_xlfn.CEILING.MATH(テーブル14[[#This Row],[L2必要リール数]]) -> 1
A97: 2000 | B97: 666789 | C97: テープ | D97: 16 | E97: 大 | F97: 3桁 | H97: 0.498 | I97: =_xlfn.CEILING.MATH(テーブル14[[#This Row],[L2必要リール数]]) -> 1
A98: 2000 | B98: 666798 | C98: テープ | D98: 16 | E98: 大 | F98: 3桁 | H98: 0.16 | I98: =_xlfn.CEILING.MATH(テーブル14[[#This Row],[L2必要リール数]]) -> 1
A99: 1000 | B99: 670588 | C99: テープ | D99: 16 | E99: 大 | F99: 3桁 | H99: 0.326 | I99: =_xlfn.CEILING.MATH(テーブル14[[#This Row],[L2必要リール数]]) -> 1
A100: 500 | B100: 691912 | C100: テープ | D100: 16 | E100: 大 | F100: 3桁 | H100: 0.592 | I100: =_xlfn.CEILING.MATH(テーブル14[[#This Row],[L2必要リール数]]) -> 1
A101: 1000 | B101: 691921 | C101: テープ | D101: 16 | E101: 大 | F101: 3桁 | H101: 0.248 | I101: =_xlfn.CEILING.MATH(テーブル14[[#This Row],[L2必要リール数]]) -> 1
A102: 1000 | B102: 717921 | C102: テープ | D102: 16 | E102: 大 | F102: 3桁 | H102: 0.18 | I102: =_xlfn.CEILING.MATH(テーブル14[[#This Row],[L2必要リール数]]) -> 1
A103: 1000 | B103: 900866 | C103: テープ | D103: 16 | E103: 大 | F103: 3桁 | H103: 0.08 | I103: =_xlfn.CEILING.MATH(テーブル14[[#This Row],[L2必要リール数]]) -> 1
A104: 2500 | B104: 907645 | C104: テープ | D104: 16 | E104: 大 | F104: 3桁 | H104: 0.0192 | I104: =_xlfn.CEILING.MATH(テーブル14[[#This Row],[L2必要リール数]]) -> 1
A105: 1000 | B105: 913059 | C105: テープ | D105: 16 | E105: 小 | F105: 3桁 | H105: 0.06 | I105: =_xlfn.CEILING.MATH(テーブル14[[#This Row],[L2必要リール数]]) -> 1
A106: 900 | B106: 915681 | C106: テープ | D106: 16 | E106: 大 | F106: 3桁 | H106: 0.16 | I106: =_xlfn.CEILING.MATH(テーブル14[[#This Row],[L2必要リール数]]) -> 1
A107: 1000 | B107: 915699 | C107: テープ | D107: 16 | E107: 大 | F107: 4桁 | H107: 0.15 | I107: =_xlfn.CEILING.MATH(テーブル14[[#This Row],[L2必要リール数]]) -> 1
... A149: 2500 | B149: 9000069794 | C149: テープ | D149: 16 | E149: 大 | F149: 3桁 | H149: 0.048 | I149: =_xlfn.CEILING.MATH(テーブル14[[#This Row],[L2必要リール数]]) -> 1
A150: 2000 | B150: 361636C | C150: テープ | D150: 16 | E150: 大 | F150: 4桁 | H150: 0.271 | I150: =_xlfn.CEILING.MATH(テーブル14[[#This Row],[L2必要リール数]]) -> 1
A151: 2000 | B151: 362011A | C151: テープ | D151: 16 | E151: 大 | F151: 3桁 | H151: 0.072 | I151: =_xlfn.CEILING.MATH(テーブル14[[#This Row],[L2必要リール数]]) -> 1
A152: 2000 | B152: 442496B | C152: テープ | D152: 16 | E152: 大 | F152: 3桁 | H152: 0.043 | I152: =_xlfn.CEILING.MATH(テーブル14[[#This Row],[L2必要リール数]]) -> 1
A153: 1500 | B153: 442959B | C153: テープ | D153: 16 | E153: 大 | F153: 3桁 | H153: 0.04 | I153: =_xlfn.CEILING.MATH(テーブル14[[#This Row],[L2必要リール数]]) -> 1
A154: 2000 | B154: 490719A | C154: テープ | D154: 16 | E154: 大 | F154: 3桁 | H154: 0.03 | I154: =_xlfn.CEILING.MATH(テーブル14[[#This Row],[L2必要リール数]]) -> 1
A155: 3000 | B155: 548676B | C155: テープ | D155: 16 | E155: 大 | F155: 3桁 | H155: 0.008 | I155: =_xlfn.CEILING.MATH(テーブル14[[#This Row],[L2必要リール数]]) -> 1
A156: 1000 | B156: 581639A | C156: テープ | D156: 16 | E156: 大 | F156: 4桁 | H156: 0.288 | I156: =_xlfn.CEILING.MATH(テーブル14[[#This Row],[L2必要リール数]]) -> 1
A157: 1000 | B157: 598113A | C157: テープ | D157: 16 | E157: 大 | F157: 4桁 | H157: 0.024 | I157: =_xlfn.CEILING.MATH(テーブル14[[#This Row],[L2必要リール数]]) -> 1
A158: 1000 | B158: 614489B | C158: テープ | D158: 16 | E158: 大 | F158: 3桁 | H158: 0.024 | I158: =_xlfn.CEILING.MATH(テーブル14[[#This Row],[L2必要リール数]]) -> 1
A159: 1000 | B159: 616504A | C159: テープ | D159: 16 | E159: 大 | F159: 3桁 | H159: 0.848 | I159: =_xlfn.CEILING.MATH(テーブル14[[#This Row],[L2必要リール数]]) -> 1
A160: 1500 | B160: 626877A | C160: テープ | D160: 16 | E160: 大 | F160: 3桁 | H160: 0.384 | I160: =_xlfn.CEILING.MATH(テーブル14[[#This Row],[L2必要リール数]]) -> 1
A161: 1500 | B161: 627199A | C161: テープ | D161: 16 | E161: 大 | F161: 4桁 | H161: 0.016 | I161: =_xlfn.CEILING.MATH(テーブル14[[#This Row],[L2必要リール数]]) -> 1
... A164: 250 | B164: 643199C | C164: テープ | D164: 16 | E164: 小 | F164: 3桁 | H164: 0.48 | I164: =_xlfn.CEILING.MATH(テーブル14[[#This Row],[L2必要リール数]]) -> 1
A165: 2000 | B165: 662935A | C165: テープ | D165: 16 | E165: 大 | F165: 3桁 | G165: マックドライ | H165: 0.024 | I165: =_xlfn.CEILING.MATH(テーブル14[[#This Row],[L2必要リール数]]) -> 1
A166: 1000 | B166: 668751A | C166: テープ | D166: 16 | E166: 大 | F166: 3桁 | H166: 0.256 | I166: =_xlfn.CEILING.MATH(テーブル14[[#This Row],[L2必要リール数]]) -> 1
A167: 2500 | B167: 679347A | C167: テープ | D167: 16 | E167: 大 | F167: 3桁 | H167: 0.1848 | I167: =_xlfn.CEILING.MATH(テーブル14[[#This Row],[L2必要リール数]]) -> 1
A168: 2500 | B168: 679864A | C168: テープ | D168: 16 | E168: 大 | F168: 3桁 | H168: 0.0096 | I168: =_xlfn.CEILING.MATH(テーブル14[[#This Row],[L2必要リール数]]) -> 1
A169: 1000 | B169: 9000028221A | C169: テープ | D169: 16 | E169: 大 | F169: 3桁 | H169: 0.024 | I169: =_xlfn.CEILING.MATH(テーブル14[[#This Row],[L2必要リール数]]) -> 1
A170: 1000 | B170: 930102A | C170: テープ | D170: 16 | E170: 大 | F170: 4桁 | H170: 0.568 | I170: =_xlfn.CEILING.MATH(テーブル14[[#This Row],[L2必要リール数]]) -> 1
...

Sheet L2 piv
A3: 行ラベル | B3: 合計 / L2必要リール数(切り上げ) | R3: 行ラベル | S3: 合計 / L2必要リール数(切り上げ)
B4: 855 | F4: ラック幅 | H4: テープ幅 | I4: リール幅 | J4: 仕切り | K4: 1ラック入る量 | L4: 必要数量 | S4: 855
A5: テープ | B5: 820 | F5: 665 | H5: 8 | I5: =H5+4 -> 12 | J5: 6 | K5: =ROUNDDOWN($F$5/SUM(I5:J5),0)*4 -> 144 | L5: 480 | O5: =L5/K5 -> 3.3333333 | R5: テープ | S5: 820
A6: 3桁 | B6: 706 | H6: 12 | I6: =H6+4 -> 16 | J6: 6 | K6: =ROUNDDOWN($F$5/SUM(I6:J6),0)*4 -> 120 | L6: 65 | O6: =L6/K6 -> 0.54166667 | R6: 8 | S6: 490
A7: 8 | B7: 486 | H7: 16 | I7: =H7+4 -> 20 | J7: 6 | K7: =ROUNDDOWN($F$5/SUM(I7:J7),0)*4 -> 100 | L7: 4 | O7: =L7/K7 -> 0.04 | R7: 小 | S7: 480
A8: 小 | B8: 476 | R8: 小/大 | S8: 8
A9: 小/大 | B9: 8 | R9: 大 | S9: 2
A10: 大 | B10: 2 | R10: 12 | S10: 163
A11: 12 | B11: 157 | H11: 12 | I11: =H11+4 -> 16 | J11: 6 | K11: =ROUNDDOWN($F$5/SUM(I11:J11),0)*2 -> 60 | L11: 90 | O11: =L11/K11 -> 1.5 | R11: 小 | S11: 65
A12: 小 | B12: 62 | H12: 16 | I12: =H12+4 -> 20 | J12: 6 | K12: =ROUNDDOWN($F$5/SUM(I12:J12),0)*2 -> 50 | L12: 71 | O12: =L12/K12 -> 1.42 | R12: 小/大 | S12: 8
A13: 小/大 | B13: 8 | H13: 24 | I13: =H13+4 -> 28 | J13: 7 | K13: =ROUNDDOWN($F$5/SUM(I13:J13),0)*2 -> 38 | L13: 53 | O13: =L13/K13 -> 1.3947368 | R13: 大 | S13: 90
A14: 大 | B14: 87 | H14: 32 | I14: =H14+4 -> 36 | J14: 8 | K14: =ROUNDDOWN($F$5/SUM(I14:J14),0)*2 -> 30 | L14: 16 | O14: =L14/K14 -> 0.53333333 | R14: 16 | S14: 75
A15: 16 | B15: 60 | H15: 44 | I15: =H15+4 -> 48 | J15: 9 | K15: =ROUNDDOWN($F$5/SUM(I15:J15),0)*2 -> 22 | L15: 22 | O15: =L15/K15 -> 1 | R15: 小 | S15: 4
A16: 小 | B16: 3 | H16: 56 | I16: =H16+4 -> 60 | J16: 10 | K16: =ROUNDDOWN($F$5/SUM(I16:J16),0)*2 -> 18 | L16: 1 | O16: =L16/K16 -> 0.055555556 | R16: 大 | S16: 71
A17: 大 | B17: 57 | R17: 24 | S17: 53
A18: 24 | B18: 3 | R18: 大 | S18: 53
A19: 大 | B19: 3 | R19: 32 | S19: 16
A20: 4桁 | B20: 114 | R20: 大 | S20: 16
A21: 8 | B21: 4 | R21: 44 | S21: 22
A22: 小 | B22: 4 | R22: 大 | S22: 22
A23: 12 | B23: 6 | R23: 56 | S23: 1
A24: 小 | B24: 3 | R24: 大 | S24: 1
A25: 大 | B25: 3 | R25: トレイ | S25: 35
A26: 16 | B26: 15 | R26: マックドライ | S26: 64
A27: 小 | B27: 1 | R27: 総計 | S27: 919
A28: 大 | B28: 14
A29: 24 | B29: 50
A30: 大 | B30: 50
A31: 32 | B31: 16
A32: 大 | B32: 16
A33: 44 | B33: 22
A34: 大 | B34: 22
A35: 56 | B35: 1
A36: 大 | B36: 1
A37: トレイ | B37: 35
A38: マックドライ | B38: 64
A39: 総計 | B39: 919

Sheet L3
A1: 1リールあたりの数量 | B1: 部品 | C1: 形式 | D1: テープ幅 | E1: リールサイズ | F1: ノズル分類 | G1: マックドライ | H1: L3必要リール数 | I1: L3必要リール数(切り上げ)
A2: 5000 | B2: 667191A | C2: テープ | D2: 8 | E2: 小 | F2: 3桁 | H2: 0.0056 | I2: =_xlfn.CEILING.MATH(テーブル2[[#This Row],[L3必要リール数]]) -> 1
A3: 5000 | B3: 667378A | C3: テープ | D3: 8 | E3: 小 | F3: 3桁 | H3: 0.0056 | I3: =_xlfn.CEILING.MATH(テーブル2[[#This Row],[L3必要リール数]]) -> 1
A4: 5000 | B4: 667449A | C4: テープ | D4: 8 | E4: 小 | F4: 3桁 | H4: 0.01 | I4: =_xlfn.CEILING.MATH(テーブル2[[#This Row],[L3必要リール数]]) -> 1
A5: 4000 | B5: 363447B | C5: テープ | D5: 8 | E5: 小 | F5: 3桁 | H5: 0.0125 | I5: =_xlfn.CEILING.MATH(テーブル2[[#This Row],[L3必要リール数]]) -> 1
A6: 10000 | B6: 9000069231 | C6: テープ | D6: 8 | E6: 小 | F6: 3桁 | H6: 0.0156 | I6: =_xlfn.CEILING.MATH(テーブル2[[#This Row],[L3必要リール数]]) -> 1
A7: 3000 | B7: 9000057802 | C7: テープ | D7: 12 | E7: 小 | F7: 3桁 | G7: マックドライ | H7: 0.016666667 | I7: =_xlfn.CEILING.MATH(テーブル2[[#This Row],[L3必要リール数]]) -> 1
A8: 2500 | B8: 9000061125 | C8: テープ | D8: 16 | E8: 大 | F8: 4桁 | H8: 0.02 | I8: =_xlfn.CEILING.MATH(テーブル2[[#This Row],[L3必要リール数]]) -> 1
A9: 5000 | B9: 716423 | C9: テープ | D9: 8 | E9: 小 | F9: 3桁 | H9: 0.02 | I9: =_xlfn.CEILING.MATH(テーブル2[[#This Row],[L3必要リール数]]) -> 1
A10: 2000 | B10: 9000002543 | C10: テープ | D10: 16 | E10: 大 | F10: 3桁 | H10: 0.025 | I10: =_xlfn.CEILING.MATH(テーブル2[[#This Row],[L3必要リール数]]) -> 1
A11: 2000 | B11: 537251A | C11: テープ | D11: 8 | E11: 小 | F11: 3桁 | H11: 0.025 | I11: =_xlfn.CEILING.MATH(テーブル2[[#This Row],[L3必要リール数]]) -> 1
A12: 960 | B12: 9000058027 | C12: トレイ | D12: 0 | E12: #N/A | F12: 3桁 | H12: 0.029166667 | I12: =_xlfn.CEILING.MATH(テーブル2[[#This Row],[L3必要リール数]]) -> 1
A13: 3000 | B13: 662543 | C13: テープ | D13: 8 | E13: 小 | F13: 3桁 | H13: 0.032 | I13: =_xlfn.CEILING.MATH(テーブル2[[#This Row],[L3必要リール数]]) -> 1
A14: 3000 | B14: 9000006771 | C14: テープ | D14: 8 | E14: 小 | F14: 3桁 | H14: 0.032 | I14: =_xlfn.CEILING.MATH(テーブル2[[#This Row],[L3必要リール数]]) -> 1
A15: 3000 | B15: 9000059478 | C15: テープ | D15: 8 | E15: 小 | F15: 3桁 | H15: 0.032 | I15: =_xlfn.CEILING.MATH(テーブル2[[#This Row],[L3必要リール数]]) -> 1
A16: 3000 | B16: 569608B | C16: テープ | D16: 8 | E16: 小 | F16: 3桁 | H16: 0.032 | I16: =_xlfn.CEILING.MATH(テーブル2[[#This Row],[L3必要リール数]]) -> 1
A17: 1500 | B17: 920069 | C17: テープ | D17: 24 | E17: 大 | F17: 3桁 | H17: 0.033333333 | I17: =_xlfn.CEILING.MATH(テーブル2[[#This Row],[L3必要リール数]]) -> 1
A18: 5000 | B18: 667396A | C18: テープ | D18: 8 | E18: 小 | F18: 3桁 | H18: 0.0384 | I18: =_xlfn.CEILING.MATH(テーブル2[[#This Row],[L3必要リール数]]) -> 1
A19: 1250 | B19: 656461A | C19: テープ | D19: 24 | E19: 大 | F19: 4桁 | G19: マックドライ | H19: 0.04 | I19: =_xlfn.CEILING.MATH(テーブル2[[#This Row],[L3必要リール数]]) -> 1
A20: 2500 | B20: 907592 | C20: テープ | D20: 12 | E20: 大 | F20: 3桁 | H20: 0.04 | I20: =_xlfn.CEILING.MATH(テーブル2[[#This Row],[L3必要リール数]]) -> 1
A21: 15000 | B21: 9000067549 | C21: テープ | D21: 8 | E21: 小 | F21: 3桁 | H21: 0.040666667 | I21: =_xlfn.CEILING.MATH(テーブル2[[#This Row],[L3必要リール数]]) -> 1
A22: 2000 | B22: 920336 | C22: テープ | D22: 44 | E22: 大 | F22: 4桁 | H22: 0.048 | I22: =_xlfn.CEILING.MATH(テーブル2[[#This Row],[L3必要リール数]]) -> 1
A23: 2000 | B23: 607497B | C23: テープ | D23: 12 | E23: 大 | F23: 3桁 | H23: 0.048 | I23: =_xlfn.CEILING.MATH(テーブル2[[#This Row],[L3必要リール数]]) -> 1
A24: 2000 | B24: 666789 | C24: テープ | D24: 16 | E24: 大 | F24: 3桁 | H24: 0.05 | I24: =_xlfn.CEILING.MATH(テーブル2[[#This Row],[L3必要リール数]]) -> 1
A25: 2000 | B25: 692671A | C25: テープ | D25: 12 | E25: 大 | F25: 3桁 | H25: 0.05 | I25: =_xlfn.CEILING.MATH(テーブル2[[#This Row],[L3必要リール数]]) -> 1
A26: 3000 | B26: 608932 | C26: テープ | D26: 8 | E26: 小 | F26: 3桁 | H26: 0.052 | I26: =_xlfn.CEILING.MATH(テーブル2[[#This Row],[L3必要リール数]]) -> 1
A27: 3000 | B27: 9000066685 | C27: テープ | D27: 8 | E27: 小 | F27: 3桁 | H27: 0.052 | I27: =_xlfn.CEILING.MATH(テーブル2[[#This Row],[L3必要リール数]]) -> 1
A28: 3000 | B28: 9000069334 | C28: テープ | D28: 8 | E28: 小 | F28: 3桁 | H28: 0.052 | I28: =_xlfn.CEILING.MATH(テーブル2[[#This Row],[L3必要リール数]]) -> 1
A29: 960 | B29: 922432 | C29: トレイ | D29: 0 | E29: #N/A | F29: 3桁 | H29: 0.052083333 | I29: =_xlfn.CEILING.MATH(テーブル2[[#This Row],[L3必要リール数]]) -> 1
A30: 10000 | B30: 677349 | C30: テープ | D30: 8 | E30: 小 | F30: 3桁 | H30: 0.061 | I30: =_xlfn.CEILING.MATH(テーブル2[[#This Row],[L3必要リール数]]) -> 1
A31: 10000 | B31: 927062 | C31: テープ | D31: 8 | E31: 小 | F31: 3桁 | H31: 0.061 | I31: =_xlfn.CEILING.MATH(テーブル2[[#This Row],[L3必要リール数]]) -> 1
A32: 10000 | B32: 9000061992 | C32: テープ | D32: 8 | E32: 小 | F32: 3桁 | H32: 0.061 | I32: =_xlfn.CEILING.MATH(テーブル2[[#This Row],[L3必要リール数]]) -> 1
A33: 10000 | B33: 9000063510 | C33: テープ | D33: 8 | E33: 小 | F33: 3桁 | H33: 0.061 | I33: =_xlfn.CEILING.MATH(テーブル2[[#This Row],[L3必要リール数]]) -> 1
A34: 10000 | B34: 9000066681 | C34: テープ | D34: 8 | E34: 小 | F34: 3桁 | H34: 0.061 | I34: =_xlfn.CEILING.MATH(テーブル2[[#This Row],[L3必要リール数]]) -> 1
A35: 10000 | B35: 9000066816 | C35: テープ | D35: 8 | E35: 小 | F35: 3桁 | H35: 0.061 | I35: =_xlfn.CEILING.MATH(テーブル2[[#This Row],[L3必要リール数]]) -> 1
A36: 10000 | B36: 9000067541 | C36: テープ | D36: 8 | E36: 小 | F36: 3桁 | H36: 0.061 | I36: =_xlfn.CEILING.MATH(テーブル2[[#This Row],[L3必要リール数]]) -> 1
A37: 10000 | B37: 9000067542 | C37: テープ | D37: 8 | E37: 小 | F37: 3桁 | H37: 0.061 | I37: =_xlfn.CEILING.MATH(テーブル2[[#This Row],[L3必要リール数]]) -> 1
A38: 400 | B38: 9000067025 | C38: トレイ | D38: 0 | E38: #N/A | F38: 3桁 | H38: 0.07 | I38: =_xlfn.CEILING.MATH(テーブル2[[#This Row],[L3必要リール数]]) -> 1
A39: 10000 | B39: 9000058701 | C39: テープ | D39: 8 | E39: 小 | F39: 3桁 | H39: 0.072 | I39: =_xlfn.CEILING.MATH(テーブル2[[#This Row],[L3必要リール数]]) -> 1
A40: 2500 | B40: 654588 | C40: テープ | D40: 12 | E40: 大 | F40: 3桁 | H40: 0.0768 | I40: =_xlfn.CEILING.MATH(テーブル2[[#This Row],[L3必要リール数]]) -> 1
A41: 5000 | B41: 9000006789 | C41: テープ | D41: 8 | E41: 小 | F41: 3桁 | H41: 0.0768 | I41: =_xlfn.CEILING.MATH(テーブル2[[#This Row],[L3必要リール数]]) -> 1
A42: 10000 | B42: 911533 | C42: テープ | D42: 8 | E42: 小 | F42: 3桁 | H42: 0.0952 | I42: =_xlfn.CEILING.MATH(テーブル2[[#This Row],[L3必要リール数]]) -> 1
A43: 10000 | B43: 9000045969 | C43: テープ | D43: 8 | E43: 小 | F43: 3桁 | H43: 0.0952 | I43: =_xlfn.CEILING.MATH(テーブル2[[#This Row],[L3必要リール数]]) -> 1
A44: 2000 | B44: 9000001152 | C44: テープ | D44: 32 | E44: 大 | F44: 4桁 | H44: 0.096 | I44: =_xlfn.CEILING.MATH(テーブル2[[#This Row],[L3必要リール数]]) -> 1
A45: 1000 | B45: 670588 | C45: テープ | D45: 16 | E45: 大 | F45: 3桁 | H45: 0.096 | I45: =_xlfn.CEILING.MATH(テーブル2[[#This Row],[L3必要リール数]]) -> 1
A46: 1000 | B46: 534682A | C46: テープ | D46: 16 | E46: 大 | F46: 3桁 | H46: 0.096 | I46: =_xlfn.CEILING.MATH(テーブル2[[#This Row],[L3必要リール数]]) -> 1
A47: 1000 | B47: 541807A | C47: テープ | D47: 16 | E47: 大 | F47: 3桁 | H47: 0.096 | I47: =_xlfn.CEILING.MATH(テーブル2[[#This Row],[L3必要リール数]]) -> 1
A48: 4000 | B48: 922192 | C48: テープ | D48: 8 | E48: 小/大 | F48: 3桁 | H48: 0.096 | I48: =_xlfn.CEILING.MATH(テーブル2[[#This Row],[L3必要リール数]]) -> 1
A49: 1000 | B49: 581639A | C49: テープ | D49: 16 | E49: 大 | F49: 4桁 | H49: 0.1 | I49: =_xlfn.CEILING.MATH(テーブル2[[#This Row],[L3必要リール数]]) -> 1
A50: 1000 | B50: 668751A | C50: テープ | D50: 16 | E50: 大 | F50: 3桁 | H50: 0.1 | I50: =_xlfn.CEILING.MATH(テーブル2[[#This Row],[L3必要リール数]]) -> 1
A51: 240 | B51: 9000070258 | C51: トレイ | D51: 0 | E51: #N/A | F51: 3桁 | H51: 0.1 | I51: =_xlfn.CEILING.MATH(テーブル2[[#This Row],[L3必要リール数]]) -> 1
A52: 3000 | B52: 9000069909 | C52: テープ | D52: 8 | E52: 小 | F52: 3桁 | H52: 0.104 | I52: =_xlfn.CEILING.MATH(テーブル2[[#This Row],[L3必要リール数]]) -> 1
A53: 2500 | B53: 9000061940 | C53: テープ | D53: 12 | E53: 小 | F53: 3桁 | H53: 0.1168 | I53: =_xlfn.CEILING.MATH(テーブル2[[#This Row],[L3必要リール数]]) -> 1
A54: 238 | B54: 9000067026 | C54: トレイ | D54: 0 | E54: #N/A | F54: 3桁 | H54: 0.11764706 | I54: =_xlfn.CEILING.MATH(テーブル2[[#This Row],[L3必要リール数]]) -> 1
A55: 4000 | B55: 922183 | C55: テープ | D55: 8 | E55: 小/大 | F55: 3桁 | H55: 0.12 | I55: =_xlfn.CEILING.MATH(テーブル2[[#This Row],[L3必要リール数]]) -> 1
A56: 10000 | B56: 632032 | C56: テープ | D56: 8 | E56: 小 | F56: 3桁 | H56: 0.122 | I56: =_xlfn.CEILING.MATH(テーブル2[[#This Row],[L3必要リール数]]) -> 1
A57: 10000 | B57: 667823 | C57: テープ | D57: 8 | E57: 小 | F57: 3桁 | G57: マックドライ | H57: 0.122 | I57: =_xlfn.CEILING.MATH(テーブル2[[#This Row],[L3必要リール数]]) -> 1
A58: 10000 | B58: 910089 | C58: テープ | D58: 8 | E58: 小 | F58: 3桁 | H58: 0.122 | I58: =_xlfn.CEILING.MATH(テーブル2[[#This Row],[L3必要リール数]]) -> 1
A59: 5000 | B59: 667253A | C59: テープ | D59: 8 | E59: 小 | F59: 3桁 | H59: 0.122 | I59: =_xlfn.CEILING.MATH(テーブル2[[#This Row],[L3必要リール数]]) -> 1
A60: 1200 | B60: 9000069886 | C60: トレイ | D60: 0 | E60: #N/A | F60: 3桁 | H60: 0.13 | I60: =_xlfn.CEILING.MATH(テーブル2[[#This Row],[L3必要リール数]]) -> 1
A61: 5000 | B61: 667173A | C61: テープ | D61: 8 | E61: 小 | F61: 3桁 | H61: 0.132 | I61: =_xlfn.CEILING.MATH(テーブル2[[#This Row],[L3必要リール数]]) -> 1
A62: 3000 | B62: 433773A | C62: テープ | D62: 8 | E62: 小 | F62: 3桁 | H62: 0.13333333 | I62: =_xlfn.CEILING.MATH(テーブル2[[#This Row],[L3必要リール数]]) -> 1
A63: 2400 | B63: 9000064357 | C63: トレイ | D63: 0 | E63: #N/A | F63: 3桁 | H63: 0.135 | I63: =_xlfn.CEILING.MATH(テーブル2[[#This Row],[L3必要リール数]]) -> 1
A64: 10000 | B64: 683886 | C64: テープ | D64: 8 | E64: 小 | F64: 3桁 | H64: 0.1412 | I64: =_xlfn.CEILING.MATH(テーブル2[[#This Row],[L3必要リール数]]) -> 1
A65: 2000 | B65: 922209 | C65: テープ | D65: 8 | E65: 小/大 | F65: 3桁 | H65: 0.144 | I65: =_xlfn.CEILING.MATH(テーブル2[[#This Row],[L3必要リール数]]) -> 1
A66: 10000 | B66: 677358 | C66: テープ | D66: 8 | E66: 小 | F66: 3桁 | H66: 0.1512 | I66: =_xlfn.CEILING.MATH(テーブル2[[#This Row],[L3必要リール数]]) -> 1
A67: 4000 | B67: 9000002204 | C67: テープ | D67: 12 | E67: 小 | F67: 3桁 | H67: 0.1525 | I67: =_xlfn.CEILING.MATH(テーブル2[[#This Row],[L3必要リール数]]) -> 1
A68: 4000 | B68: 9000063137 | C68: テープ | D68: 8 | E68: 小 | F68: 3桁 | H68: 0.1525 | I68: =_xlfn.CEILING.MATH(テーブル2[[#This Row],[L3必要リール数]]) -> 1
A69: 4000 | B69: 9000066587 | C69: テープ | D69: 8 | E69: 小 | F69: 3桁 | H69: 0.1525 | I69: =_xlfn.CEILING.MATH(テーブル2[[#This Row],[L3必要リール数]]) -> 1
A70: 4000 | B70: 9000067543 | C70: テープ | D70: 8 | E70: 小 | F70: 3桁 | H70: 0.1525 | I70: =_xlfn.CEILING.MATH(テーブル2[[#This Row],[L3必要リール数]]) -> 1
A71: 4000 | B71: 9000067546 | C71: テープ | D71: 8 | E71: 小 | F71: 3桁 | H71: 0.1525 | I71: =_xlfn.CEILING.MATH(テーブル2[[#This Row],[L3必要リール数]]) -> 1
A72: 4000 | B72: 9000067547 | C72: テープ | D72: 8 | E72: 小 | F72: 3桁 | H72: 0.1525 | I72: =_xlfn.CEILING.MATH(テーブル2[[#This Row],[L3必要リール数]]) -> 1
A73: 10000 | B73: 606426A | C73: テープ | D73: 8 | E73: 小 | F73: 3桁 | H73: 0.1536 | I73: =_xlfn.CEILING.MATH(テーブル2[[#This Row],[L3必要リール数]]) -> 1
A74: 10000 | B74: 620606 | C74: テープ | D74: 8 | E74: 小 | F74: 3桁 | H74: 0.1562 | I74: =_xlfn.CEILING.MATH(テーブル2[[#This Row],[L3必要リール数]]) -> 1
A75: 10000 | B75: 639132 | C75: テープ | D75: 8 | E75: 小 | F75: 3桁 | H75: 0.1562 | I75: =_xlfn.CEILING.MATH(テーブル2[[#This Row],[L3必要リール数]]) -> 1
A76: 10000 | B76: 721676 | C76: テープ | D76: 8 | E76: 小 | F76: 3桁 | H76: 0.1562 | I76: =_xlfn.CEILING.MATH(テーブル2[[#This Row],[L3必要リール数]]) -> 1
A77: 10000 | B77: 721685 | C77: テープ | D77: 8 | E77: 小 | F77: 3桁 | H77: 0.1562 | I77: =_xlfn.CEILING.MATH(テーブル2[[#This Row],[L3必要リール数]]) -> 1
A78: 10000 | B78: 909607 | C78: テープ | D78: 8 | E78: 小 | F78: 3桁 | H78: 0.1562 | I78: =_xlfn.CEILING.MATH(テーブル2[[#This Row],[L3必要リール数]]) -> 1
A79: 3000 | B79: 9000001009 | C79: テープ | D79: 8 | E79: 小 | F79: 3桁 | H79: 0.16 | I79: =_xlfn.CEILING.MATH(テーブル2[[#This Row],[L3必要リール数]]) -> 1
A80: 2500 | B80: 9000067887 | C80: テープ | D80: 8 | E80: 小 | F80: 3桁 | H80: 0.16 | I80: =_xlfn.CEILING.MATH(テーブル2[[#This Row],[L3必要リール数]]) -> 1
A81: 150 | B81: 9000070257 | C81: トレイ | D81: 0 | E81: #N/A | F81: 3桁 | G81: マックドライ | H81: 0.16 | I81: =_xlfn.CEILING.MATH(テーブル2[[#This Row],[L3必要リール数]]) -> 1
A82: 10000 | B82: 9000068498 | C82: テープ | D82: 8 | E82: 小 | F82: 3桁 | H82: 0.1612 | I82: =_xlfn.CEILING.MATH(テーブル2[[#This Row],[L3必要リール数]]) -> 1
A83: 4000 | B83: 9000058518 | C83: テープ | D83: 12 | E83: 大 | F83: 3桁 | H83: 0.18 | I83: =_xlfn.CEILING.MATH(テーブル2[[#This Row],[L3必要リール数]]) -> 1
A84: 10000 | B84: 9000066577 | C84: テープ | D84: 8 | E84: 小 | F84: 3桁 | H84: 0.183 | I84: =_xlfn.CEILING.MATH(テーブル2[[#This Row],[L3必要リール数]]) -> 1
A85: 5000 | B85: 667155A | C85: テープ | D85: 8 | E85: 小 | F85: 3桁 | H85: 0.1848 | I85: =_xlfn.CEILING.MATH(テーブル2[[#This Row],[L3必要リール数]]) -> 1
A86: 2400 | B86: 9000070242 | C86: トレイ | D86: 0 | E86: #N/A | F86: 3桁 | H86: 0.18916667 | I86: =_xlfn.CEILING.MATH(テーブル2[[#This Row],[L3必要リール数]]) -> 1
A87: 5000 | B87: 703393 | C87: テープ | D87: 8 | E87: 小 | F87: 3桁 | H87: 0.1904 | I87: =_xlfn.CEILING.MATH(テーブル2[[#This Row],[L3必要リール数]]) -> 1
A88: 10000 | B88: 9000068499 | C88: テープ | D88: 8 | E88: 小 | F88: 3桁 | H88: 0.1904 | I88: =_xlfn.CEILING.MATH(テーブル2[[#This Row],[L3必要リール数]]) -> 1
A89: 5000 | B89: 667306A | C89: テープ | D89: 8 | E89: 小 | F89: 3桁 | H89: 0.1904 | I89: =_xlfn.CEILING.MATH(テーブル2[[#This Row],[L3必要リール数]]) -> 1
A90: 5000 | B90: 667422A | C90: テープ | D90: 8 | E90: 小 | F90: 3桁 | H90: 0.1904 | I90: =_xlfn.CEILING.MATH(テーブル2[[#This Row],[L3必要リール数]]) -> 1
A91: 5000 | B91: 667538A | C91: テープ | D91: 8 | E91: 小 | F91: 3桁 | H91: 0.1904 | I91: =_xlfn.CEILING.MATH(テーブル2[[#This Row],[L3必要リール数]]) -> 1
A92: 5000 | B92: 667244A | C92: テープ | D92: 8 | E92: 小 | F92: 3桁 | H92: 0.192 | I92: =_xlfn.CEILING.MATH(テーブル2[[#This Row],[L3必要リール数]]) -> 1
A93: 2000 | B93: 9000060045 | C93: テープ | D93: 8 | E93: 小/大 | F93: 3桁 | H93: 0.2 | I93: =_xlfn.CEILING.MATH(テーブル2[[#This Row],[L3必要リール数]]) -> 1
A94: 10000 | B94: 666192 | C94: テープ | D94: 8 | E94: 小 | F94: 3桁 | H94: 0.2006 | I94: =_xlfn.CEILING.MATH(テーブル2[[#This Row],[L3必要リール数]]) -> 1
A95: 3000 | B95: 9000062659 | C95: テープ | D95: 8 | E95: 小 | F95: 3桁 | H95: 0.20333333 | I95: =_xlfn.CEILING.MATH(テーブル2[[#This Row],[L3必要リール数]]) -> 1
A96: 3000 | B96: 9000067473 | C96: テープ | D96: 8 | E96: 小 | F96: 3桁 | H96: 0.20333333 | I96: =_xlfn.CEILING.MATH(テーブル2[[#This Row],[L3必要リール数]]) -> 1
A97: 10000 | B97: 683912 | C97: テープ | D97: 8 | E97: 小 | F97: 3桁 | H97: 0.2172 | I97: =_xlfn.CEILING.MATH(テーブル2[[#This Row],[L3必要リール数]]) -> 1
A98: 10000 | B98: 909215 | C98: テープ | D98: 8 | E98: 小 | F98: 3桁 | H98: 0.2172 | I98: =_xlfn.CEILING.MATH(テーブル2[[#This Row],[L3必要リール数]]) -> 1
A99: 4000 | B99: 9000066892 | C99: テープ | D99: 8 | E99: 小 | F99: 3桁 | H99: 0.238 | I99: =_xlfn.CEILING.MATH(テーブル2[[#This Row],[L3必要リール数]]) -> 1
A100: 4000 | B100: 9000067013 | C100: テープ | D100: 8 | E100: 小 | F100: 3桁 | H100: 0.238 | I100: =_xlfn.CEILING.MATH(テーブル2[[#This Row],[L3必要リール数]]) -> 1
...

Sheet L3 piv
A3: 行ラベル | B3: 合計 / L3必要リール数(切り上げ)
B4: 622
A5: テープ | B5: 603
A6: 3桁 | B6: 547
A7: 8 | B7: 441
A8: 小 | B8: 423
A9: 小/大 | B9: 18 | F9: 665
A10: 12 | B10: 76 | F10: 12 | G10: 6 | H10: 6
A11: 小 | B11: 36 | F11: =ROUNDDOWN(F9/F10,0) -> 55 | G11: =ROUNDDOWN(F9/SUM(F10:G10),0) -> 36 | H11: =ROUNDDOWN(F9/SUM(F10:H10),0) -> 27
A12: 大 | B12: 40 | F12: =F11*4 -> 220 | G12: =G11*4 -> 144 | H12: =H11*4 -> 108
A13: 16 | B13: 28
A14: 大 | B14: 28
A15: 24 | B15: 2
A16: 大 | B16: 2
A17: 4桁 | B17: 56
A18: 8 | B18: 1 | G18: =423/G12 -> 2.9375
A19: 小 | B19: 1
A20: 16 | B20: 11
A21: 大 | B21: 11
A22: 24 | B22: 27
A23: 大 | B23: 27
A24: 32 | B24: 15
A25: 大 | B25: 15
A26: 44 | B26: 2
A27: 大 | B27: 2
A28: トレイ | B28: 19
A29: マックドライ | B29: 36
A30: 総計 | B30: 658
