Workbook

Sheet 問題まとめ
A1: EGProの問題
A2: ・スプライシングテープがセンサーを通過したのに認識せず、15%のズレを生じさせることがある。
A3: ・存在しない実績を上げることがある。1000個のリールに対して、1000個実装したうえで、1003個の実績をMESに送信する。
A4: ・存在しない実績を上げることがある。1000個のリールに対して、1000個実装したうえで、997個の実績をMESに送信する。
A5: ・スプライシングのつなぎ方の誤差や、作業上の問題で、数個のズレが発生する。
A6: ・テープが摩耗で実装中に物理的に切れる・ジャミングを起こして部品を飛散させる等で、データ上に存在しないロスを生じさせることがある。
A7: ・部品カットの工程で、部品カウントではなく、メジャーで数量を測ることがあり、数個の在庫ズレを起こすことがある。
A8: ・現場担当者が吸着確認の為、データ上に存在しないロスを生じさせることがある。
A9: ・誤入力で棚卸しされてることがある。
A10: ・トレイ部品が、バーコードを読むのを失念した状態で実装されることがある。(設備側が、部品のバーコードを読み漏れても実装できる仕様になっている。実装履歴はNullで出力される。)
A13: ・10000個のリールに対して、9998個の実績をMESに送信する。０確認を行わないとEgpとMES/BOSSで差異が出る①
A14: 期間を決めて処理を行わないと棚卸差異としての処理が増える。

Sheet 手順
A1: ■実装履歴
A2: http://nksv1359.ad.nkc.co.jp/cgi/qcd_DB/qcd_DB_Release/html/scrap_search.cgi
A3: ■シリアルごと吸着サマリ
A4: http://nksv1359.ad.nkc.co.jp/cgi/qcd_DB/qcd_DB_Release/html/scrap_search2.cgi
A5: ■在庫一覧
A6: http://nksv1359.ad.nkc.co.jp/cgi/qcd_DB/qcd_DB_Release/html/Get_EG_Wherehouse.cgi
A9: ①Web[シリアルごとの吸着サマリ]で部品を叩く
A10: ②エラーが発生した注番[ロット]で、異常が発生していないか確認、シリアルを特定する
A11: └分からない場合、対象部品の全在庫を棚卸しして、本来消費されたはずのロットを特定する。
A12: └EGProがどう見ても正常にしか見えない場合、異常無しで報告
A13: ③Web[実装履歴]で、部品番号を叩く
A14: ④対象のシリアルの履歴で、フィーダーアドレスやラインを良く見て、固定品目なのかどうか特定する。(L2L3であれば固定、L1であればフィーダーアドレスが同じであれば固定
... A29: https://nk365.sharepoint.com/sites/itpt000509/Shared Documents/100_SMT関連/02_手順書関連/スプライシング解除・在庫修正手順.pptx

Sheet 依頼
A1: やってないカウント | B1: ◯ | D1: 番号 | F1: 品目 | G1: ロット | H1: 差異入力数 | I1: 棚分類 | J1: EGPro巻き数 | K1: 0.15 | L1: 指図差異数 | M1: 使用数 | N1: 実際に使用した数 | P1: 単価 | Q1: 金額 | R1: シリアル番号 | S1: 移動元プラント | T1: 移動元保管場所 | U1: 移動元ロケーション | V1: メッセージテキスト
A2: =IF(B2="◯",COUNTIF(#REF!,#REF!),"") | C2: 4/6 | D2: 212176524 | F2: 667743 | G2: 406097891 | H2: 70 | I2: R3101 | J2: 10000 | K2: 1500 | N2: 27 | O2: 0.41 | P2: 28.7 | S2: B020 | T2: 0001 | U2: 0001-3 | V2: BA 利用可能在庫 69 PC : 667743 B020 0001 406097891 が不足です | W2: 4940995531対応済み | X2: 確認
A3: =IF(B3="◯",COUNTIF(#REF!,#REF!),"") | C3: 4/6 | D3: 212176524 | F3: 667743 | G3: 406147189 | I3: R3101 | J3: 10000 | K3: 1500 | N3: 70
A4: =IF(B4="◯",COUNTIF(#REF!,#REF!),"") | C4: 4/6 | D4: 212176505 | F4: 9000053399 | G4: 406117964 | H4: 372 | I4: R0103 | J4: 3000 | K4: 450 | L4: 156 | N4: 36 | O4: 81.16 | P4: 30191.52 | Q4: 4941010906 | S4: B020 | T4: 0001 | U4: 0001-3 | V4: BA 利用可能在庫 156 PC : 9000053399 B020 0001 406117964 が不足です | W4: 4941010617対応済
A5: =IF(B5="◯",COUNTIF(#REF!,#REF!),"") | C5: 4/6 | D5: 212176505 | F5: 9000053399 | G5: 406092812 | I5: R0103 | J5: 3000 | K5: 450 | N5: 156
A6: =IF(B6="◯",COUNTIF(#REF!,#REF!),"") | C6: 4/6 | D6: 202176507 | F6: 9000053399 | G6: 406092812 | I6: R0103 | J6: 3000 | K6: 450 | L6: 48 | N6: 48 | Q6: 4941010913
A7: =IF(B7="◯",COUNTIF(#REF!,#REF!),"") | C7: 4/6 | D7: 212176508 | F7: 9000053399 | G7: 406092812 | I7: R0103 | J7: 3000 | K7: 450 | L7: 168 | N7: 168 | Q7: 4941010922
A8: =IF(B8="◯",COUNTIF(#REF!,#REF!),"") | C8: 4/6 | D8: 212176512 | F8: 667788 | G8: 406112380 | H8: 493 | I8: R0101 | J8: 10000 | K8: 1500 | L8: 12+168 | N8: 12 | O8: 0.41 | P8: 202.13 | Q8: 4941010927 | S8: B020 | T8: 0001 | U8: 0001-3 | V8: BA 利用可能在庫 12 PC : 667788 B020 0001 406112380 が不足です | W8: 4941010617対応済
A9: =IF(B9="◯",COUNTIF(#REF!,#REF!),"") | D9: 212176512 | F9: 667788 | G9: 406147211 | I9: R0101 | J9: 10000 | K9: 1500 | N9: 180
A10: =IF(B10="◯",COUNTIF(#REF!,#REF!),"") | C10: 4/6 | D10: 212176514 | F10: 667788 | G10: 406147211 | I10: R0101 | J10: 10000 | K10: 1500 | L10: 192 | N10: 192 | Q10: 4941010933
A11: =IF(B11="◯",COUNTIF(#REF!,#REF!),"") | C11: 4/6 | D11: 212176513 | F11: 667788 | G11: 406147211 | I11: R0101 | J11: 10000 | K11: 1500 | L11: 289 | N11: 389 | Q11: 4941010929
A12: =IF(B12="◯",COUNTIF(#REF!,#REF!),"") | C12: 4/6 | D12: 212176513 | F12: 667618A | G12: 406147091 | H12: 380 | I12: R0101 | J12: 5000 | K12: 750 | L12: 380 | N12: 4 | O12: 0.45 | P12: 171 | Q12: 4941010928 | S12: B020 | T12: 0001 | U12: 0001-3 | V12: BA 利用可能在庫 380 PC : 667618A B020 0001 406147091 が不足です | W12: 4941010617対応済
A13: =IF(B13="◯",COUNTIF(#REF!,#REF!),"") | D13: 212176513 | F13: 667618A | G13: 406147094 | I13: R0101 | J13: 5000 | K13: 750 | N13: 380
A14: =IF(B14="◯",COUNTIF(#REF!,#REF!),"") | C14: 4/6 | D14: 212176514 | F14: 9000041875 | G14: 406055096 | H14: 180 | I14: R0102 | J14: 2500 | K14: 375 | M14: 194 | N14: 14 | O14: 11.12 | P14: 2001.6 | S14: B020 | T14: 0001 | U14: 0001-3 | V14: BA 利用可能在庫 180 PC : 9000041875 B020 0001 406055096 が不足です | W14: 4941010617対応済
A15: =IF(B15="◯",COUNTIF(#REF!,#REF!),"") | C15: 4/6 | D15: 212176514 | F15: 9000041875 | G15: 406432411 | I15: R0102 | J15: 2500 | K15: 375 | N15: 180
A16: =IF(B16="◯",COUNTIF(#REF!,#REF!),"") | C16: 4/7 | D16: 110013242 | F16: 9000053399 | G16: 406117964 | H16: 448 | I16: R0103 | J16: 3000 | K16: 450 | O16: 81.16 | P16: 36359.68 | Q16: 4941027029 | S16: B020 | T16: 0001 | U16: 0001-3 | V16: BA 利用可能在庫 48 PC : 9000053399 B020 0001 406117964 が不足です | W16: 4941026801対応済
A17: =IF(B17="◯",COUNTIF(#REF!,#REF!),"") | C17: 4/7 | D17: 110013242 | F17: 9000053399 | G17: 406092812 | I17: R0103 | J17: 3000 | K17: 450 | L17: 48 | Q17: 4941027029
A18: =IF(B18="◯",COUNTIF(#REF!,#REF!),"") | C18: 4/7 | D18: 212177294 | F18: 9000053399 | G18: 406092812 | I18: R0103 | J18: 3000 | K18: 450 | L18: 48 | Q18: 4941027052
A19: =IF(B19="◯",COUNTIF(#REF!,#REF!),"") | C19: 4/7 | D19: 212177295 | F19: 9000053399 | G19: 406092812 | I19: R0103 | J19: 3000 | K19: 450 | L19: 48 | Q19: 4941027053
A20: =IF(B20="◯",COUNTIF(#REF!,#REF!),"") | C20: 4/7 | D20: 212177296 | F20: 9000053399 | G20: 406092812 | I20: R0103 | J20: 3000 | K20: 450 | L20: 114 | Q20: 4941029012
A21: =IF(B21="◯",COUNTIF(#REF!,#REF!),"") | C21: 4/7 | D21: 212177292 | F21: 9000053399 | G21: 406092812 | I21: R0103 | J21: 3000 | K21: 450 | L21: 192 | Q21: 4940127050
A22: =IF(B22="◯",COUNTIF(#REF!,#REF!),"") | C22: 4/7 | D22: 212177292 | F22: 9000066859 | G22: 406419678 | H22: 444 | I22: R1201 | J22: 4000 | K22: 600 | L22: 2 | M22: 576 | N22: 132 | O22: 1.91 | P22: 848.04 | Q22: 4941027051 | S22: B020 | T22: 0001 | U22: 0001-3 | V22: BA 利用可能在庫 444 PC : 9000066859 B020 0001 406419678 が不足です | W22: 4941026801対応済
A23: =IF(B23="◯",COUNTIF(#REF!,#REF!),"") | D23: 212177292 | F23: 9000066859 | G23: 406426349 | I23: R1201 | J23: 4000 | K23: 600 | N23: 444
A24: =IF(B24="◯",COUNTIF(#REF!,#REF!),"") | C24: 4/7 | D24: 212177307 | F24: 620606 | G24: 406367330 | H24: 776 | I24: R0101 | J24: 10000 | K24: 1500 | L24: 6 | N24: 0 | O24: 0.6 | P24: 465.6 | Q24: 4941027056 | S24: B020 | T24: 0001 | U24: 0001-3 | V24: BA 利用可能在庫 6 PC : 620606 B020 0001 406367330 が不足です | W24: 4941026801対応済
A25: =IF(B25="◯",COUNTIF(#REF!,#REF!),"") | D25: 212177307 | F25: 620606 | G25: 406409004 | I25: R0101 | J25: 10000 | K25: 1500 | M25: 60 | N25: 60
A26: =IF(B26="◯",COUNTIF(#REF!,#REF!),"") | C26: 4/7 | D26: 212177309 | F26: 620606 | G26: 406409004 | I26: R0101 | J26: 10000 | K26: 1500 | L26: 770 | M26: 716 | N26: 719 | Q26: 4941027058
A27: =IF(B27="◯",COUNTIF(#REF!,#REF!),"") | D27: 212177309 | F27: 620606 | G27: 406367330 | I27: R0101 | J27: 10000 | K27: 1500 | M27: 54 | N27: 54
A28: =IF(B28="◯",COUNTIF(#REF!,#REF!),"") | C28: 4/7 | D28: 212177309 | E28: 確認 | F28: 9000066582 | G28: 406345529 | H28: 848 | I28: R0101 | J28: 10000 | K28: 1500 | M28: 1056 | N28: 988 | O28: 0.49 | P28: 415.52 | Q28: 4941027063 | S28: B020 | T28: 0001 | U28: 0001-3 | V28: BA 利用可能在庫 848 PC : 9000066582 B020 0001 406345529 が不足です | W28: 4941026801対応済
A29: =IF(B29="◯",COUNTIF(#REF!,#REF!),"") | D29: 212177309 | E29: 確認 | F29: 9000066582 | G29: 406360730 | I29: R0101 | J29: 10000 | K29: 1500 | N29: 69 | Q29: 4941029015
A30: =IF(B30="◯",COUNTIF(#REF!,#REF!),"") | C30: 4/7 | D30: 212177309 | F30: 9000070378 | G30: 406216349 | H30: 48 | I30: R0101 | J30: 5000 | K30: 750 | M30: 96 | N30: 48 | O30: 6.5 | P30: 312 | S30: B020 | T30: 0001 | U30: 0001-3 | V30: BA 利用可能在庫 48 PC : 9000070378 B020 0001 406216349 が不足です | W30: 4941026801対応済
A31: =IF(B31="◯",COUNTIF(#REF!,#REF!),"") | D31: 212177309 | F31: 9000070378 | G31: 406412776 | I31: R0101 | J31: 5000 | K31: 750 | N31: 48
A32: =IF(B32="◯",COUNTIF(#REF!,#REF!),"") | C32: 4/7 | D32: 212177944 | F32: 667618A | G32: 406147091 | H32: 384 | I32: R0101 | J32: 5000 | K32: 750 | O32: 0.45 | P32: 172.8 | Q32: 4941027069 | S32: B020 | T32: 0001 | U32: 0001-3 | V32: BA 利用可能在庫 384 PC : 667618A B020 0001 406147091 が不足です | W32: 4941026801対応済
A33: =IF(B33="◯",COUNTIF(#REF!,#REF!),"") | C33: 4/7 | D33: 212177944 | F33: 667618A | G33: 406147094 | I33: R0101 | J33: 5000 | K33: 750 | N33: 384
A34: =IF(B34="◯",COUNTIF(#REF!,#REF!),"") | C34: 4/7 | D34: 212177944 | F34: 667788 | G34: 406112380 | H34: 288 | I34: R0101 | J34: 10000 | K34: 1500 | O34: 0.41 | P34: 118.08 | S34: B020 | T34: 0001 | U34: 0001-3 | V34: BA 利用可能在庫 288 PC : 667788 B020 0001 406112380 が不足です | W34: 4941026801対応済
A35: =IF(B35="◯",COUNTIF(#REF!,#REF!),"") | C35: 4/7 | D35: 212177944 | F35: 667788 | G35: 406147211 | I35: R0101 | J35: 10000 | K35: 1500 | N35: 288 | Q35: 4941027072
A36: =IF(B36="◯",COUNTIF(#REF!,#REF!),"") | D36: 212176505 | E36: 落とし漏れー２ | F36: 9000072187 | G36: 406069148 | I36: R0106 | J36: 400 | K36: 60 | N36: 28
A37: =IF(B37="◯",COUNTIF(#REF!,#REF!),"") | C37: 4/8 | D37: 212176002 | F37: 620606 | G37: 406367330 | H37: 480 | I37: R0101 | J37: 10000 | K37: 1500 | M37: 480 | O37: 0.6 | P37: 288 | Q37: 4941042690 | S37: B020 | T37: 0001 | U37: 0001-3 | V37: BA 利用可能在庫 480 PC : 620606 B020 0001 406367330 が不足です
A38: =IF(B38="◯",COUNTIF(#REF!,#REF!),"") | D38: 212176002 | F38: 620606 | G38: 406409004 | I38: R0101 | J38: 10000 | K38: 1500 | N38: 480
A39: =IF(B39="◯",COUNTIF(#REF!,#REF!),"") | C39: 4/8 | D39: 212176002 | F39: 9000070378 | G39: 406216349 | H39: 240 | I39: R0101 | J39: 5000 | K39: 750 | M39: 240 | O39: 6.5 | P39: 1560 | V39: BA 利用可能在庫 240 PC : 9000070378 B020 0001 406216349 が不足です
A40: =IF(B40="◯",COUNTIF(#REF!,#REF!),"") | D40: 212176002 | F40: 9000070378 | G40: 406412776 | I40: R0101 | J40: 5000 | K40: 750 | N40: 240
A41: =IF(B41="◯",COUNTIF(#REF!,#REF!),"") | C41: 4/8 | D41: 212177938 | F41: 9000066859 | G41: 406419678 | H41: 576 | I41: R1201 | J41: 4000 | K41: 600 | M41: 579 | O41: 1.91 | P41: 1100.16 | Q41: 4941042712 | V41: BA 利用可能在庫 576 PC : 9000066859 B020 0001 406419678 が不足です
A42: =IF(B42="◯",COUNTIF(#REF!,#REF!),"") | D42: 212177938 | F42: 9000066859 | G42: 406426349 | I42: R1201 | J42: 4000 | K42: 600 | N42: 576
A43: =IF(B43="◯",COUNTIF(#REF!,#REF!),"") | C43: 4/8 | D43: 212177945 | F43: 9000041875 | G43: 406055096 | H43: 288 | I43: R0102 | J43: 2500 | K43: 375 | M43: 192 | O43: 11.12 | P43: 3202.56 | V43: BA 利用可能在庫 192 PC : 9000041875 B020 0001 406055096 が不足です
A44: =IF(B44="◯",COUNTIF(#REF!,#REF!),"") | D44: 212177945 | F44: 9000041875 | G44: 406432411 | I44: R0102 | J44: 2500 | K44: 375 | N44: 192
A45: =IF(B45="◯",COUNTIF(#REF!,#REF!),"") | D45: 212177947 | F45: 9000041875 | G45: 406432411 | I45: R0102 | J45: 2500 | K45: 375 | N45: 96
A46: =IF(B46="◯",COUNTIF(#REF!,#REF!),"") | C46: 4/8 | D46: 212177946 | F46: 667618A | G46: 406147091 | H46: 192 | I46: R0101 | J46: 5000 | K46: 750 | M46: 192 | O46: 0.45 | P46: 86.4 | V46: BA 利用可能在庫 192 PC : 667618A B020 0001 406147091 が不足です
A47: =IF(B47="◯",COUNTIF(#REF!,#REF!),"") | D47: 212177946 | F47: 667618A | G47: 406147094 | I47: R0101 | J47: 5000 | K47: 750 | N47: 192
A48: =IF(B48="◯",COUNTIF(#REF!,#REF!),"") | C48: 4/9 | D48: 212178518 | F48: 9000066859 | G48: 406419678 | H48: 576 | I48: R1201 | J48: 4000 | K48: 600 | O48: 1.91 | P48: 1100.16 | V48: BA 利用可能在庫 576 PC : 9000066859 B020 0001 406419678 が不足です
A49: =IF(B49="◯",COUNTIF(#REF!,#REF!),"") | D49: 212178518 | F49: 9000066859 | G49: 406426349 | I49: R1201 | J49: 4000 | K49: 600 | M49: 576
A50: =IF(B50="◯",COUNTIF(#REF!,#REF!),"") | C50: 4/10 | D50: 212179619 | E50: 1 | F50: 581639A | G50: 406378753 | H50: 30 | I50: R0105 | J50: 1000 | K50: 150 | V50: BA 利用可能在庫 30 PC : 581639A B020 0001 406378753 が不足です
A51: =IF(B51="◯",COUNTIF(#REF!,#REF!),"") | C51: 4/13 | D51: 212179065 | E51: 1 | F51: 346047B | G51: 406369094 | H51: 575 | I51: R0405 | J51: 2000 | K51: 300 | V51: BA 利用可能在庫 371 PC : 346047B B020 0001 406369094 が不足です
A52: =IF(B52="◯",COUNTIF(#REF!,#REF!),"") | C52: 4/13 | D52: 212179065 | E52: 1 | F52: 655417 | G52: 406310286 | H52: 896 | I52: R0101 | J52: 4000 | K52: 600 | V52: BA 利用可能在庫 384 PC : 655417 B020 0001 406310286 が不足です
A53: =IF(B53="◯",COUNTIF(#REF!,#REF!),"") | C53: 4/13 | D53: 212179065 | E53: 1 | F53: 667672 | G53: 406314232 | H53: 1321 | I53: R0101 | J53: 10000 | K53: 1500 | V53: BA 利用可能在庫 325 PC : 667672 B020 0001 406314232 が不足です
A54: =IF(B54="◯",COUNTIF(#REF!,#REF!),"") | C54: 4/13 | D54: 212179065 | E54: 1 | F54: 667823 | G54: 406321815 | H54: 913 | I54: R0101 | J54: 10000 | K54: 1500 | V54: BA 利用可能在庫 47 PC : 667823 B020 0001 406321815 が不足です
A55: =IF(B55="◯",COUNTIF(#REF!,#REF!),"") | C55: 4/13 | D55: 212179065 | E55: 1 | F55: 9000059200 | G55: 406115645 | H55: 384 | I55: R0103 | J55: 3000 | K55: 450 | V55: BA 利用可能在庫 192 PC : 9000059200 B020 0001 406115645 が不足です
A56: =IF(B56="◯",COUNTIF(#REF!,#REF!),"") | C56: 4/13 | D56: 212179065 | E56: 1 | F56: 9000060539 | G56: 406092856 | H56: 453 | I56: R0102 | J56: 2000 | K56: 300 | V56: BA 利用可能在庫 171 PC : 9000060539 B020 0001 406092856 が不足です
A57: =IF(B57="◯",COUNTIF(#REF!,#REF!),"") | C57: 4/13 | D57: 212179065 | E57: 1 | F57: 9000066594 | G57: 406366312 | H57: 212 | I57: R0101 | J57: 4000 | K57: 600 | V57: BA 利用可能在庫 192 PC : 9000066594 B020 0001 406366312 が不足です
A58: =IF(B58="◯",COUNTIF(#REF!,#REF!),"") | C58: 4/13 | D58: 212179065 | E58: 1 | F58: 9000066598 | G58: 406362945 | H58: 9654 | I58: R1201 | J58: 4000 | K58: 600 | V58: BA 利用可能在庫 3,351 PC : 9000066598 B020 0001 406362945 が不足です
A59: =IF(B59="◯",COUNTIF(#REF!,#REF!),"") | C59: 4/13 | D59: 212179065 | E59: 1 | F59: 9000066896 | G59: 406366309 | H59: 192 | I59: R0101 | J59: 2000 | K59: 300 | V59: BA 利用可能在庫 70 PC : 9000066896 B020 0001 406366309 が不足です
A60: =IF(B60="◯",COUNTIF(#REF!,#REF!),"") | C60: 4/13 | D60: 212179065 | E60: 1 | F60: 9000066900 | G60: 406203171 | H60: 458 | I60: R1201 | J60: 4000 | K60: 600 | V60: BA 利用可能在庫 159 PC : 9000066900 B020 0001 406203171 が不足です
A61: =IF(B61="◯",COUNTIF(#REF!,#REF!),"") | C61: 4/13 | D61: 212179065 | E61: 1 | F61: 9000067013 | G61: 406399997 | H61: 192 | I61: R0101 | J61: 4000 | K61: 600 | V61: BA 利用可能在庫 69 PC : 9000067013 B020 0001 406399997 が不足です
... A71: =IF(B71="◯",COUNTIF(#REF!,#REF!),"") | C71: 4/13 | D71: 212179068 | E71: 1 | F71: 9000051053 | G71: 406260353 | H71: 27466 | I71: R1201 | J71: 10000 | K71: 1500 | V71: BA 利用可能在庫 18,894 PC : 9000051053 B020 0001 406260353 が不足です
A72: =IF(B72="◯",COUNTIF(#REF!,#REF!),"") | F72: 9000051053 | G72: 406269948 | H72: 10553 | I72: R1201 | J72: 10000 | K72: 1500
A73: =IF(B73="◯",COUNTIF(#REF!,#REF!),"") | C73: 4/13 | D73: 212179068 | E73: 1 | F73: 9000059217 | G73: 406263653 | H73: 711 | I73: R0101 | J73: 10000 | K73: 1500 | V73: BA 利用可能在庫 711 PC : 9000059217 B020 0001 406263653 が不足です
A74: =IF(B74="◯",COUNTIF(#REF!,#REF!),"") | C74: 4/13 | D74: 212179068 | E74: 1 | F74: 9000059823 | G74: 406421021 | H74: 363 | I74: R0403 | J74: 2000 | K74: 300 | V74: BA 利用可能在庫 166 PC : 9000059823 B020 0001 406421021 が不足です
A75: =IF(B75="◯",COUNTIF(#REF!,#REF!),"") | C75: 4/13 | D75: 212179068 | E75: 1 | F75: 9000066517 | G75: 406392103 | H75: 1293 | I75: R1201 | J75: 10000 | K75: 1500 | V75: BA 利用可能在庫 1,293 PC : 9000066517 B020 0001 406392103 が不足です
A76: =IF(B76="◯",COUNTIF(#REF!,#REF!),"") | C76: 4/13 | D76: 212179068 | E76: 1 | F76: 9000066587 | G76: 406393799 | H76: 218 | I76: R0101 | J76: 4000 | K76: 600 | V76: BA 利用可能在庫 168 PC : 9000066587 B020 0001 406393799 が不足です
A77: =IF(B77="◯",COUNTIF(#REF!,#REF!),"") | C77: 4/13 | D77: 212179068 | E77: 1 | F77: 9000066588 | G77: 406313242 | H77: 1878 | I77: R0101 | J77: 4000 | K77: 600 | V77: BA 利用可能在庫 1,009 PC : 9000066588 B020 0001 406313242 が不足です
A78: =IF(B78="◯",COUNTIF(#REF!,#REF!),"") | C78: 4/13 | D78: 212179068 | E78: 1 | F78: 9000066591 | G78: 406388651 | H78: 456 | I78: R0101 | J78: 4000 | K78: 600 | V78: BA 利用可能在庫 116 PC : 9000066591 B020 0001 406388651 が不足です
A79: =IF(B79="◯",COUNTIF(#REF!,#REF!),"") | C79: 4/13 | D79: 212179068 | E79: 1 | F79: 9000066687 | G79: 406403337 | H79: 77 | I79: R0101 | J79: 2000 | K79: 300 | V79: BA 利用可能在庫 77 PC : 9000066687 B020 0001 406403337 が不足です
A80: =IF(B80="◯",COUNTIF(#REF!,#REF!),"") | C80: 4/13 | D80: 212179068 | E80: 1 | F80: 9000066815 | G80: 406306114 | H80: 168 | I80: R0101 | J80: 4000 | K80: 600 | V80: BA 利用可能在庫 116 PC : 9000066815 B020 0001 406306114 が不足です
A81: =IF(B81="◯",COUNTIF(#REF!,#REF!),"") | C81: 4/13 | D81: 212179068 | E81: 1 | F81: 9000068534 | G81: 406394290 | H81: 302 | I81: R0101 | J81: 10000 | K81: 1500 | V81: BA 利用可能在庫 302 PC : 9000068534 B020 0001 406394290 が不足です
A82: =IF(B82="◯",COUNTIF(#REF!,#REF!),"") | C82: 4/13 | D82: 212179068 | E82: 1 | F82: 9000069419 | G82: 406265492 | H82: 1079 | I82: R0403 | J82: 2000 | K82: 300 | V82: BA 利用可能在庫 34 PC : 9000069419 B020 0001 406265492 が不足です
A83: =IF(B83="◯",COUNTIF(#REF!,#REF!),"") | C83: 4/13 | D83: 212179068 | E83: 1 | F83: 9000070881 | G83: 406362523 | H83: 246 | I83: R0106 | J83: 1080 | K83: 162 | V83: BA 利用可能在庫 168 PC : 9000070881 B020 0001 406362523 が不足です
A84: =IF(B84="◯",COUNTIF(#REF!,#REF!),"") | C84: 4/13 | D84: 212179614 | E84: 1 | F84: 667271A | G84: 406340150 | H84: 457 | I84: R3101 | J84: 5000 | K84: 750 | V84: BA 利用可能在庫 97 PC : 667271A B020 0001 406340150 が不足です
... A106: =IF(B106="◯",COUNTIF(#REF!,#REF!),"") | C106: 4/13 | D106: 212180221 | E106: 1 | F106: 9000059114 | G106: 406007475 | H106: 48 | I106: R0106 | J106: 2400 | K106: 360 | V106: BA 利用可能在庫 48 PC : 9000059114 B020 0001 406007475 が不足です
A107: =IF(B107="◯",COUNTIF(#REF!,#REF!),"") | C107: 4/13 | D107: 212179068 | E107: 1 | F107: 9000035579 | G107: 406286924 | H107: 825 | I107: R0101 | J107: 10000 | K107: 1500
A108: =IF(B108="◯",COUNTIF(#REF!,#REF!),"") | D108: 212179616 | E108: 1 | F108: 9000067546 | G108: 406339567 | H108: 564 | I108: R0101 | J108: 4000 | K108: 600
A109: =IF(B109="◯",COUNTIF(#REF!,#REF!),"") | C109: 4/15 | D109: 212178060 | E109: 1 | F109: 9000070824 | G109: 406244888 | H109: 82 | I109: R0101 | J109: 5000 | K109: 750 | L109: 84 | P109: 0.5 | Q109: 42 | V109: BA 利用可能在庫 82 PC : 9000070824 B020 0001 406244888 が不足です
A110: =IF(B110="◯",COUNTIF(#REF!,#REF!),"") | C110: 4/15 | D110: 212178060 | E110: 1 | F110: 9000071089 | G110: 406285742 | H110: 73 | I110: R0105 | J110: 500 | K110: 75 | L110: 74 | P110: 16.5 | Q110: 1221 | V110: BA 利用可能在庫 73 PC : 9000071089 B020 0001 406285742 が不足です
A111: =IF(B111="◯",COUNTIF(#REF!,#REF!),"") | C111: 4/15 | D111: 212178060 | E111: 1 | F111: 9000071090 | G111: 406036211 | H111: 26 | I111: R0101 | J111: 5000 | K111: 750 | L111: 26 | P111: 0.5 | Q111: 13 | V111: BA 利用可能在庫 26 PC : 9000071090 B020 0001 406036211 が不足です
A112: =IF(B112="◯",COUNTIF(#REF!,#REF!),"") | C112: 4/15 | D112: 212180796 | E112: 1 | F112: 9000068499 | G112: 406407727 | H112: 1 | I112: R1201 | J112: 10000 | K112: 1500 | L112: 173 | P112: 1.1 | Q112: 190.3 | V112: BA 利用可能在庫 1 PC : 9000068499 B020 0001 406407727 が不足です | W112: 4/16日対応済
A113: =IF(B113="◯",COUNTIF(#REF!,#REF!),"") | C113: 4/15 | D113: 212180796 | E113: 1 | F113: 9000068500 | G113: 406414965 | H113: 3 | I113: R1201 | J113: 10000 | K113: 1500 | L113: 488 | P113: 1.1 | Q113: 536.8 | V113: BA 利用可能在庫 3 PC : 9000068500 B020 0001 406414965 が不足です | W113: 4/16日対応済
A114: =IF(B114="◯",COUNTIF(#REF!,#REF!),"") | C114: 4/15 | D114: 212180801 | E114: 1 | F114: 9000066601 | G114: 406372327 | H114: 10 | I114: R1201 | J114: 2000 | K114: 300 | L114: 955 | P114: 4.44 | Q114: 4240.2 | V114: BA 利用可能在庫 10 PC : 9000066601 B020 0001 406372327 が不足です | W114: 4/16日対応済
A115: =IF(B115="◯",COUNTIF(#REF!,#REF!),"") | C115: 4/16 | D115: 212181340 | E115: 1 | F115: 683921 | G115: 405265809 | H115: 204 | I115: R0101 | J115: 10000 | K115: 1500 | P115: 0.75 | Q115: =H115*P115 -> 153 | V115: BA 利用可能在庫 203 PC : 683921 B020 0001 405265809 が不足です
A116: =IF(B116="◯",COUNTIF(#REF!,#REF!),"") | C116: 4/17 | D116: 212176003 | E116: 1 | F116: 9000069523 | G116: 406315914 | H116: 22 | I116: R0101 | J116: 15000 | K116: 2250 | P116: 0.6 | Q116: 13.2 | V116: BA 利用可能在庫 22 PC : 9000069523 B020 0001 406315914 が不足です
A117: =IF(B117="◯",COUNTIF(#REF!,#REF!),"") | C117: 4/17 | D117: 212182590 | E117: 1 | F117: 9000066590 | G117: 406366297 | H117: 49 | I117: R1201 | J117: 4000 | K117: 600 | P117: 0.5 | Q117: 24.5 | V117: BA 利用可能在庫 49 PC : 9000066590 B020 0001 406366297 が不足です
A118: =IF(B118="◯",COUNTIF(#REF!,#REF!),"") | C118: 4/21 | D118: 212183234 | E118: 1 | F118: 667859 | G118: 405565837 | H118: 207 | I118: R0101 | J118: 10000 | K118: 1500 | P118: 0.41 | Q118: =H118*P118 -> 84.87 | V118: BA 利用可能在庫 207 PC : 667859 B020 0001 405565837 が不足です
A119: =IF(B119="◯",COUNTIF(#REF!,#REF!),"") | C119: 4/22 | D119: 212182083 | E119: 1 | F119: 9000067789 | G119: 406332089 | H119: 87 | I119: R3101 | J119: 10000 | K119: 1500 | P119: 2.05 | Q119: =H119*P119 -> 178.35 | V119: BA 利用可能在庫 86 PC : 9000067789 B020 0001 406332089 が不足です
A120: =IF(B120="◯",COUNTIF(#REF!,#REF!),"") | C120: 4/24 | D120: 212182084 | E120: 1 | F120: 9000067789 | G120: 406332089 | H120: 480 | I120: R3101 | J120: 10000 | K120: 1500 | P120: 2.05 | Q120: =H120*P120 -> 984 | V120: BA 利用可能在庫 480 PC : 9000067789 B020 0001 406332089 が不足です
A121: =IF(B121="◯",COUNTIF(#REF!,#REF!),"") | C121: 4/27 | D121: 2121860608/212186061 | E121: 1 | F121: 9000064027 | G121: 406244486 | H121: 75 | I121: R0101 | J121: 500 | K121: 75 | P121: 81 | Q121: =H121*P121 -> 6075 | V121: BA 利用可能在庫 48 PC : 9000064027 B020 0001 406244486 が不足です | W121: 調査中
A122: =IF(B122="◯",COUNTIF(#REF!,#REF!),"") | C122: 4/27 | D122: 212182082 | E122: 1 | F122: 9000066862 | G122: 406431159 | H122: 13 | I122: R0101 | J122: 4000 | K122: 600 | P122: 1.2 | Q122: =H122*P122 -> 15.6 | V122: BA 利用可能在庫 3 PC : 9000066862 B020 0001 406431159 が不足です
A123: =IF(B123="◯",COUNTIF(#REF!,#REF!),"") | C123: 5/8 | D123: 212187685 | E123: 1 | F123: 667146A | G123: 405294121 | H123: 96 | I123: R0101 | J123: 5000 | K123: 750 | P123: 0.45 | Q123: =H123*P123 -> 43.2 | V123: BA 利用可能在庫 96 PC : 667146A B020 0001 405294121 が不足です
A124: =IF(B124="◯",COUNTIF(#REF!,#REF!),"") | C124: 5/11 | D124: 212182085 | E124: 1 | F124: 9000035525 | G124: 406345558 | H124: 9 | I124: R0101 | J124: 15000 | K124: 2250 | P124: 0.51 | Q124: 4.59 | V124: BA 利用可能在庫 2 PC : 9000035525 B020 0001 406345558 が不足です
A125: =IF(B125="◯",COUNTIF(#REF!,#REF!),"") | C125: 5/11 | D125: 212182085 | E125: 1 | F125: 9000037675 | G125: 406356663 | H125: 118 | I125: R0101 | J125: 15000 | K125: 2250 | P125: 0.5 | Q125: 59 | V125: BA 利用可能在庫 118 PC : 9000037675 B020 0001 406356663 が不足です
A126: =IF(B126="◯",COUNTIF(#REF!,#REF!),"") | C126: 5/11 | D126: 212188221 | E126: 1 | F126: 9000067542 | G126: 406213126 | H126: 15 | I126: R0101 | J126: 10000 | K126: 1500 | P126: 0.4 | Q126: 6 | V126: BA 利用可能在庫 14 PC : 9000067542 B020 0001 406213126 が不足です
A127: =IF(B127="◯",COUNTIF(#REF!,#REF!),"") | C127: 5/11 | D127: 212188748 | E127: 1 | F127: 9000067542 | G127: 406213126 | H127: 48 | I127: R0101 | J127: 10000 | K127: 1500 | P127: 0.4 | Q127: 19.2 | V127: 同一の品目ロット(シリアル)でエラーが発生したため処理できません B020 9000067542 406213126
A128: =IF(B128="◯",COUNTIF(#REF!,#REF!),"") | C128: 5/12 | D128: 212185560 | E128: 1 | F128: 9000066862 | G128: 406445543 | H128: 22 | I128: R0101 | J128: 4000 | K128: 600 | P128: 1.2 | Q128: 26.4 | V128: BA 利用可能在庫 3 PC : 9000066862 B020 0001 406445543 が不足です
A129: =IF(B129="◯",COUNTIF(#REF!,#REF!),"") | C129: 5/12 | D129: 212185564 | E129: 1 | F129: 9000006361 | G129: 405262543 | H129: 31 | I129: R0103 | J129: 3000 | K129: 450 | P129: 44.08 | Q129: 1366.48 | V129: BA 利用可能在庫 31 PC : 9000006361 B020 0001 405262543 が不足です
A130: =IF(B130="◯",COUNTIF(#REF!,#REF!),"") | C130: 5/12 | D130: 212189273 | E130: 1 | F130: 9000067542 | G130: 406213126 | H130: 96 | I130: R0101 | J130: 10000 | K130: 1500 | P130: 0.4 | Q130: 38.4 | V130: BA 利用可能在庫 48 PC : 9000067542 B020 0001 406213126 が不足です
...

Sheet 固定グループ
A1: グループ名 | B1: 品目名 | C1: ライン | D1: 備考 | E1: 追加日
A2: AED | B2: UR-0396-01 | C2: Line-3
A3: AED | B3: UR-0451-01 | C3: Line-3
A4: AED | B4: UR-0610-01 | C4: Line-3
A5: AED | B5: UR-0511-01 | C5: Line-3
A6: AED | B6: UR-0388-01 | C6: Line-3
A7: AED | B7: UR-0559-06 | C7: Line-3
A8: AED | B8: UR-0624 | C8: Line-3
A9: AED | B9: URS-0432-01 | C9: Line-3
A10: AED | B10: UR-0558-02 | C10: Line-3
A11: AED | B11: UR-04511-01 | C11: Line-3 | E11: 45817
A12: AED | B12: UR-05581-02 | C12: Line-3 | E12: 45856
A13: AED | B13: UR-0558-01 | C13: Line-3
A14: AED | B14: UR-0509-01 | C14: Line-3
A15: AED | B15: UR-0388 | C15: Line-3
A16: AED | B16: UR-04511 | C16: Line-3
A17: AED | B17: URS-0432 | C17: Line-3
A18: AED | B18: UR-0451 | C18: Line-3
A19: AED | B19: UR-06101-01 | C19: Line-3
A20: AED | B20: UR-0509-02 | C20: Line-3
A21: AED | B21: UR-05091-03 | C21: Line-3
A22: AED | B22: UR-06101-02 | C22: Line-3 | E22: 45877
A23: AED | B23: MVD-0388-01 | C23: Line-3 | E23: 46010
A24: AED | B24: MVD-0509-02 | C24: Line-3 | E24: 46010
A25: AED | B25: UR-0624-01 | C25: Line-3 | E25: 46077
A26: AED | B26: UR-05091-04 | C26: Line-3 | E26: 46078
A27: AED | B27: URS-0509-02 | C27: Line-3 | E27: 46078
A28: AED | B28: UR-0509-03 | C28: Line-3 | E28: 46083
A29: AED | B29: URS-0509-03 | C29: Line-3 | E29: 46083
A30: AED | B30: UR-0559-07 | C30: Line-3 | E30: 46083
A31: AED | B31: URS-0559-07 | C31: Line-3 | E31: 46083
A32: AED | B32: UR-06101-03 | C32: Line-3 | E32: 46086
A33: AED | B33: UR-0610-03 | C33: Line-2 | E33: 46191
... A35: NKV | B35: URS-4558 | C35: Line-1 | E35: 46106
A36: TEC-1000 | B36: URS-05971 | C36: Line-2 | D36: 半成半製分離
A37: TEC-1000 | B37: URS-05972 | C37: Line-2 | D37: 半成半製分離
A38: TEC-1000 | B38: URS-0596 | C38: Line-2
A39: TEC-1000 | B39: URS-0598 | C39: Line-2
A40: TEC-1000 | B40: URS-0601 | C40: Line-2
A41: TEC-1000 | B41: URS-0625 | C41: Line-2 | E41: 45763
A42: TEC-1000 | B42: URS-0605 | C42: Line-2 | E42: 45768
A43: TEC-1000 | B43: URS-0611 | C43: Line-2 | E43: 45770
A44: TEC-1000 | B44: URS-06194 | C44: Line-2 | E44: 45775
A45: TEC-1000 | B45: URS-0600 | C45: Line-2 | E45: 45779
A46: TEC-1000 | B46: URS-06191 | C46: Line-2 | E46: 45803
A47: TEC-1000 | B47: UR-0596 | C47: Line-2
A48: TEC-1000 | B48: UR-05971 | C48: Line-2
A49: TEC-1000 | B49: UR-05972 | C49: Line-2
A50: TEC-1000 | B50: UR-0598 | C50: Line-2
A51: TEC-1000 | B51: UR-0600 | C51: Line-2
A52: TEC-1000 | B52: UR-0601 | C52: Line-2
A53: TEC-1000 | B53: UR-0605 | C53: Line-2
A54: TEC-1000 | B54: UR-0611 | C54: Line-2
A55: TEC-1000 | B55: UR-06191 | C55: Line-2
A56: TEC-1000 | B56: UR-06194 | C56: Line-2
A57: TEC-1000 | B57: UR-0625 | C57: Line-2
A58: TEC-5600 | B58: URS-0437-01 | C58: Line-2
A59: TEC-5600 | B59: UR-0481-02 | C59: Line-2 | D59: 試作 S付きで量産中
A60: TEC-5600 | B60: URS-0476-01 | C60: Line-2
A61: TEC-5600 | B61: URS-0490-01 | C61: Line-2
A62: TEC-5600 | B62: URS-0480-01 | C62: Line-2
A63: TEC-5600 | B63: URS-0483-01 | C63: Line-2
A64: TEC-5600 | B64: URS-0481-02 | C64: Line-2
A65: TEC-5600 | B65: URS-0488-02 | C65: Line-2
A66: TEC-5600 | B66: URS-0475-01 | C66: Line-2
A67: TEC-5600 | B67: URS-0493-01 | C67: Line-2
A68: TEC-5600 | B68: URS-0505-01 | C68: Line-2
A69: TEC-5600 | B69: URS-0489-01 | C69: Line-2
A70: TEC-5600 | B70: URS-0486-01 | C70: Line-2
A71: TEC-5600 | B71: UR-0486 | C71: Line-2
A72: TEC-5600 | B72: URS-0437 | C72: Line-2
A73: TEC-5600 | B73: UR-0505-01 | C73: Line-2 | D73: 試作 S付きで量産中
A74: TEC-5600 | B74: UR-0488-02 | C74: Line-2 | D74: 試作 S付きで量産中
A75: TEC-5600 | B75: UR-0493-01 | C75: Line-2 | D75: 試作 S付きで量産中
A76: TEC-5600 | B76: UR-0486-01 | C76: Line-2
A77: TEC-5600 | B77: UR-0490-01 | C77: Line-2 | D77: 試作 S付きで量産中
A78: TEC-5600 | B78: UR-0475-01 | C78: Line-2 | D78: 試作 S付きで量産中
A79: TEC-5600 | B79: UR-0483-01 | C79: Line-2 | D79: 試作 S付きで量産中
A80: TEC-5600 | B80: UR-0489-01 | C80: Line-2 | D80: 試作 S付きで量産中
A81: 送信機_L2 | B81: URS-4348 | C81: Line-2 | E81: 45761
A82: 送信機_L2 | B82: URS-4377 | C82: Line-2 | E82: 45761
A83: 送信機_L2 | B83: URS-42952 | C83: Line-2 | E83: 45768
A84: 送信機_L2 | B84: URS-43014 | C84: Line-2 | E84: 45792
A85: 送信機_L2 | B85: URS-43721 | C85: Line-2 | E85: 45819
A86: 送信機_L2 | B86: URS-4461 | C86: Line-2 | E86: 45824
A87: 送信機_L2 | B87: URS-4289 | C87: Line-2
A88: 送信機_L2 | B88: URS-42881 | C88: Line-2
A89: 送信機_L2 | B89: URS-42883 | C89: Line-2
A90: 送信機_L2 | B90: URS-42882 | C90: Line-2
A91: 送信機_L2 | B91: URS-4215 | C91: Line-2
A92: 送信機_L2 | B92: UR-4372 | C92: Line-2
A93: 送信機_L2 | B93: UR-4346 | C93: Line-2
A94: 送信機_L2 | B94: UR-4349-01 | C94: Line-2
A95: 送信機_L2 | B95: UR-43012 | C95: Line-2
A96: 送信機_L2 | B96: URS-42982 | C96: Line-2
A97: 送信機_L2 | B97: URS-43011 | C97: Line-2
A98: 送信機_L2 | B98: UR-4045 | C98: Line-2
... A101: 送信機_L2 | B101: URS-43013 | C101: Line-2
A102: 送信機_L2 | B102: URS-45451 | C102: Line-2 | E102: 45975
A103: 送信機_L2 | B103: URS-45452 | C103: Line-2 | E103: 45975
...

Sheet グループ分け

Sheet 依頼検索
B1: 部品名 | E1: 番号 | G1: 品目 | H1: ロット | I1: 差異入力数 | J1: 棚分類 | K1: EGPro巻き数 | L1: 0.15 | M1: 指図差異数 | N1: 使用数 | O1: 実際に使用した数 | Q1: 単価 | R1: 金額 | S1: シリアル番号 | T1: 移動元プラント | U1: 移動元保管場所 | V1: 移動元ロケーション | W1: メッセージテキスト
B2: 667485A | D2: {=_xlfn._xlws.FILTER(依頼!C:V,依頼!F:F=依頼検索!B2)} -> 6/8 | E2: 212201177 | F2: 1 | G2: 667485A | H2: 406349100 | I2: 288 | J2: R0101 | K2: 5000 | L2: 750 | M2: 0 | N2: 0 | O2: 0 | P2: 0 | Q2: 0.45 | R2: 129.6 | S2: 0 | T2: 0 | U2: 0 | V2: 0 | W2: BA 利用可能在庫 288 PC : 667485A B020 0001 406349100 が不足です
D3: 6/11 | E3: 212202993 | F3: 1 | G3: 667485A | H3: 406349100 | I3: 20 | J3: R0101 | K3: 5000 | L3: 750 | M3: 0 | N3: 0 | O3: 0 | P3: 0 | Q3: 0.45 | R3: 9 | S3: 0 | T3: 0 | U3: 0 | V3: 0 | W3: BA 利用可能在庫 20 PC : 667485A B020 0001 406349100 が不足です

Sheet 回答
A1: 対応日 | B1: 指図 | C1: 品番 | D1: シリアル番号 | E1: 発注番号 | F1: 吸着数 | G1: 備考 | H1: 処理
A2: 46119 | B2: 212177307 | C2: 9000066582 | D2: 9000066582 100538 | E2: 406360730 | F2: 420 | H2: 対応済
A3: 46119 | B3: 212177307 | C3: 9000066582 | D3: 9000066582 100538 | E3: 406360730 | F3: 360 | H3: 対応済
A4: 46119 | B4: 212177309 | C4: 9000066582 | D4: 9000066582 100538 | E4: 406360730 | F4: 69 | H4: 対応済
A5: 46119 | B5: 212177309 | C5: 9000066582 | D5: 9000066582 100535 | E5: 406345529 | F5: =577-69 -> 508 | H5: 対応済
A6: 46119 | B6: 212177309 | C6: 9000066582 | D6: 9000066582 100535 | E6: 406345529 | F6: 480 | H6: 対応済
A7: 46119 | B7: 212176524 | C7: 9000066582 | D7: 9000066582 100535 | E7: 406345529 | F7: 672 | H7: 対応済
A8: 46119 | B8: 212176524 | C8: 9000066582 | D8: 9000066582 100535 | E8: 406345529 | F8: 384 | H8: 対応済
A9: 46119 | B9: 212178518 | C9: 9000066859 | D9: 9000066859 100835 | E9: 406426349 | F9: 576 | H9: 対応済
A10: 46119 | B10: 212177938 | C10: 9000066859 | D10: 9000066859 100835 | E10: 406426349 | F10: 576 | H10: 対応済
A11: 46119 | B11: 212177292 | C11: 9000066859 | D11: 9000066859 100835 | E11: 406426349 | F11: 444 | H11: 対応済
A12: 46119 | B12: 212177292 | C12: 9000066859 | D12: 9000066859 100831 | E12: 406419678 | F12: 132 | H12: 対応済
A13: 46119 | B13: 212176505 | C13: 9000066859 | D13: 9000066859 100831 | E13: 406419678 | F13: 576 | H13: 対応済
A14: 46119 | B14: 212176002 | C14: 9000070378 | D14: 9000070378 100004 | E14: 406412776 | F14: 240 | H14: 対応済
A15: 46119 | B15: 212177309 | C15: 9000070378 | D15: 9000070378 100004 | E15: 406412776 | F15: 48 | H15: 対応済
A16: 46119 | B16: 212177309 | C16: 9000070378 | D16: 9000070378 100003 | E16: 406216349 | F16: 48 | H16: 対応済
A17: 46122 | B17: 212179619 | C17: 581639A | D17: 581639A100240 | E17: 406378753 | F17: 30 | G17: 棚卸しが間違っている可能性が高いのでそのまま入庫して引き落としで良いと思います。 | H17: 処理なし | P17: 指図 | Q17: 品番 | R17: 発注番号 | S17: 吸着数
A18: 46129 | B18: 212181340 | C18: 683921 | D18: 683921 100389 | E18: 405370678 | F18: 204 | H18: 4941202589 | P18: 212173280 | Q18: 9000070824 | R18: 406448768 | S18: 72
A19: 46129 | B19: 212181340 | C19: 683921 | D19: 683921 100365 | E19: 405265809 | F19: 85 | P19: 212173280 | Q19: 9000071090 | R19: 406448767 | S19: 72
A20: 46129 | B20: 212176003 | C20: 9000069523 | D20: 9000069523 100007 | E20: 406315914 | F20: 460 | G20: 4941202592 | H20: 4941202592
A21: 46129 | B21: 212176003 | C21: 9000069523 | D21: 9000069523 100009 | E21: 406412782 | F21: 22
A22: 46129 | B22: 212182590 | C22: 9000066590 | D22: 9000066590 101748 | E22: 406366297 | F22: 70 | G22: リールごとの誤差の積み重ねです。 | H22: 処理なし
A23: 46133 | B23: 212176508 | C23: 667859 | D23: 667859 101106 | E23: 405565837 | F23: 207 | G23: 棚卸し減が間違っています。実際物がありました。このままBOSSの修正は不要だと思います。 | H23: 処理なし
A24: 46134 | B24: 212173280 | C24: 9000070824 | D24: 9000070824 100003 | E24: 406448768 | F24: 72 | G24: 実績上げ処理済み、4/22夜間に連携
A25: 46134 | B25: 212173279 | C25: 9000070824 | D25: 9000070824 100003 | E25: 406448768 | F25: 72 | G25: 情シスメール分 実績修正お願いします。 | H25: 406244888を修正
A26: 46134 | B26: 212178060 | C26: 9000070824 | D26: 9000070824 100003 | E26: 406448768 | F26: 84 | H26: 406244888を修正
A27: 46134 | B27: 212178060 | C27: 9000070824 | D27: 9000070824 100002 | E27: 406244888 | F27: 62
A28: 46134 | B28: 212173280 | C28: 9000071090 | D28: 9000071090 100002 | E28: 406448767 | F28: 72 | G28: 実績上げ処理済み、4/22夜間に連携
A29: 46134 | B29: 212173279 | C29: 9000071090 | D29: 9000071090 100002 | E29: 406448767 | F29: 13 | G29: 情シスメール分 実績修正お願いします。
A30: 46134 | B30: 212173279 | C30: 9000071090 | D30: 9000071090 100001 | E30: 406036211 | F30: 60
A31: 46134 | B31: 212182083 | C31: 9000067789 | D31: 9000067789 100040 | E31: 406141906 | F31: 394 | G31: 406332089 394PC | H31: 4941282022修正/4941282025で87PB取り消し
A32: 46134 | B32: 212182083 | C32: 9000067789 | D32: 9000067789 100041 | E32: 406332089 | F32: 87 | G32: 406141906 87PC
A33: 46139 | B33: 212182083 | C33: 9000067789 | D33: 9000067789 100040 | E33: 406141906 | F33: 81 | G33: 406141906 81PC
A34: 46139 | B34: 212182083 | C34: 9000067789 | D34: 9000067789 100041 | E34: 406332089 | F34: 400 | G34: 406141906 400PC
A35: 46139 | B35: 212182084 | C35: 9000067789 | D35: 9000067789 100040 | E35: 406141906 | F35: 480 | H35: 4941282020修正/4941282021で406332089/480PC取り消し
A36: 46139 | B36: 212186061 | C36: 9000064027 | D36: 9000064027 100023 | E36: 406355517 | F36: 48 | G36: 設備で異常な取り付けを確認しました。 原因不明、新規不具合です。 対象の作業者が1名なので作業ミスな 気がしますが原因調査中です。
A37: 46139 | B37: 212186060 | C37: 9000064027 | D37: 9000064027 100023 | E37: 406355517 | F37: 48
A38: 46139 | B38: 212184954 | C38: 9000064027 | D38: 9000064027 100023 | E38: 406355517 | F38: 1
A39: 46139 | B39: 212184954 | C39: 9000064027 | D39: 9000064027 100022 | E39: 406244486 | F39: 48
A40: 46139 | B40: 212182082 | C40: 9000066862 | E40: 406431159 | F40: 13 | G40: 本部品は日常的に設備で+1～+7の差分を出しているようです。
A41: 46150 | B41: 212187687 | C41: 667146A | D41: 667146A100126 | E41: 405294272 | F41: 192 | H41: 4941348202 | I41: 4941348213 171pc4月分修正
A42: 46150 | B42: 212187685 | C42: 667146A | D42: 667146A100126 | E42: 405294272 | F42: 96 | H42: 4941348201
A43: 46150 | B43: 212183859 | C43: 667146A | D43: 667146A100126 | E43: 405294272 | F43: 75
A44: 46150 | B44: 212183859 | C44: 667146A | D44: 667146A100121 | E44: 405294121 | F44: 21 | H44: 4941348177
A45: 46153 | B45: 212182085 | C45: 9000037675 | D45: 9000037675 100079 | E45: 406496909 | F45: 118 | H45: 4941365756/4941365759で取り消し
A46: 46153 | B46: 212182085 | C46: 9000037675 | D46: 9000037675 100078 | E46: 406356663 | F46: 1252
A47: 46153 | B47: 212189274 | C47: 9000067542 | D47: 9000067542 100030 | E47: 406385880 | F47: 26 | G47: 5/11にエラーロットで実績上がってしまいました。 | H47: lot406213126/修正済
A48: 46153 | B48: 212189273 | C48: 9000067542 | D48: 9000067542 100030 | E48: 406385880 | F48: 48 | G48: 5/12にエラーで上がってきます。 | H48: lot406213126/修正済
A49: 46153 | B49: 212188748 | C49: 9000067542 | D49: 9000067542 100030 | E49: 406385880 | F49: 48 | H49: lot406213126/4941365760
A50: 46153 | B50: 212188221 | C50: 9000067542 | D50: 9000067542 100030 | E50: 406385880 | F50: 15 | H50: lot406213126/4941365761
A51: 46153 | B51: 212188221 | C51: 9000067542 | D51: 9000067542 100027 | E51: 406213126 | F51: 34
A52: 46153 | B52: 212182085 | C52: 9000035525 | D52: 9000035525 100074 | E52: 406494091 | F52: =642+9 -> 651 | G52: +9 | H52: 4941396858/4941396881で取り消し
A53: 46153 | B53: 212182085 | C53: 9000035525 | D53: 9000035525 100072 | E53: 406345558 | F53: =2485-9 -> 2476 | G53: -9 | H53: 4941396858
A54: 46155 | B54: 212185560 | C54: 9000066862 | D54: 変更無し | G54: リールごとの誤差の積み重ねです。 | H54: OK
A55: 46160 | B55: 212185565 | C55: 9000006361 | D55: 9000006361 100677 | E55: 405262543→406083364 | F55: 96 | H55: 4941430835/4941430851
A56: 46160 | B56: 212185564 | C56: 9000006361 | D56: 9000006361 100677 | E56: 405262543→406083364 | F56: 22→31 | H56: 4941429096 | I56: 入出庫取消 | J56: S | K56: 入出庫伝票 4941429096 が転記されました
B57: 212185564 | C57: 9000006361 | D57: 9000006361 100499 | E57: 405262543 | F57: 74→65 | G57: (参考) | H57: 4941430708
A58: 46160 | B58: 212183857 | C58: 667627 | E58: 406147118→406147115 | F58: 89 | G58: 406147115在庫87pcのみ→2pc在庫振替406147110 | H58: 取消4941438674 引当4941438675/4941438676 | I58: 発注外入庫取消4941438677
A59: 46160 | B59: 212183859 | C59: 9000051053 | E59: 406286925→406203513 | F59: 917 | H59: 取消4941430171 引当4941430172/4941430174 | I59: 発注外入庫取消4941430845
A60: 46160 | B60: 212189276 | C60: 9000057817 | D60: 9000057817 101266 | E60: 405367558→405367557 | F60: 146 | H60: 取消4941429037 引当4941429038/4941429115 | I60: 発注外入庫取消4941429150
A61: 46160 | B61: 212189859 | C61: 9000057757 | D61: 変更無し | G61: リールごとの誤差の積み重ねです。 | H61: OK
A62: 46160 | B62: 212191490 | C62: 910213 | D62: 変更無し | G62: リールごとの誤差の積み重ねです。 | H62: OK
A63: 46160 | B63: 212192754 | C63: 667324A | D63: 667324A100513 | E63: 406433724→405539246 | F63: 144 | H63: 取消4941455411 引当4941455418 | I63: 発注外入庫取消4941455447
A64: 46160 | B64: 212192756 | C64: 667324A | D64: 667324A100513 | E64: 406433724→405539246 | F64: 96 | H64: 取消4941430848 引当4941430871 | I64: 発注外入庫取消4941430906
A65: 46160 | B65: 212192755 | C65: 667324A | D65: 667324A100513 | E65: 406433724→405539246 | F65: 49 | H65: 取消4941430849 引当4941430904
A66: 46160 | B66: 212192179 | C66: 667324A | D66: 667324A100513 | E66: 406433724→405539246 | F66: 72 | H66: 取消4941430870 引当4941430905
A67: 46160 | B67: 212192177 | C67: 667324A | D67: 667324A100513 | E67: 406433724→405539246 | F67: 53 | H67: 取消4941430179 引当4941430846 | I67: 発注外入庫取消4941430847
A68: 46160 | B68: 212192177 | C68: 667324A | D68: 667324A100563 | E68: 406433724 | F68: 92 | G68: (参考)
A69: 46160 | B69: 212192182 | C69: 9000070347 | D69: 変更無し | G69: 誤差です。多分部品が大きいので現場で弾かれた部品を再利用している気がしますが真相は謎です。 | H69: OK
A70: 46161 | B70: 212185561 | C70: 9000070927 | D70: 変更無し | G70: リールごとの誤差の積み重ねです。 | H70: OK
A71: 46161 | B71: 212192181 | C71: 9000064828 | E71: 406181975→405966831 | F71: 70 | H71: 取消4941478710/4941478716 | I71: 4941478717
A72: 46161 | B72: 212192181 | C72: 9000064828 | D72: 9000064828 101108 | E72: 406181975 | F72: 26 | G72: (参考)
A73: 46161 | B73: 212192183 | C73: 641263 | D73: 641263 100911 | E73: 406138649→406138652 | F73: 576 | H73: 取消4941455450 引当4941455462 | I73: 発注外入庫取消4941455464
A74: 46161 | B74: 212180194 | C74: 641263 | D74: 641263 100911 | E74: 406138649→406138652 | F74: 544 | H74: 取消4941456748 引当4941456894 | I74: 発注外入庫取消(出庫処理)4941457008
A75: 46161 | B75: 212180194 | C75: 641263 | D75: 641263 100889 | E75: 406138649 | F75: 34 | G75: (参考)
A76: 46161 | B76: 212192183 | C76: 9000051053 | D76: 変更無し | G76: リールごとの誤差の積み重ねです。 | H76: OK
A77: 46162 | B77: 212187763 | C77: 667832 | E77: 405565831→ | G77: 状況複雑な為調査中
A78: 46162 | B78: 212187763 | C78: 667832 | D78: 667832 100046 | E78: 405565831 | G78: 状況複雑な為調査中
A79: 46162 | B79: 212187763 | C79: 9000037675 | E79: 406496909 | F79: ？ | G79: MESに見られた差分がEGPro上で見当たりません。
A80: 46168 | B80: 212186091 | C80: 641263 | D80: 641263 100911 | E80: 406138649→406138652 | F80: 144 | H80: 取消4941558260 引当4941558261 | I80: 発注外入庫取消4941558262
A81: 46168 | B81: 212186091 | C81: 641263 | D81: 641263 100911 | E81: 406138649→406138652 | F81: 96 | H81: 取消4941558260 引当4941558261 | I81: 発注外入庫取消4941558262
A82: 46168 | B82: 212186091 | C82: 9000066030 | D82: 9000066030 100017 | E82: 405988710→406216347 | F82: 20 | H82: 取消4941558269 引当4941558293 | I82: 発注外入庫取消4941558297
A83: 46168 | B83: 212186091 | C83: 9000066030 | D83: 9000066030 100015 | E83: 405988710 | F83: 28 | G83: (参考)
A84: 46168 | B84: 212186091 | C84: 9000066603 | D84: 9000066603 101064 | E84: 406186099→406303666 | F84: 48 | H84: 取消4941563597 引当4941563598 | I84: 発注外入庫取消4941563650
A85: 46168 | B85: 212180194 | C85: 9000066603 | D85: 9000066603 101064 | E85: 406186099→406303666 | F85: 178 | H85: 取消4941563653 引当4941563657 | I85: 発注外入庫取消4941563860
A86: 46168 | B86: 212180194 | C86: 9000066603 | D86: 9000066603 100988 | E86: 406186099 | F86: 14 | G86: (参考)
A87: 46168 | B87: 212195431 | C87: 9000064828 | E87: 406181975→405966831 | F87: 96 | H87: 取消4941558396 引当4941558398 | I87: 発注外入庫取消4941558399
A88: 46168 | B88: 212194123 | C88: 9000064828 | E88: 406181975→405966831 | F88: 96 | H88: 取消4941558420 引当4941558421 | I88: 発注外入庫取消4941558423
A89: 46168 | B89: 212191603 | C89: 9000066862 | D89: 変更無し | G89: リールごとの誤差の積み重ねです。
A90: 46168 | B90: 212191603 | C90: 9000070927 | D90: 変更無し | G90: リールごとの誤差の積み重ねです。
A91: 46168 | B91: 212195428 | C91: 9000003168 | D91: 9000003168 100080 | E91: 406458954→406517659 | F91: 139 | H91: 取消4941558428 引当4941558477 | I91: 発注外入庫取消4941558480
A92: 46168 | B92: 212195428 | C92: 9000003168 | D92: 9000003168 100079 | E92: 406458954 | F92: 56 | G92: (参考)
A93: 46168 | B93: 212187764 | C93: 667832 | D93: 667832 100047 | E93: 405565831→406440909 | F93: 240 | H93: 取消4941565206 引当4941565214 | I93: 発注外入庫取消4941565219
A94: 46168 | B94: 212187763 | C94: 667832 | D94: 667832 100047 | E94: 405565831→406440909 | F94: 155 | H94: 取消4941565246 引当4941565270 | I94: 発注外入庫取消4941565277
A95: 46168 | B95: 212187763 | C95: 667832 | D95: 667832 100046 | E95: 405565831 | F95: 85 | G95: (参考)
A96: 46171 | B96: 212198278 | C96: 9000041875 | D96: 9000041875 100316 | E96: 406432411→406119459 | F96: 96
A97: 46171 | B97: 212198278 | C97: 9000041875 | D97: 9000041875 100316 | E97: 406432411→406119459 | F97: 93
A98: 46171 | B98: 212198278 | C98: 9000041875 | D98: 9000041875 100337 | E98: 406432411 | F98: 4 | G98: (参考)
A99: 46171 | B99: 212197070 | C99: 641263 | D99: 641263 100903 | E99: 406138649→406138652 | F99: 576 | H99: 取消4941610606 引当4941610621 | I99: 発注外入庫取消4941610628
A100: 46171 | B100: 212191053 | C100: 641263 | D100: 641263 100903 | E100: 406138649→406138652 | F100: 144 | H100: 取消4941610609 引当4941610622 | I100: 発注外入庫取消4941610628
...

Sheet 計算用
A1: =IF(O1="","",O1) -> 212201177 | B1: =IF(P1="","",P1) -> 606177A | C1: =IF(Q1="","",Q1) -> 606177A100271 | D1: =IF(R1="","",R1) -> 406192431 | E1: =IF(X1="","",X1) -> 47 | G1: ↓超えた分 | I1: 次のロット | J1: {=LOOKUP(2, 1/(E:E<>""), E:E)-J2} -> 19 | L1: ここに貼付→ | M1: 3034708 | N1: 000212201177-2010 | O1: 212201177 | P1: 606177A | Q1: 606177A100271 | R1: 406192431 | S1: 2 | T1: M24 | U1: 46177.81 | V1: 46178.423 | W1: 100130 | X1: 47 | Y1: 47 | Z1: 0 | AA1: 46178.419 | AB1: 46178.426
A2: =IF(O2="","",O2) | B2: =IF(P2="","",P2) | C2: =IF(Q2="","",Q2) | D2: =IF(R2="","",R2) | E2: =IF(X2="","",X2) | G2: 19 | I2: 正しいロット | J2: =SUM(E:E)-G2 -> 28
A3: =IF(O3="","",O3) | B3: =IF(P3="","",P3) | C3: =IF(Q3="","",Q3) | D3: =IF(R3="","",R3) | E3: =IF(X3="","",X3)
A4: =IF(O4="","",O4) | B4: =IF(P4="","",P4) | C4: =IF(Q4="","",Q4) | D4: =IF(R4="","",R4) | E4: =IF(X4="","",X4)
A5: =IF(O5="","",O5) | B5: =IF(P5="","",P5) | C5: =IF(Q5="","",Q5) | D5: =IF(R5="","",R5) | E5: =IF(X5="","",X5)
A6: =IF(O6="","",O6) | B6: =IF(P6="","",P6) | C6: =IF(Q6="","",Q6) | D6: =IF(R6="","",R6) | E6: =IF(X6="","",X6)
A7: =IF(O7="","",O7) | B7: =IF(P7="","",P7) | C7: =IF(Q7="","",Q7) | D7: =IF(R7="","",R7) | E7: =IF(X7="","",X7)
A8: =IF(O8="","",O8) | B8: =IF(P8="","",P8) | C8: =IF(Q8="","",Q8) | D8: =IF(R8="","",R8) | E8: =IF(X8="","",X8)
A9: =IF(O9="","",O9) | B9: =IF(P9="","",P9) | C9: =IF(Q9="","",Q9) | D9: =IF(R9="","",R9) | E9: =IF(X9="","",X9)
A10: =IF(O10="","",O10) | B10: =IF(P10="","",P10) | C10: =IF(Q10="","",Q10) | D10: =IF(R10="","",R10) | E10: =IF(X10="","",X10)
A11: =IF(O11="","",O11) | B11: =IF(P11="","",P11) | C11: =IF(Q11="","",Q11) | D11: =IF(R11="","",R11) | E11: =IF(X11="","",X11)
A12: =IF(O12="","",O12) | B12: =IF(P12="","",P12) | C12: =IF(Q12="","",Q12) | D12: =IF(R12="","",R12) | E12: =IF(X12="","",X12)
A13: =IF(O13="","",O13) | B13: =IF(P13="","",P13) | C13: =IF(Q13="","",Q13) | D13: =IF(R13="","",R13) | E13: =IF(X13="","",X13)
A14: =IF(O14="","",O14) | B14: =IF(P14="","",P14) | C14: =IF(Q14="","",Q14) | D14: =IF(R14="","",R14) | E14: =IF(X14="","",X14)
... A40: =IF(O40="","",O40) | B40: =IF(P40="","",P40) | C40: =IF(Q40="","",Q40) | D40: =IF(R40="","",R40) | E40: =IF(X40="","",X40)

Sheet EGP　MES BOSS差異
B1: 日付 | C1: 保管場所 | D1: 品目 | E1: 数量 | F1: LOT | G1: 処理伝票NO | H1: MESその他出庫 | I1: テキスト「 | J1: EGPro調整出庫 | K1: 」
A2: 関口 | B2: 20250522 | C2: 0001 | D2: 9000064828 | E2: 2 | F2: 406491827 | G2: 4941478866 | H2: 済
A3: 関口 | B3: 20250522 | C3: 0001 | D3: 9000064828 | E3: 2 | F3: 406496926 | G3: 4941478866 | H3: 済
A4: 菅原 | B4: 20260624 | C4: 0001 | D4: 9000069231 | E4: 2 | F4: 406314602 | G4: 4941905816 | H4: 済
A5: 菅原 | B5: 20260630 | C5: 0001 | D5: 534806 | E5: 1 | F5: 406236786 | G5: 4941908660 | H5: 済
A6: 菅原 | B6: 20260702 | C6: 0001 | D6: 363447B | E6: 4 | F6: 403757143 | G6: 4941998069 | H6: 済
A7: 菅原 | B7: 20260706 | C7: 0001 | D7: 9000063369 | E7: 1 | F7: 405706192 | G7: 4941998069 | H7: 済
A8: 菅原 | B8: 20260707 | C8: 0001 | D8: 9000063330 | E8: 1 | F8: 405585400 | G8: 4941998069 | H8: 済
A9: 菅原 | B9: 20260707 | C9: 0001 | D9: 9000053728 | E9: 1 | F9: 406194252 | G9: 4941998069 | H9: 済
A10: 菅原 | B10: 20260707 | C10: 0001 | D10: 9000047227 | E10: 1 | F10: 406160786 | G10: 4941998069 | H10: 済
A11: 菅原 | B11: 20260710 | C11: 0001 | D11: 935543 | E11: 3 | F11: 405920350 | G11: 4942106345 | H11: 済
A12: 菅原 | B12: 20260710 | C12: 0001 | D12: 9000045942 | E12: 2 | F12: 406115755 | G12: 4942106345 | H12: 済
A13: 菅原 | B13: 20260717 | C13: 0001 | D13: 9000067543 | E13: 1 | F13: 406393820 | G13: 4942106345 | H13: 済
A14: 菅原 | B14: 20260723 | C14: 0001 | D14: 9000063376 | E14: 1 | F14: 406432978

Sheet 4.13Egp差異
B1: 番号 | C1: 品目 | D1: ロット | E1: 差異入力数 | F1: ←差異→ | G1: →合計 | H1: 212179065 | I1: 212179068 | J1: 212179616 | K1: 212179642 | L1: 212179615 | M1: 212179619 | O1: 212179615 | P1: 212179619
A2: =C2&D2 -> 346047B406369094 | B2: 212179065 | C2: 346047B | D2: 406369094 | E2: 575 | F2: =E2-G2 -> -1 | G2: =SUM(H2:M2) -> 576 | H2: 384 | I2: 0 | J2: 96 | K2: 96 | L2: 0 | M2: 0 | O2: #N/A | P2: 192
A3: =C3&D3 -> 581639A406378753 | B3: 212179619 | C3: 581639A | D3: 406378753 | E3: 33 | F3: =E3-G3 -> 0 | G3: =SUM(H3:M3) -> 33 | H3: 0 | I3: 0 | J3: 0 | K3: 0 | L3: 0 | M3: 33 | O3: #N/A | P3: 384
A4: =C4&D4 -> 611135B406374905 | B4: 212179616 | C4: 611135B | D4: 406374905 | E4: 746 | F4: =E4-G4 -> -166 | G4: =SUM(H4:M4) -> 912 | H4: 384 | I4: 336 | J4: 96 | K4: 96 | L4: 0 | M4: 0 | O4: #N/A | P4: #N/A
A5: =C5&D5 -> 616504A406091904 | B5: 212180182 | C5: 616504A | D5: 406091904 | E5: 57 | F5: =E5-G5 -> -519 | G5: =SUM(H5:M5) -> 576 | H5: 576 | I5: 0 | J5: 0 | K5: 0 | L5: 0 | M5: 0 | O5: #N/A | P5: #N/A
A6: =C6&D6 -> 654641406146706 | B6: 212179068 | C6: 654641 | D6: 406146706 | E6: 1822 | F6: =E6-G6 -> -2 | G6: =SUM(H6:M6) -> 1824 | H6: 768 | I6: 672 | J6: 192 | K6: 192 | L6: 0 | M6: 0 | O6: #N/A | P6: 384
A7: =C7&D7 -> 655417406310286 | B7: 212179065 | C7: 655417 | D7: 406310286 | E7: 896 | F7: =E7-G7 -> 0 | G7: =SUM(H7:M7) -> 896 | H7: 384 | I7: 336 | J7: 80 | K7: 96 | L7: 0 | M7: 0 | O7: #N/A | P7: #N/A
A8: =C8&D8 -> 667164A406147000 | B8: 212179068 | C8: 667164A | D8: 406147000 | E8: 4560 | F8: =E8-G8 -> 0 | G8: =SUM(H8:M8) -> 4560 | H8: 1920 | I8: 1680 | J8: 480 | K8: 480 | L8: 0 | M8: 0 | O8: #N/A | P8: #N/A
A9: =C9&D9 -> 667271A406340150 | B9: 212179614 | C9: 667271A | D9: 406340150 | E9: 457 | F9: =E9-G9 -> 1 | G9: =SUM(H9:M9) -> 456 | H9: 192 | I9: 168 | J9: 48 | K9: 48 | L9: 0 | M9: 0 | O9: #N/A | P9: #N/A
A10: =C10&D10 -> 667351A406192570 | B10: 212179614 | C10: 667351A | D10: 406192570 | E10: 458 | F10: =E10-G10 -> 2 | G10: =SUM(H10:M10) -> 456 | H10: 192 | I10: 168 | J10: 48 | K10: 48 | L10: 0 | M10: 0 | O10: #N/A | P10: #N/A
A11: =C11&D11 -> 667672406314232 | B11: 212179065 | C11: 667672 | D11: 406314232 | E11: 1321 | F11: =E11-G11 -> 1 | G11: =SUM(H11:M11) -> 1320 | H11: 384 | I11: 840 | J11: 48 | K11: 48 | L11: 0 | M11: 0 | O11: #N/A | P11: 384
A12: =C12&D12 -> 667823406321815 | B12: 212179065 | C12: 667823 | D12: 406321815 | E12: 913 | F12: =E12-G12 -> 0 | G12: =SUM(H12:M12) -> 913 | H12: 192 | I12: 504 | J12: 73 | K12: 144 | L12: 0 | M12: 0 | O12: #N/A | P12: 192
A13: =C13&D13 -> 675609A406141038 | B13: 212179616 | C13: 675609A | D13: 406141038 | E13: 894 | F13: =E13-G13 -> -18 | G13: =SUM(H13:M13) -> 912 | H13: 384 | I13: 336 | J13: 96 | K13: 96 | L13: 0 | M13: 0 | O13: #N/A | P13: #N/A
A14: =C14&D14 -> 9000028364406256811 | B14: 212179617 | C14: 9000028364 | D14: 406256811 | E14: 417 | F14: =E14-G14 -> -111 | G14: =SUM(H14:M14) -> 528 | H14: 0 | I14: 336 | J14: 96 | K14: 96 | L14: 0 | M14: 0 | O14: #N/A | P14: #N/A
A15: =C15&D15 -> 9000035579406286924 | B15: 212179068 | C15: 9000035579 | D15: 406286924 | E15: 825 | F15: =E15-G15 -> 3 | G15: =SUM(H15:M15) -> 822 | H15: 0 | I15: 504 | J15: 144 | K15: 174 | L15: 0 | M15: 0 | O15: #N/A | P15: #N/A
A16: =C16&D16 -> 9000040403406325204 | B16: 212180182 | C16: 9000040403 | D16: 406325204 | E16: 162 | F16: =E16-G16 -> -294 | G16: =SUM(H16:M16) -> 456 | H16: 192 | I16: 168 | J16: 48 | K16: 48 | L16: 0 | M16: 0 | O16: #N/A | P16: 192
A17: =C17&D17 -> 9000041866406258230 | B17: 212179068 | C17: 9000041866 | D17: 406258230 | E17: 39 | F17: =E17-G17 -> 0 | G17: =SUM(H17:M17) -> 39 | H17: 0 | I17: 39 | J17: 0 | K17: 0 | L17: 0 | M17: 0 | O17: #N/A | P17: #N/A
A18: =C18&D18 -> 9000051053406260353 | B18: 212179068 | C18: 9000051053 | D18: 406260353 | E18: 27466 | F18: =E18-G18 -> -8198 | G18: =SUM(H18:M18) -> 35664 | H18: 0 | I18: 28896 | J18: 3408 | K18: 3360 | L18: 0 | M18: 0 | O18: #N/A | P18: #N/A
A19: =C19&D19 -> 9000051053406269948 | C19: 9000051053 | D19: 406269948 | E19: 10553 | F19: =E19-G19 -> -7 | G19: =SUM(H19:M19) -> 10560 | H19: 0 | I19: 0 | J19: 5328 | K19: 5232 | L19: 0 | M19: 0 | O19: #N/A | P19: #N/A
A20: =C20&D20 -> 9000053479406340161 | B20: 212179614 | C20: 9000053479 | D20: 406340161 | E20: 911 | F20: =E20-G20 -> -1 | G20: =SUM(H20:M20) -> 912 | H20: 384 | I20: 336 | J20: 96 | K20: 96 | L20: 0 | M20: 0 | O20: #N/A | P20: #N/A
A21: =C21&D21 -> 9000059114406007475 | B21: 212180221 | C21: 9000059114 | D21: 406007475 | E21: 48 | F21: =E21-G21 -> -48 | G21: =SUM(H21:M21) -> 96 | H21: 0 | I21: 0 | J21: 48 | K21: 48 | L21: 0 | M21: 0 | O21: #N/A | P21: #N/A
A22: =C22&D22 -> 9000059200406115645 | B22: 212179065 | C22: 9000059200 | D22: 406115645 | E22: 384 | F22: =E22-G22 -> 0 | G22: =SUM(H22:M22) -> 384 | H22: 192 | I22: 168 | J22: 0 | K22: 24 | L22: 0 | M22: 0 | O22: #N/A | P22: #N/A
A23: =C23&D23 -> 9000059207406370333 | B23: 212179617 | C23: 9000059207 | D23: 406370333 | E23: 352 | F23: =E23-G23 -> -104 | G23: =SUM(H23:M23) -> 456 | H23: 192 | I23: 168 | J23: 48 | K23: 48 | L23: 0 | M23: 0 | O23: #N/A | P23: #N/A
A24: =C24&D24 -> 9000059217406263653 | B24: 212179068 | C24: 9000059217 | D24: 406263653 | E24: 711 | F24: =E24-G24 -> 1 | G24: =SUM(H24:M24) -> 710 | H24: 0 | I24: 710 | J24: 0 | K24: 0 | L24: 0 | M24: 0 | O24: #N/A | P24: #N/A
A25: =C25&D25 -> 9000059823406421021 | B25: 212179068 | C25: 9000059823 | D25: 406421021 | E25: 363 | F25: =E25-G25 -> 3 | G25: =SUM(H25:M25) -> 360 | H25: 192 | I25: 168 | J25: 0 | K25: 0 | L25: 0 | M25: 0 | O25: #N/A | P25: #N/A
A26: =C26&D26 -> 9000060539406092856 | B26: 212179065 | C26: 9000060539 | D26: 406092856 | E26: 453 | F26: =E26-G26 -> -3 | G26: =SUM(H26:M26) -> 456 | H26: 192 | I26: 168 | J26: 48 | K26: 48 | L26: 0 | M26: 0 | O26: #N/A | P26: #N/A
A27: =C27&D27 -> 9000066299405875950 | B27: 212179614 | C27: 9000066299 | D27: 405875950 | E27: 453 | F27: =E27-G27 -> -3 | G27: =SUM(H27:M27) -> 456 | H27: 192 | I27: 168 | J27: 48 | K27: 48 | L27: 0 | M27: 0 | O27: #N/A | P27: #N/A
A28: =C28&D28 -> 9000066517406392103 | B28: 212179068 | C28: 9000066517 | D28: 406392103 | E28: 1293 | F28: =E28-G28 -> 1 | G28: =SUM(H28:M28) -> 1292 | H28: 0 | I28: 1292 | J28: 0 | K28: 0 | L28: 0 | M28: 0 | O28: #N/A | P28: #N/A
A29: =C29&D29 -> 9000066578406313246 | B29: 212179616 | C29: 9000066578 | D29: 406313246 | E29: 2574 | F29: =E29-G29 -> -66 | G29: =SUM(H29:M29) -> 2640 | H29: 0 | I29: 1680 | J29: 480 | K29: 480 | L29: 0 | M29: 0 | O29: #N/A | P29: #N/A
A30: =C30&D30 -> 9000066587406393799 | B30: 212179068 | C30: 9000066587 | D30: 406393799 | E30: 218 | F30: =E30-G30 -> 0 | G30: =SUM(H30:M30) -> 218 | H30: 0 | I30: 168 | J30: 2 | K30: 48 | L30: 0 | M30: 0 | O30: #N/A | P30: #N/A
A31: =C31&D31 -> 9000066588406313242 | B31: 212179068 | C31: 9000066588 | D31: 406313242 | E31: 1878 | F31: =E31-G31 -> 2 | G31: =SUM(H31:M31) -> 1876 | H31: 0 | I31: 1512 | J31: 144 | K31: 220 | L31: 0 | M31: 0 | O31: #N/A | P31: #N/A
... A33: =C33&D33 -> 9000066594406366312 | B33: 212179065 | C33: 9000066594 | D33: 406366312 | E33: 212 | F33: =E33-G33 -> 0 | G33: =SUM(H33:M33) -> 212 | H33: 192 | I33: 20 | J33: 0 | K33: 0 | L33: 0 | M33: 0 | O33: #N/A | P33: #N/A
A34: =C34&D34 -> 9000066595406377122 | B34: 212179616 | C34: 9000066595 | D34: 406377122 | E34: 2662 | F34: =E34-G34 -> -314 | G34: =SUM(H34:M34) -> 2976 | H34: 768 | I34: 1008 | J34: 336 | K34: 240 | L34: 624 | M34: 0 | O34: 1248 | P34: #N/A
A35: =C35&D35 -> 9000066598406362945 | B35: 212179065 | C35: 9000066598 | D35: 406362945 | E35: 9654 | F35: =E35-G35 -> -3882 | G35: =SUM(H35:M35) -> 13536 | H35: 13440 | I35: 0 | J35: 0 | K35: 0 | L35: 0 | M35: 96 | O35: #N/A | P35: 192
A36: =C36&D36 -> 9000066687406403337 | B36: 212179068 | C36: 9000066687 | D36: 406403337 | E36: 77 | F36: =E36-G36 -> 0 | G36: =SUM(H36:M36) -> 77 | H36: 0 | I36: 77 | J36: 0 | K36: 0 | L36: 0 | M36: 0 | O36: #N/A | P36: #N/A
A37: =C37&D37 -> 9000066815406306114 | B37: 212179068 | C37: 9000066815 | D37: 406306114 | E37: 168 | F37: =E37-G37 -> 0 | G37: =SUM(H37:M37) -> 168 | H37: 0 | I37: 168 | J37: 0 | K37: 0 | L37: 0 | M37: 0 | O37: #N/A | P37: #N/A
A38: =C38&D38 -> 9000066849406372330 | B38: 212179617 | C38: 9000066849 | D38: 406372330 | E38: 737 | F38: =E38-G38 -> -1999 | G38: =SUM(H38:M38) -> 2736 | H38: 1152 | I38: 1008 | J38: 288 | K38: 288 | L38: 0 | M38: 0 | O38: #N/A | P38: #N/A
A39: =C39&D39 -> 9000066896406366309 | B39: 212179065 | C39: 9000066896 | D39: 406366309 | E39: 192 | F39: =E39-G39 -> 0 | G39: =SUM(H39:M39) -> 192 | H39: 192 | I39: 0 | J39: 0 | K39: 0 | L39: 0 | M39: 0 | O39: #N/A | P39: #N/A
A40: =C40&D40 -> 9000066900406203171 | B40: 212179065 | C40: 9000066900 | D40: 406203171 | E40: 458 | F40: =E40-G40 -> 2 | G40: =SUM(H40:M40) -> 456 | H40: 192 | I40: 168 | J40: 48 | K40: 48 | L40: 0 | M40: 0 | O40: #N/A | P40: #N/A
A41: =C41&D41 -> 9000067013406399997 | B41: 212179065 | C41: 9000067013 | D41: 406399997 | E41: 192 | F41: =E41-G41 -> 0 | G41: =SUM(H41:M41) -> 192 | H41: 192 | I41: 0 | J41: 0 | K41: 0 | L41: 0 | M41: 0 | O41: #N/A | P41: #N/A
A42: =C42&D42 -> 9000067014406350519 | B42: 212179065 | C42: 9000067014 | D42: 406350519 | E42: 1872 | F42: =E42-G42 -> 0 | G42: =SUM(H42:M42) -> 1872 | H42: 1872 | I42: 0 | J42: 0 | K42: 0 | L42: 0 | M42: 0 | O42: #N/A | P42: 384
A43: =C43&D43 -> 9000067289406416296 | B43: 212179065 | C43: 9000067289 | D43: 406416296 | E43: 912 | F43: =E43-G43 -> 0 | G43: =SUM(H43:M43) -> 912 | H43: 384 | I43: 336 | J43: 96 | K43: 96 | L43: 0 | M43: 0 | O43: #N/A | P43: #N/A
A44: =C44&D44 -> 9000067544406388656 | B44: 212179617 | C44: 9000067544 | D44: 406388656 | E44: 538 | F44: =E44-G44 -> -1718 | G44: =SUM(H44:M44) -> 2256 | H44: 0 | I44: 1680 | J44: 288 | K44: 288 | L44: 0 | M44: 0 | O44: #N/A | P44: #N/A
A45: =C45&D45 -> 9000067546406339567 | B45: 212179616 | C45: 9000067546 | D45: 406339567 | E45: 564 | F45: =E45-G45 -> 300 | G45: =SUM(H45:M45) -> 264 | H45: 0 | I45: 168 | J45: 48 | K45: 48 | L45: 0 | M45: 0 | O45: #N/A | P45: #N/A
A46: =C46&D46 -> 9000068498406391449 | B46: 212179614 | C46: 9000068498 | D46: 406391449 | E46: 455 | F46: =E46-G46 -> -1 | G46: =SUM(H46:M46) -> 456 | H46: 192 | I46: 168 | J46: 48 | K46: 48 | L46: 0 | M46: 0 | O46: #N/A | P46: 192
A47: =C47&D47 -> 9000068499406407727 | B47: 212180182 | C47: 9000068499 | D47: 406407727 | E47: 116 | F47: =E47-G47 -> -508 | G47: =SUM(H47:M47) -> 624 | H47: 192 | I47: 336 | J47: 48 | K47: 48 | L47: 0 | M47: 0 | O47: #N/A | P47: #N/A
A48: =C48&D48 -> 9000068500406414965 | B48: 212180182 | C48: 9000068500 | D48: 406414965 | E48: 523 | F48: =E48-G48 -> -2669 | G48: =SUM(H48:M48) -> 3192 | H48: 1344 | I48: 1176 | J48: 336 | K48: 336 | L48: 0 | M48: 0 | O48: #N/A | P48: 192
A49: =C49&D49 -> 9000068524406407728 | B49: 212179065 | C49: 9000068524 | D49: 406407728 | E49: 1989 | F49: =E49-G49 -> 1 | G49: =SUM(H49:M49) -> 1988 | H49: 960 | I49: 1028 | J49: 0 | K49: 0 | L49: 0 | M49: 0 | O49: #N/A | P49: #N/A
A50: =C50&D50 -> 9000068534406394290 | B50: 212179068 | C50: 9000068534 | D50: 406394290 | E50: 302 | F50: =E50-G50 -> 0 | G50: =SUM(H50:M50) -> 302 | H50: 0 | I50: 302 | J50: 0 | K50: 0 | L50: 0 | M50: 0 | O50: #N/A | P50: #N/A
A51: =C51&D51 -> 9000069417406325233 | B51: 212179065 | C51: 9000069417 | D51: 406325233 | E51: 1296 | F51: =E51-G51 -> 0 | G51: =SUM(H51:M51) -> 1296 | H51: 576 | I51: 504 | J51: 72 | K51: 144 | L51: 0 | M51: 0 | O51: #N/A | P51: #N/A
A52: =C52&D52 -> 9000069419406265492 | B52: 212179068 | C52: 9000069419 | D52: 406265492 | E52: 1079 | F52: =E52-G52 -> -1 | G52: =SUM(H52:M52) -> 1080 | H52: 0 | I52: 840 | J52: 240 | K52: 0 | L52: 0 | M52: 0 | O52: #N/A | P52: #N/A
A53: =C53&D53 -> 9000070468406194523 | B53: 212179617 | C53: 9000070468 | D53: 406194523 | E53: 64 | F53: =E53-G53 -> -440 | G53: =SUM(H53:M53) -> 504 | H53: 0 | I53: 504 | J53: 0 | K53: 0 | L53: 0 | M53: 0 | O53: #N/A | P53: #N/A
A54: =C54&D54 -> 9000070881406362523 | B54: 212179068 | C54: 9000070881 | D54: 406362523 | E54: 246 | F54: =E54-G54 -> 0 | G54: =SUM(H54:M54) -> 246 | H54: 0 | I54: 168 | J54: 30 | K54: 48 | L54: 0 | M54: 0 | O54: #N/A | P54: #N/A
A55: =C55&D55 -> 908092406141066 | B55: 212179065 | C55: 908092 | D55: 406141066 | E55: 152 | F55: =E55-G55 -> 0 | G55: =SUM(H55:M55) -> 152 | H55: 152 | I55: 0 | J55: 0 | K55: 0 | L55: 0 | M55: 0 | O55: #N/A | P55: #N/A
A56: =C56&D56 -> 909616406310252 | B56: 212179617 | C56: 909616 | D56: 406310252 | E56: 2047 | F56: =E56-G56 -> -833 | G56: =SUM(H56:M56) -> 2880 | H56: 960 | I56: 1344 | J56: 288 | K56: 288 | L56: 0 | M56: 0 | O56: #N/A | P56: 192
A57: =C57&D57 -> 913103405640327 | B57: 212179614 | C57: 913103 | D57: 405640327 | E57: 742 | F57: =E57-G57 -> -2 | G57: =SUM(H57:M57) -> 744 | H57: 384 | I57: 168 | J57: 96 | K57: 96 | L57: 0 | M57: 0 | O57: #N/A | P57: 384
A58: =C58&D58 -> 916804405920702 | B58: 212179642 | C58: 916804 | D58: 405920702 | E58: 879 | F58: =E58-G58 -> -945 | G58: =SUM(H58:M58) -> 1824 | H58: 768 | I58: 672 | J58: 192 | K58: 192 | L58: 0 | M58: 0 | O58: #N/A | P58: 384
A59: =C59&D59 -> 938442406326723 | B59: 212179065 | C59: 938442 | D59: 406326723 | E59: 110 | F59: =E59-G59 -> -3 | G59: =SUM(H59:M59) -> 113 | H59: 113 | I59: 0 | J59: 0 | K59: 0 | L59: 0 | M59: 0 | O59: #N/A | P59: #N/A

Sheet 4.10に2重に送信した生データ
A1: 品目 | B1: 合計 | D1: 212179065 | E1: 212179068 | F1: 212179615 | G1: 212179616 | H1: 212179619 | I1: 212179642
A2: 534806 | B2: =SUM(D2:I2) -> 456 | C2: 456 | D2: 192 | E2: 168 | G2: 48 | I2: 48 | J2: =B2-C2 -> 0
A3: 554179 | B3: =SUM(D3:I3) -> 552 | C3: 552 | D3: 192 | E3: 168 | G3: 48 | H3: 96 | I3: 48 | J3: =B3-C3 -> 0
A4: 587535 | B4: =SUM(D4:I4) -> 552 | C4: 552 | D4: 192 | E4: 168 | G4: 48 | H4: 96 | I4: 48 | J4: =B4-C4 -> 0
A5: 608932 | B5: =SUM(D5:I5) -> 216 | C5: 216 | E5: 168 | G5: 48 | J5: =B5-C5 -> 0
A6: 620508 | B6: =SUM(D6:I6) -> 6336 | C6: 6337 | D6: 6336 | J6: =B6-C6 -> -1
A7: 620598 | B7: =SUM(D7:I7) -> 192 | C7: 192 | H7: 192 | J7: =B7-C7 -> 0
A8: 620606 | B8: =SUM(D8:I8) -> 552 | C8: 552 | D8: 192 | E8: 168 | G8: 48 | H8: 96 | I8: 48 | J8: =B8-C8 -> 0
A9: 620624 | B9: =SUM(D9:I9) -> 1464 | C9: 1464 | D9: 576 | E9: 504 | G9: 144 | H9: 96 | I9: 144 | J9: =B9-C9 -> 0
A10: 632023 | B10: =SUM(D10:I10) -> 1656 | C10: 1659 | D10: 576 | E10: 504 | G10: 144 | H10: 288 | I10: 144 | J10: =B10-C10 -> -3
A11: 632032 | B11: =SUM(D11:I11) -> 192 | C11: 193 | G11: 96 | I11: 96 | J11: =B11-C11 -> -1
A12: 639132 | B12: =SUM(D12:I12) -> 456 | C12: 456 | D12: 192 | E12: 168 | G12: 48 | I12: 48 | J12: =B12-C12 -> 0
A13: 641263 | B13: =SUM(D13:I13) -> 528 | C13: 528 | D13: 384 | H13: 96 | I13: 48 | J13: =B13-C13 -> 0
A14: 644955 | B14: =SUM(D14:I14) -> 2280 | C14: 2280 | D14: 960 | E14: 840 | G14: 240 | I14: 240 | J14: =B14-C14 -> 0
A15: 654597 | B15: =SUM(D15:I15) -> 96 | C15: 96 | H15: 96 | J15: =B15-C15 -> 0
A16: 654605 | B16: =SUM(D16:I16) -> 1728 | C16: 1728 | D16: 1728 | J16: =B16-C16 -> 0
A17: 654614 | B17: =SUM(D17:I17) -> 384 | C17: 384 | D17: 384 | J17: =B17-C17 -> 0
A18: 654623 | B18: =SUM(D18:I18) -> 192 | C18: 192 | H18: 192 | J18: =B18-C18 -> 0
A19: 654641 | B19: =SUM(D19:I19) -> 2016 | C19: 2016 | D19: 768 | E19: 672 | G19: 192 | H19: 192 | I19: 192 | J19: =B19-C19 -> 0
A20: 655417 | B20: =SUM(D20:I20) -> 912 | C20: 912 | D20: 384 | E20: 336 | G20: 96 | I20: 96 | J20: =B20-C20 -> 0
A21: 658058 | B21: =SUM(D21:I21) -> 96 | C21: 96 | G21: 48 | I21: 48 | J21: =B21-C21 -> 0
A22: 659226 | B22: =SUM(D22:I22) -> 552 | C22: 552 | D22: 192 | E22: 168 | G22: 48 | H22: 96 | I22: 48 | J22: =B22-C22 -> 0
A23: 659298 | B23: =SUM(D23:I23) -> 25848 | C23: 25850 | D23: 10560 | E23: 8568 | G23: 2544 | H23: 1632 | I23: 2544 | J23: =B23-C23 -> -2
A24: 661393 | B24: =SUM(D24:I24) -> 2472 | C24: 2472 | D24: 960 | E24: 840 | G24: 336 | I24: 336 | J24: =B24-C24 -> 0
A25: 662516 | B25: =SUM(D25:I25) -> 96 | C25: 96 | H25: 96 | J25: =B25-C25 -> 0
A26: 662917 | B26: =SUM(D26:I26) -> 768 | C26: 768 | D26: 576 | H26: 192 | J26: =B26-C26 -> 0
A27: 663275 | B27: =SUM(D27:I27) -> 10776 | C27: 10777 | D27: 3648 | E27: 4536 | G27: 1296 | I27: 1296 | J27: =B27-C27 -> -1
A28: 663435 | B28: =SUM(D28:I28) -> 96 | C28: 96 | H28: 96 | J28: =B28-C28 -> 0
A29: 663738 | B29: =SUM(D29:I29) -> 456 | C29: 456 | D29: 192 | E29: 168 | G29: 48 | I29: 48 | J29: =B29-C29 -> 0
A30: 666192 | B30: =SUM(D30:I30) -> 3744 | C30: 3744 | H30: 3744 | J30: =B30-C30 -> 0
A31: 666744 | B31: =SUM(D31:I31) -> 648 | C31: 649 | D31: 384 | E31: 168 | G31: 48 | I31: 48 | J31: =B31-C31 -> -1
A32: 666771 | B32: =SUM(D32:I32) -> 192 | C32: 192 | H32: 192 | J32: =B32-C32 -> 0
A33: 666789 | B33: =SUM(D33:I33) -> 288 | C33: 288 | H33: 288 | J33: =B33-C33 -> 0
A34: 666824 | B34: =SUM(D34:I34) -> 264 | C34: 264 | E34: 168 | G34: 48 | I34: 48 | J34: =B34-C34 -> 0
A35: 667627 | B35: =SUM(D35:I35) -> 10776 | C35: 10777 | D35: 3456 | E35: 4536 | G35: 1344 | H35: 288 | I35: 1152 | J35: =B35-C35 -> -1
A36: 667636 | B36: =SUM(D36:I36) -> 13824 | C36: 13827 | D36: 5376 | E36: 4704 | G36: 1440 | H36: 864 | I36: 1440 | J36: =B36-C36 -> -3
A37: 667645 | B37: =SUM(D37:I37) -> 28824 | C37: 28827 | D37: 10560 | E37: 10248 | G37: 3120 | H37: 1824 | I37: 3072 | J37: =B37-C37 -> -3
A38: 667654 | B38: =SUM(D38:I38) -> 23328 | C38: 23330 | D38: 8064 | E38: 8736 | G38: 2736 | H38: 960 | I38: 2832 | J38: =B38-C38 -> -2
A39: 667672 | B39: =SUM(D39:I39) -> 1656 | C39: 1656 | D39: 384 | E39: 840 | G39: 144 | H39: 192 | I39: 96 | J39: =B39-C39 -> 0
A40: 667699 | B40: =SUM(D40:I40) -> 8088 | C40: 8089 | D40: 3456 | E40: 3192 | G40: 720 | I40: 720 | J40: =B40-C40 -> -1
A41: 667707 | B41: =SUM(D41:I41) -> 4416 | C41: 4417 | D41: 1536 | E41: 1344 | G41: 384 | H41: 768 | I41: 384 | J41: =B41-C41 -> -1
A42: 667725 | B42: =SUM(D42:I42) -> 2424 | C42: 2424 | D42: 768 | E42: 1176 | G42: 240 | I42: 240 | J42: =B42-C42 -> 0
A43: 667734 | B43: =SUM(D43:I43) -> 5328 | C43: 5328 | D43: 2112 | E43: 2016 | G43: 624 | I43: 576 | J43: =B43-C43 -> 0
A44: 667743 | B44: =SUM(D44:I44) -> 1368 | C44: 1368 | D44: 576 | E44: 504 | G44: 144 | I44: 144 | J44: =B44-C44 -> 0
A45: 667761 | B45: =SUM(D45:I45) -> 984 | C45: 984 | D45: 192 | E45: 504 | G45: 144 | I45: 144 | J45: =B45-C45 -> 0
A46: 667779 | B46: =SUM(D46:I46) -> 1320 | C46: 1320 | E46: 840 | G46: 240 | I46: 240 | J46: =B46-C46 -> 0
A47: 667788 | B47: =SUM(D47:I47) -> 4200 | C47: 4201 | D47: 1536 | E47: 1512 | G47: 480 | H47: 192 | I47: 480 | J47: =B47-C47 -> -1
A48: 667797 | B48: =SUM(D48:I48) -> 2544 | C48: 2545 | D48: 576 | E48: 1008 | G48: 288 | H48: 384 | I48: 288 | J48: =B48-C48 -> -1
A49: 667814 | B49: =SUM(D49:I49) -> 1752 | C49: 1752 | D49: 576 | E49: 504 | G49: 240 | H49: 192 | I49: 240 | J49: =B49-C49 -> 0
A50: 667823 | B50: =SUM(D50:I50) -> 1080 | C50: 1081 | D50: 192 | E50: 504 | G50: 144 | H50: 96 | I50: 144 | J50: =B50-C50 -> -1
A51: 667841 | B51: =SUM(D51:I51) -> 7008 | C51: 7010 | D51: 2880 | E51: 2688 | G51: 720 | I51: 720 | J51: =B51-C51 -> -2
A52: 667859 | B52: =SUM(D52:I52) -> 816 | C52: 816 | E52: 336 | G52: 240 | I52: 240 | J52: =B52-C52 -> 0
A53: 667877 | B53: =SUM(D53:I53) -> 3720 | C53: 3720 | D53: 960 | E53: 1512 | G53: 480 | H53: 288 | I53: 480 | J53: =B53-C53 -> 0
A54: 668885 | B54: =SUM(D54:I54) -> 8280 | C54: 8280 | D54: 3264 | E54: 3192 | G54: 912 | I54: 912 | J54: =B54-C54 -> 0
A55: 672434 | B55: =SUM(D55:I55) -> 1008 | C55: 1009 | D55: 384 | E55: 336 | G55: 96 | H55: 96 | I55: 96 | J55: =B55-C55 -> -1
A56: 672595 | B56: =SUM(D56:I56) -> 10104 | C56: 10105 | D56: 4224 | E56: 3528 | G56: 1152 | H56: 96 | I56: 1104 | J56: =B56-C56 -> -1
A57: 677349 | B57: =SUM(D57:I57) -> 96 | C57: 96 | G57: 48 | I57: 48 | J57: =B57-C57 -> 0
A58: 677358 | B58: =SUM(D58:I58) -> 528 | C58: 528 | E58: 336 | G58: 96 | I58: 96 | J58: =B58-C58 -> 0
A59: 678615 | B59: =SUM(D59:I59) -> 192 | C59: 192 | H59: 192 | J59: =B59-C59 -> 0
A60: 683868 | B60: =SUM(D60:I60) -> 192 | C60: 192 | H60: 192 | J60: =B60-C60 -> 0
A61: 683877 | B61: =SUM(D61:I61) -> 1344 | C61: 1344 | D61: 384 | E61: 672 | G61: 144 | I61: 144 | J61: =B61-C61 -> 0
A62: 683886 | B62: =SUM(D62:I62) -> 528 | C62: 528 | E62: 336 | G62: 96 | I62: 96 | J62: =B62-C62 -> 0
A63: 683912 | B63: =SUM(D63:I63) -> 552 | C63: 552 | D63: 192 | E63: 168 | G63: 96 | I63: 96 | J63: =B63-C63 -> 0
A64: 683921 | B64: =SUM(D64:I64) -> 1368 | C64: 1368 | D64: 576 | E64: 504 | G64: 144 | I64: 144 | J64: =B64-C64 -> 0
A65: 683939 | B65: =SUM(D65:I65) -> 2208 | C65: 2208 | D65: 768 | E65: 672 | G65: 192 | H65: 384 | I65: 192 | J65: =B65-C65 -> 0
A66: 684368 | B66: =SUM(D66:I66) -> 1728 | C66: 1728 | D66: 1728 | J66: =B66-C66 -> 0
A67: 687454 | B67: =SUM(D67:I67) -> 456 | C67: 456 | D67: 192 | E67: 168 | G67: 48 | I67: 48 | J67: =B67-C67 -> 0
A68: 703393 | B68: =SUM(D68:I68) -> 192 | C68: 192 | D68: 192 | J68: =B68-C68 -> 0
A69: 721114 | B69: =SUM(D69:I69) -> 240 | C69: 240 | D69: 192 | I69: 48 | J69: =B69-C69 -> 0
A70: 721676 | B70: =SUM(D70:I70) -> 624 | C70: 625 | D70: 192 | E70: 336 | G70: 48 | I70: 48 | J70: =B70-C70 -> -1
A71: 721685 | B71: =SUM(D71:I71) -> 456 | C71: 456 | D71: 192 | E71: 168 | G71: 48 | I71: 48 | J71: =B71-C71 -> 0
A72: 724218 | B72: =SUM(D72:I72) -> 456 | C72: 456 | D72: 192 | E72: 168 | G72: 48 | I72: 48 | J72: =B72-C72 -> 0
A73: 724272 | B73: =SUM(D73:I73) -> 456 | C73: 456 | D73: 192 | E73: 168 | G73: 48 | I73: 48 | J73: =B73-C73 -> 0
A74: 724379 | B74: =SUM(D74:I74) -> 456 | C74: 456 | D74: 192 | E74: 168 | G74: 48 | I74: 48 | J74: =B74-C74 -> 0
A75: 738293 | B75: =SUM(D75:I75) -> 864 | C75: 865 | G75: 432 | I75: 432 | J75: =B75-C75 -> -1
A76: 905282 | B76: =SUM(D76:I76) -> 456 | C76: 456 | D76: 192 | E76: 168 | G76: 48 | I76: 48 | J76: =B76-C76 -> 0
A77: 906058 | B77: =SUM(D77:I77) -> 240 | C77: 241 | D77: 192 | I77: 48 | J77: =B77-C77 -> -1
A78: 908092 | B78: =SUM(D78:I78) -> 456 | C78: 457 | D78: 192 | E78: 168 | G78: 48 | I78: 48 | J78: =B78-C78 -> -1
A79: 909215 | B79: =SUM(D79:I79) -> 720 | C79: 720 | D79: 192 | E79: 336 | G79: 96 | I79: 96 | J79: =B79-C79 -> 0
A80: 909607 | B80: =SUM(D80:I80) -> 552 | C80: 552 | D80: 192 | E80: 168 | G80: 48 | H80: 96 | I80: 48 | J80: =B80-C80 -> 0
A81: 909616 | B81: =SUM(D81:I81) -> 2976 | C81: 2976 | D81: 960 | E81: 1344 | G81: 288 | H81: 96 | I81: 288 | J81: =B81-C81 -> 0
A82: 910044 | B82: =SUM(D82:I82) -> 648 | C82: 648 | D82: 192 | E82: 168 | G82: 144 | I82: 144 | J82: =B82-C82 -> 0
A83: 910089 | B83: =SUM(D83:I83) -> 192 | C83: 192 | G83: 96 | I83: 96 | J83: =B83-C83 -> 0
A84: 910213 | B84: =SUM(D84:I84) -> 384 | C84: 384 | D84: 384 | J84: =B84-C84 -> 0
A85: 911533 | B85: =SUM(D85:I85) -> 288 | C85: 288 | D85: 192 | H85: 96 | J85: =B85-C85 -> 0
A86: 913103 | B86: =SUM(D86:I86) -> 936 | C86: 936 | D86: 384 | E86: 168 | G86: 96 | H86: 192 | I86: 96 | J86: =B86-C86 -> 0
A87: 916804 | B87: =SUM(D87:I87) -> 2016 | C87: 2016 | D87: 768 | E87: 672 | G87: 192 | H87: 192 | I87: 192 | J87: =B87-C87 -> 0
A88: 917607 | B88: =SUM(D88:I88) -> 912 | C88: 912 | D88: 384 | E88: 336 | G88: 96 | I88: 96 | J88: =B88-C88 -> 0
A89: 919392 | B89: =SUM(D89:I89) -> 912 | C89: 912 | D89: 384 | E89: 336 | G89: 96 | I89: 96 | J89: =B89-C89 -> 0
A90: 920167 | B90: =SUM(D90:I90) -> 192 | C90: 192 | D90: 192 | J90: =B90-C90 -> 0
A91: 920185 | B91: =SUM(D91:I91) -> 456 | C91: 456 | D91: 192 | E91: 168 | G91: 48 | I91: 48 | J91: =B91-C91 -> 0
A92: 920238 | B92: =SUM(D92:I92) -> 1536 | C92: 1536 | D92: 1536 | J92: =B92-C92 -> 0
A93: 920309 | B93: =SUM(D93:I93) -> 456 | C93: 456 | D93: 192 | E93: 168 | G93: 48 | I93: 48 | J93: =B93-C93 -> 0
A94: 921335 | B94: =SUM(D94:I94) -> 456 | C94: 456 | D94: 192 | E94: 168 | G94: 48 | I94: 48 | J94: =B94-C94 -> 0
A95: 927062 | B95: =SUM(D95:I95) -> 96 | C95: 96 | G95: 48 | I95: 48 | J95: =B95-C95 -> 0
A96: 927071 | B96: =SUM(D96:I96) -> 1344 | C96: 1344 | D96: 384 | E96: 672 | G96: 192 | I96: 96 | J96: =B96-C96 -> 0
A97: 927971 | B97: =SUM(D97:I97) -> 456 | C97: 456 | D97: 192 | E97: 168 | G97: 48 | I97: 48 | J97: =B97-C97 -> 0
A98: 928444 | B98: =SUM(D98:I98) -> 912 | C98: 912 | D98: 384 | E98: 336 | G98: 96 | I98: 96 | J98: =B98-C98 -> 0
A99: 930958 | B99: =SUM(D99:I99) -> 96 | C99: 96 | H99: 96 | J99: =B99-C99 -> 0
A100: 933411 | B100: =SUM(D100:I100) -> 912 | C100: 913 | D100: 384 | E100: 336 | G100: 96 | I100: 96 | J100: =B100-C100 -> -1
...

Sheet 4.13差異
A1: 番号 | B1: 明細番号 | C1: 移動元プラント | D1: 移動タイプ | E1: 移動元棚番 | F1: 移動元保管場所 | G1: 移動元ロケーション | H1: 移動元在庫ステータス | I1: 移行先プラント | J1: 移動先棚番 | K1: 移動先保管場所 | L1: 移動先ロケーション | M1: 移動先在庫ステータス | N1: 品目コード | O1: 数量 | P1: ロットNO | Q1: 単位 | R1: ロット特採・代替品管理番号 | S1: ロット入庫日 | T1: ロット有効期限 | U1: ロット再検査有効期限 | V1: 移動理由 | W1: 取消日時_YYYYMMDDhhmmss | X1: 実績計上日時_YYYYMMDDhhmmss | Z1: 合計 / 数量
A2: 212173278 | B2: 1 | C2: B020 | D2: M40 | E2: A1A-A1-1-1 | F2: 0001 | G2: 0001-3 | H2: 1 | I2: B020 | J2: A1A-A1-1-1 | K2: 0001 | L2: 0001-3 | M2: 1 | N2: 675333A | O2: 3 | P2: 405640180 | Q2: PC | S2: 2024/11/06 | T2: < NULL > | U2: 2026/11/30 | W2: < NULL > | X2: 2026/04/10 18:30:28 | Z2: 品目コード | AA2: ロットNO | AB2: 集計
A3: 212173278 | B3: 1 | C3: B020 | D3: M40 | E3: A1A-A1-1-1 | F3: 0001 | G3: 0001-3 | H3: 1 | I3: B020 | J3: A1A-A1-1-1 | K3: 0001 | L3: 0001-3 | M3: 1 | N3: 9000071839 | O3: 1 | P3: 406310936 | Q3: PC | R3: R4120717-250188 | S3: 2025/10/09 | T3: < NULL > | U3: 2026/11/30 | W3: < NULL > | X3: 2026/04/10 18:30:28 | Z3: 346047B | AA3: 406369094 | AB3: 575
A4: 212179065 | B4: 1 | C4: B020 | D4: M40 | E4: A1A-A1-1-1 | F4: 0001 | G4: 0001-3 | H4: 1 | I4: B020 | J4: A1A-A1-1-1 | K4: 0001 | L4: 0001-3 | M4: 1 | N4: 346047B | O4: 371 | P4: 406369094 | Q4: PC | S4: 2025/12/17 | T4: < NULL > | U4: 2026/12/31 | W4: < NULL > | X4: 2026/04/10 18:30:28 | Z4: 346047B 集計 | AB4: 575
A5: 212179065 | B5: 1 | C5: B020 | D5: M40 | F5: 0001 | G5: 0001-3 | H5: 1 | I5: B020 | K5: 0001 | L5: 0001-3 | M5: 1 | N5: 655417 | O5: 384 | P5: 406310286 | Q5: PC | S5: 2025/12/08 | T5: < NULL > | U5: 2026/12/31 | W5: < NULL > | X5: 2026/04/10 18:30:28 | Z5: 581639A | AA5: 406378753 | AB5: 33
A6: 212179065 | B6: 1 | C6: B020 | D6: M40 | E6: A1A-A1-1-1 | F6: 0001 | G6: 0001-3 | H6: 1 | I6: B020 | J6: A1A-A1-1-1 | K6: 0001 | L6: 0001-3 | M6: 1 | N6: 667672 | O6: 325 | P6: 406314232 | Q6: PC | S6: 2025/12/09 | T6: < NULL > | U6: 2026/12/31 | W6: < NULL > | X6: 2026/04/10 18:30:28 | Z6: 581639A 集計 | AB6: 33
A7: 212179065 | B7: 1 | C7: B020 | D7: M40 | E7: A1A-A1-1-1 | F7: 0001 | G7: 0001-3 | H7: 1 | I7: B020 | J7: A1A-A1-1-1 | K7: 0001 | L7: 0001-3 | M7: 1 | N7: 667823 | O7: 47 | P7: 406321815 | Q7: PC | S7: 2025/12/23 | T7: < NULL > | U7: 2026/12/31 | W7: < NULL > | X7: 2026/04/10 18:30:28 | Z7: 611135B | AA7: 406374905 | AB7: 746
A8: 212179065 | B8: 1 | C8: B020 | D8: M40 | F8: 0001 | G8: 0001-3 | H8: 1 | I8: B020 | K8: 0001 | L8: 0001-3 | M8: 1 | N8: 9000059200 | O8: 192 | P8: 406115645 | Q8: PC | S8: 2025/11/07 | T8: < NULL > | U8: 2026/11/30 | W8: < NULL > | X8: 2026/04/10 18:30:28 | Z8: 611135B 集計 | AB8: 746
A9: 212179065 | B9: 1 | C9: B020 | D9: M40 | E9: A1A-A1-1-1 | F9: 0001 | G9: 0001-3 | H9: 1 | I9: B020 | J9: A1A-A1-1-1 | K9: 0001 | L9: 0001-3 | M9: 1 | N9: 9000060539 | O9: 171 | P9: 406092856 | Q9: PC | S9: 2025/11/05 | T9: < NULL > | U9: 2026/11/30 | W9: < NULL > | X9: 2026/04/10 18:30:28 | Z9: 616504A | AA9: 406091904 | AB9: 57
A10: 212179065 | B10: 1 | C10: B020 | D10: M40 | F10: 0001 | G10: 0001-3 | H10: 1 | I10: B020 | K10: 0001 | L10: 0001-3 | M10: 1 | N10: 9000066594 | O10: 192 | P10: 406366312 | Q10: PC | S10: 2025/12/10 | T10: < NULL > | U10: 2026/12/31 | W10: < NULL > | X10: 2026/04/10 18:30:28 | Z10: 616504A 集計 | AB10: 57
A11: 212179065 | B11: 1 | C11: B020 | D11: M40 | E11: A1A-A1-1-1 | F11: 0001 | G11: 0001-3 | H11: 1 | I11: B020 | J11: A1A-A1-1-1 | K11: 0001 | L11: 0001-3 | M11: 1 | N11: 9000066598 | O11: 3351 | P11: 406362945 | Q11: PC | S11: 2025/12/05 | T11: < NULL > | U11: 2026/12/31 | W11: < NULL > | X11: 2026/04/10 18:30:28 | Z11: 620624 | AA11: 406352701 | AB11: 4
A12: 212179065 | B12: 1 | C12: B020 | D12: M40 | E12: A1A-A1-1-1 | F12: 0001 | G12: 0001-3 | H12: 1 | I12: B020 | J12: A1A-A1-1-1 | K12: 0001 | L12: 0001-3 | M12: 1 | N12: 9000066896 | O12: 70 | P12: 406366309 | Q12: PC | S12: 2025/12/16 | T12: < NULL > | U12: 2026/12/31 | W12: < NULL > | X12: 2026/04/10 18:30:28 | Z12: 620624 集計 | AB12: 4
A13: 212179065 | B13: 1 | C13: B020 | D13: M40 | E13: A1A-A1-1-1 | F13: 0001 | G13: 0001-3 | H13: 1 | I13: B020 | J13: A1A-A1-1-1 | K13: 0001 | L13: 0001-3 | M13: 1 | N13: 9000066900 | O13: 159 | P13: 406203171 | Q13: PC | S13: 2025/10/16 | T13: < NULL > | U13: 2026/11/30 | W13: < NULL > | X13: 2026/04/10 18:30:28 | Z13: 632718 | AA13: 406361443 | AB13: 2
A14: 212179065 | B14: 1 | C14: B020 | D14: M40 | E14: A1A-A1-1-1 | F14: 0001 | G14: 0001-3 | H14: 1 | I14: B020 | J14: A1A-A1-1-1 | K14: 0001 | L14: 0001-3 | M14: 1 | N14: 9000067013 | O14: 69 | P14: 406399997 | Q14: PC | S14: 2026/01/29 | T14: < NULL > | U14: 2027/01/31 | W14: < NULL > | X14: 2026/04/10 18:30:28 | Z14: 632718 集計 | AB14: 2
A15: 212179065 | B15: 1 | C15: B020 | D15: M40 | F15: 0001 | G15: 0001-3 | H15: 1 | I15: B020 | K15: 0001 | L15: 0001-3 | M15: 1 | N15: 9000067014 | O15: 1872 | P15: 406350519 | Q15: PC | S15: 2025/11/25 | T15: < NULL > | U15: 2026/11/30 | W15: < NULL > | X15: 2026/04/10 18:30:28 | Z15: 651555B | AA15: 406091323 | AB15: 2
A16: 212179065 | B16: 1 | C16: B020 | D16: M40 | E16: A1A-A1-1-1 | F16: 0001 | G16: 0001-3 | H16: 1 | I16: B020 | J16: A1A-A1-1-1 | K16: 0001 | L16: 0001-3 | M16: 1 | N16: 9000067289 | O16: 312 | P16: 406416296 | Q16: PC | S16: 2026/01/20 | T16: < NULL > | U16: 2027/01/31 | W16: < NULL > | X16: 2026/04/10 18:30:28 | Z16: 651555B 集計 | AB16: 2
A17: 212179065 | B17: 1 | C17: B020 | D17: M40 | F17: 0001 | G17: 0001-3 | H17: 1 | I17: B020 | K17: 0001 | L17: 0001-3 | M17: 1 | N17: 9000068524 | O17: 960 | P17: 406407728 | Q17: PC | S17: 2026/02/06 | T17: < NULL > | U17: 2027/02/28 | W17: < NULL > | X17: 2026/04/10 18:30:28 | Z17: 654641 | AA17: 406146706 | AB17: 1822
A18: 212179065 | B18: 1 | C18: B020 | D18: M40 | F18: 0001 | G18: 0001-3 | H18: 1 | I18: B020 | K18: 0001 | L18: 0001-3 | M18: 1 | N18: 9000069417 | O18: 576 | P18: 406325233 | Q18: PC | S18: 2025/11/13 | T18: < NULL > | U18: 2026/11/30 | W18: < NULL > | X18: 2026/04/10 18:30:28 | Z18: 654641 集計 | AB18: 1822
A19: 212179065 | B19: 1 | C19: B020 | D19: M40 | F19: 0001 | G19: 0001-3 | H19: 1 | I19: B020 | K19: 0001 | L19: 0001-3 | M19: 1 | N19: 908092 | O19: 152 | P19: 406141066 | Q19: PC | S19: 2025/09/08 | T19: < NULL > | U19: 2026/11/30 | W19: < NULL > | X19: 2026/04/10 18:30:28 | Z19: 655417 | AA19: 406310286 | AB19: 896
A20: 212179065 | B20: 1 | C20: B020 | D20: M40 | E20: A1A-A1-1-1 | F20: 0001 | G20: 0001-3 | H20: 1 | I20: B020 | J20: A1A-A1-1-1 | K20: 0001 | L20: 0001-3 | M20: 1 | N20: 938442 | O20: 110 | P20: 406326723 | Q20: PC | S20: 2025/12/23 | T20: < NULL > | U20: 2026/12/31 | W20: < NULL > | X20: 2026/04/10 18:30:28 | Z20: 655417 集計 | AB20: 896
A21: 212179068 | B21: 1 | C21: B020 | D21: M40 | E21: A1A-A1-1-1 | F21: 0001 | G21: 0001-3 | H21: 1 | I21: B020 | J21: A1A-A1-1-1 | K21: 0001 | L21: 0001-3 | M21: 1 | N21: 654641 | O21: 342 | P21: 406146706 | Q21: PC | S21: 2025/08/26 | T21: < NULL > | U21: 2026/11/30 | W21: < NULL > | X21: 2026/04/10 18:30:28 | Z21: 667164A | AA21: 406147000 | AB21: 4560
A22: 212179068 | B22: 1 | C22: B020 | D22: M40 | F22: 0001 | G22: 0001-3 | H22: 1 | I22: B020 | K22: 0001 | L22: 0001-3 | M22: 1 | N22: 655417 | O22: 336 | P22: 406310286 | Q22: PC | S22: 2025/12/08 | T22: < NULL > | U22: 2026/12/31 | W22: < NULL > | X22: 2026/04/10 18:30:28 | Z22: 667164A 集計 | AB22: 4560
A23: 212179068 | B23: 1 | C23: B020 | D23: M40 | E23: A1A-A1-1-1 | F23: 0001 | G23: 0001-3 | H23: 1 | I23: B020 | J23: A1A-A1-1-1 | K23: 0001 | L23: 0001-3 | M23: 1 | N23: 667164A | O23: 905 | P23: 406147000 | Q23: PC | S23: 2025/09/01 | T23: < NULL > | U23: 2026/11/30 | W23: < NULL > | X23: 2026/04/10 18:30:28 | Z23: 667271A | AA23: 406340150 | AB23: 457
A24: 212179068 | B24: 1 | C24: B020 | D24: M40 | E24: A1A-A1-1-1 | F24: 0001 | G24: 0001-3 | H24: 1 | I24: B020 | J24: A1A-A1-1-1 | K24: 0001 | L24: 0001-3 | M24: 1 | N24: 667672 | O24: 840 | P24: 406314232 | Q24: PC | S24: 2025/12/09 | T24: < NULL > | U24: 2026/12/31 | W24: < NULL > | X24: 2026/04/10 18:30:28 | Z24: 667271A 集計 | AB24: 457
A25: 212179068 | B25: 1 | C25: B020 | D25: M40 | E25: A1A-A1-1-1 | F25: 0001 | G25: 0001-3 | H25: 1 | I25: B020 | J25: A1A-A1-1-1 | K25: 0001 | L25: 0001-3 | M25: 1 | N25: 667823 | O25: 504 | P25: 406321815 | Q25: PC | S25: 2025/12/23 | T25: < NULL > | U25: 2026/12/31 | W25: < NULL > | X25: 2026/04/10 18:30:28 | Z25: 667351A | AA25: 406192570 | AB25: 458
A26: 212179068 | B26: 1 | C26: B020 | D26: M40 | E26: A1A-A1-1-1 | F26: 0001 | G26: 0001-3 | H26: 1 | I26: B020 | J26: A1A-A1-1-1 | K26: 0001 | L26: 0001-3 | M26: 1 | N26: 9000035579 | O26: 2 | P26: 406286924 | Q26: PC | S26: 2025/11/04 | T26: < NULL > | U26: 2026/11/30 | W26: < NULL > | X26: 2026/04/10 18:30:28 | Z26: 667351A 集計 | AB26: 458
A27: 212179068 | B27: 1 | C27: B020 | D27: M40 | F27: 0001 | G27: 0001-3 | H27: 1 | I27: B020 | K27: 0001 | L27: 0001-3 | M27: 1 | N27: 9000041866 | O27: 39 | P27: 406258230 | Q27: PC | S27: 2025/10/07 | T27: < NULL > | U27: 2026/11/30 | W27: < NULL > | X27: 2026/04/10 18:30:28 | Z27: 667672 | AA27: 406314232 | AB27: 1321
A28: 212179068 | B28: 1 | C28: B020 | D28: M40 | E28: A1A-A1-1-1 | F28: 0001 | G28: 0001-3 | H28: 1 | I28: B020 | J28: A1A-A1-1-1 | K28: 0001 | L28: 0001-3 | M28: 1 | N28: 9000051053 | O28: 18894 | P28: 406260353 | Q28: PC | S28: 2025/10/03 | T28: < NULL > | U28: 2026/11/30 | W28: < NULL > | X28: 2026/04/10 18:30:28 | Z28: 667672 集計 | AB28: 1321
A29: 212179068 | B29: 1 | C29: B020 | D29: M40 | F29: 0001 | G29: 0001-3 | H29: 1 | I29: B020 | K29: 0001 | L29: 0001-3 | M29: 1 | N29: 9000059200 | O29: 168 | P29: 406115645 | Q29: PC | S29: 2025/11/07 | T29: < NULL > | U29: 2026/11/30 | W29: < NULL > | X29: 2026/04/10 18:30:28 | Z29: 667823 | AA29: 406321815 | AB29: 913
A30: 212179068 | B30: 1 | C30: B020 | D30: M40 | F30: 0001 | G30: 0001-3 | H30: 1 | I30: B020 | K30: 0001 | L30: 0001-3 | M30: 1 | N30: 9000059217 | O30: 711 | P30: 406263653 | Q30: PC | S30: 2025/10/06 | T30: < NULL > | U30: 2026/11/30 | W30: < NULL > | X30: 2026/04/10 18:30:28 | Z30: 667823 集計 | AB30: 913
A31: 212179068 | B31: 1 | C31: B020 | D31: M40 | E31: A1A-A1-1-1 | F31: 0001 | G31: 0001-3 | H31: 1 | I31: B020 | J31: A1A-A1-1-1 | K31: 0001 | L31: 0001-3 | M31: 1 | N31: 9000059823 | O31: 166 | P31: 406421021 | Q31: PC | S31: 2026/01/26 | T31: < NULL > | U31: 2027/01/31 | W31: < NULL > | X31: 2026/04/10 18:30:28 | Z31: 675333A | AA31: 405640180 | AB31: 3
A32: 212179068 | B32: 1 | C32: B020 | D32: M40 | E32: A1A-A1-1-1 | F32: 0001 | G32: 0001-3 | H32: 1 | I32: B020 | J32: A1A-A1-1-1 | K32: 0001 | L32: 0001-3 | M32: 1 | N32: 9000060539 | O32: 168 | P32: 406092856 | Q32: PC | S32: 2025/11/05 | T32: < NULL > | U32: 2026/11/30 | W32: < NULL > | X32: 2026/04/10 18:30:28 | Z32: 675333A 集計 | AB32: 3
A33: 212179068 | B33: 1 | C33: B020 | D33: M40 | F33: 0001 | G33: 0001-3 | H33: 1 | I33: B020 | K33: 0001 | L33: 0001-3 | M33: 1 | N33: 9000066517 | O33: 1293 | P33: 406392103 | Q33: PC | S33: 2026/01/16 | T33: < NULL > | U33: 2027/01/31 | W33: < NULL > | X33: 2026/04/10 18:30:28 | Z33: 675609A | AA33: 406141038 | AB33: 894
A34: 212179068 | B34: 1 | C34: B020 | D34: M40 | F34: 0001 | G34: 0001-3 | H34: 1 | I34: B020 | K34: 0001 | L34: 0001-3 | M34: 1 | N34: 9000066587 | O34: 168 | P34: 406393799 | Q34: PC | S34: 2026/01/19 | T34: < NULL > | U34: 2027/01/31 | W34: < NULL > | X34: 2026/04/10 18:30:28 | Z34: 675609A 集計 | AB34: 894
A35: 212179068 | B35: 1 | C35: B020 | D35: M40 | E35: A1A-A1-1-1 | F35: 0001 | G35: 0001-3 | H35: 1 | I35: B020 | J35: A1A-A1-1-1 | K35: 0001 | L35: 0001-3 | M35: 1 | N35: 9000066588 | O35: 1009 | P35: 406313242 | Q35: PC | S35: 2025/10/08 | T35: < NULL > | U35: 2026/11/30 | W35: < NULL > | X35: 2026/04/10 18:30:28 | Z35: 680666 | AA35: 406256775 | AB35: 1
A36: 212179068 | B36: 1 | C36: B020 | D36: M40 | E36: A1A-A1-1-1 | F36: 0001 | G36: 0001-3 | H36: 1 | I36: B020 | J36: A1A-A1-1-1 | K36: 0001 | L36: 0001-3 | M36: 1 | N36: 9000066591 | O36: 116 | P36: 406388651 | Q36: PC | S36: 2026/01/13 | T36: < NULL > | U36: 2027/01/31 | W36: < NULL > | X36: 2026/04/10 18:30:29 | Z36: 680666 集計 | AB36: 1
A37: 212179068 | B37: 1 | C37: B020 | D37: M40 | F37: 0001 | G37: 0001-3 | H37: 1 | I37: B020 | K37: 0001 | L37: 0001-3 | M37: 1 | N37: 9000066594 | O37: 20 | P37: 406366312 | Q37: PC | S37: 2025/12/10 | T37: < NULL > | U37: 2026/12/31 | W37: < NULL > | X37: 2026/04/10 18:30:29 | Z37: 9000028364 | AA37: 406256811 | AB37: 417
A38: 212179068 | B38: 1 | C38: B020 | D38: M40 | F38: 0001 | G38: 0001-3 | H38: 1 | I38: B020 | K38: 0001 | L38: 0001-3 | M38: 1 | N38: 9000066687 | O38: 77 | P38: 406403337 | Q38: PC | S38: 2026/01/30 | T38: < NULL > | U38: 2027/01/31 | W38: < NULL > | X38: 2026/04/10 18:30:29 | Z38: 9000028364 集計 | AB38: 417
A39: 212179068 | B39: 1 | C39: B020 | D39: M40 | E39: A1A-A1-1-1 | F39: 0001 | G39: 0001-3 | H39: 1 | I39: B020 | J39: A1A-A1-1-1 | K39: 0001 | L39: 0001-3 | M39: 1 | N39: 9000066815 | O39: 116 | P39: 406306114 | Q39: PC | S39: 2025/09/29 | T39: < NULL > | U39: 2026/11/30 | W39: < NULL > | X39: 2026/04/10 18:30:29 | Z39: 9000035579 | AA39: 406286924 | AB39: 825
A40: 212179068 | B40: 1 | C40: B020 | D40: M40 | E40: A1A-A1-1-1 | F40: 0001 | G40: 0001-3 | H40: 1 | I40: B020 | J40: A1A-A1-1-1 | K40: 0001 | L40: 0001-3 | M40: 1 | N40: 9000066900 | O40: 168 | P40: 406203171 | Q40: PC | S40: 2025/10/16 | T40: < NULL > | U40: 2026/11/30 | W40: < NULL > | X40: 2026/04/10 18:30:29 | Z40: 9000035579 集計 | AB40: 825
A41: 212179068 | B41: 1 | C41: B020 | D41: M40 | E41: A1A-A1-1-1 | F41: 0001 | G41: 0001-3 | H41: 1 | I41: B020 | J41: A1A-A1-1-1 | K41: 0001 | L41: 0001-3 | M41: 1 | N41: 9000067289 | O41: 336 | P41: 406416296 | Q41: PC | S41: 2026/01/20 | T41: < NULL > | U41: 2027/01/31 | W41: < NULL > | X41: 2026/04/10 18:30:29 | Z41: 9000040403 | AA41: 406325204 | AB41: 162
A42: 212179068 | B42: 1 | C42: B020 | D42: M40 | F42: 0001 | G42: 0001-3 | H42: 1 | I42: B020 | K42: 0001 | L42: 0001-3 | M42: 1 | N42: 9000068524 | O42: 1029 | P42: 406407728 | Q42: PC | S42: 2026/02/06 | T42: < NULL > | U42: 2027/02/28 | W42: < NULL > | X42: 2026/04/10 18:30:29 | Z42: 9000040403 集計 | AB42: 162
A43: 212179068 | B43: 1 | C43: B020 | D43: M40 | F43: 0001 | G43: 0001-3 | H43: 1 | I43: B020 | K43: 0001 | L43: 0001-3 | M43: 1 | N43: 9000068534 | O43: 302 | P43: 406394290 | Q43: PC | S43: 2026/01/20 | T43: < NULL > | U43: 2027/01/31 | W43: < NULL > | X43: 2026/04/10 18:30:29 | Z43: 9000041866 | AA43: 406258230 | AB43: 39
A44: 212179068 | B44: 1 | C44: B020 | D44: M40 | F44: 0001 | G44: 0001-3 | H44: 1 | I44: B020 | K44: 0001 | L44: 0001-3 | M44: 1 | N44: 9000069417 | O44: 504 | P44: 406325233 | Q44: PC | S44: 2025/11/13 | T44: < NULL > | U44: 2026/11/30 | W44: < NULL > | X44: 2026/04/10 18:30:29 | Z44: 9000041866 集計 | AB44: 39
A45: 212179068 | B45: 1 | C45: B020 | D45: M40 | E45: A1A-A1-1-1 | F45: 0001 | G45: 0001-3 | H45: 1 | I45: B020 | J45: A1A-A1-1-1 | K45: 0001 | L45: 0001-3 | M45: 1 | N45: 9000069419 | O45: 34 | P45: 406265492 | Q45: PC | S45: 2025/10/09 | T45: < NULL > | U45: 2026/11/30 | W45: < NULL > | X45: 2026/04/10 18:30:29 | Z45: 9000051053 | AA45: 406260353 | AB45: 27466
A46: 212179068 | B46: 1 | C46: B020 | D46: M40 | F46: 0001 | G46: 0001-3 | H46: 1 | I46: B020 | K46: 0001 | L46: 0001-3 | M46: 1 | N46: 9000070881 | O46: 168 | P46: 406362523 | Q46: PC | S46: 2026/01/09 | T46: < NULL > | U46: 2027/01/31 | W46: < NULL > | X46: 2026/04/10 18:30:29 | AA46: 406265368 | AB46: 3
A47: 212179614 | B47: 1 | C47: B020 | D47: M40 | E47: A1A-A1-1-1 | F47: 0001 | G47: 0001-3 | H47: 1 | I47: B020 | J47: A1A-A1-1-1 | K47: 0001 | L47: 0001-3 | M47: 1 | N47: 346047B | O47: 12 | P47: 406369094 | Q47: PC | S47: 2025/12/17 | T47: < NULL > | U47: 2026/12/31 | W47: < NULL > | X47: 2026/04/10 18:30:29 | AA47: 406269948 | AB47: 10550
A48: 212179614 | B48: 1 | C48: B020 | D48: M40 | E48: A1A-A1-1-1 | F48: 0001 | G48: 0001-3 | H48: 1 | I48: B020 | J48: A1A-A1-1-1 | K48: 0001 | L48: 0001-3 | M48: 1 | N48: 654641 | O48: 576 | P48: 406146706 | Q48: PC | S48: 2025/08/26 | T48: < NULL > | U48: 2026/11/30 | W48: < NULL > | X48: 2026/04/10 18:30:29 | Z48: 9000051053 集計 | AB48: 38019
A49: 212179614 | B49: 1 | C49: B020 | D49: M40 | E49: A1A-A1-1-1 | F49: 0001 | G49: 0001-3 | H49: 1 | I49: B020 | J49: A1A-A1-1-1 | K49: 0001 | L49: 0001-3 | M49: 1 | N49: 667164A | O49: 1440 | P49: 406147000 | Q49: PC | S49: 2025/09/01 | T49: < NULL > | U49: 2026/11/30 | W49: < NULL > | X49: 2026/04/10 18:30:29 | Z49: 9000053479 | AA49: 406340161 | AB49: 911
A50: 212179614 | B50: 1 | C50: B020 | D50: M40 | E50: A1A-A1-1-1 | F50: 0001 | G50: 0001-3 | H50: 1 | I50: B020 | J50: A1A-A1-1-1 | K50: 0001 | L50: 0001-3 | M50: 1 | N50: 667271A | O50: 97 | P50: 406340150 | Q50: PC | S50: 2026/01/07 | T50: < NULL > | U50: 2027/01/31 | W50: < NULL > | X50: 2026/04/10 18:30:29 | Z50: 9000053479 集計 | AB50: 911
A51: 212179614 | B51: 1 | C51: B020 | D51: M40 | E51: A1A-A1-1-1 | F51: 0001 | G51: 0001-3 | H51: 1 | I51: B020 | J51: A1A-A1-1-1 | K51: 0001 | L51: 0001-3 | M51: 1 | N51: 667351A | O51: 96 | P51: 406192570 | Q51: PC | S51: 2025/10/06 | T51: < NULL > | U51: 2026/11/30 | W51: < NULL > | X51: 2026/04/10 18:30:29 | Z51: 9000058487 | AA51: 405853887 | AB51: 7
A52: 212179614 | B52: 1 | C52: B020 | D52: M40 | E52: A1A-A1-1-1 | F52: 0001 | G52: 0001-3 | H52: 1 | I52: B020 | J52: A1A-A1-1-1 | K52: 0001 | L52: 0001-3 | M52: 1 | N52: 667672 | O52: 60 | P52: 406314232 | Q52: PC | S52: 2025/12/09 | T52: < NULL > | U52: 2026/12/31 | W52: < NULL > | X52: 2026/04/10 18:30:29 | Z52: 9000058487 集計 | AB52: 7
A53: 212179614 | B53: 1 | C53: B020 | D53: M40 | E53: A1A-A1-1-1 | F53: 0001 | G53: 0001-3 | H53: 1 | I53: B020 | J53: A1A-A1-1-1 | K53: 0001 | L53: 0001-3 | M53: 1 | N53: 667823 | O53: 144 | P53: 406321815 | Q53: PC | S53: 2025/12/23 | T53: < NULL > | U53: 2026/12/31 | W53: < NULL > | X53: 2026/04/10 18:30:29 | Z53: 9000059114 | AA53: 406007475 | AB53: 48
A54: 212179614 | B54: 1 | C54: B020 | D54: M40 | E54: A1A-A1-1-1 | F54: 0001 | G54: 0001-3 | H54: 1 | I54: B020 | J54: A1A-A1-1-1 | K54: 0001 | L54: 0001-3 | M54: 1 | N54: 9000053479 | O54: 22 | P54: 406340161 | Q54: PC | S54: 2026/01/08 | T54: < NULL > | U54: 2027/01/31 | W54: < NULL > | X54: 2026/04/10 18:30:29 | Z54: 9000059114 集計 | AB54: 48
A55: 212179614 | B55: 1 | C55: B020 | D55: M40 | E55: A1A-A1-1-1 | F55: 0001 | G55: 0001-3 | H55: 1 | I55: B020 | J55: A1A-A1-1-1 | K55: 0001 | L55: 0001-3 | M55: 1 | N55: 9000059823 | O55: 144 | P55: 406421021 | Q55: PC | S55: 2026/01/26 | T55: < NULL > | U55: 2027/01/31 | W55: < NULL > | X55: 2026/04/10 18:30:29 | Z55: 9000059200 | AA55: 406115645 | AB55: 384
A56: 212179614 | B56: 1 | C56: B020 | D56: M40 | E56: A1A-A1-1-1 | F56: 0001 | G56: 0001-3 | H56: 1 | I56: B020 | J56: A1A-A1-1-1 | K56: 0001 | L56: 0001-3 | M56: 1 | N56: 9000060539 | O56: 18 | P56: 406092856 | Q56: PC | S56: 2025/11/05 | T56: < NULL > | U56: 2026/11/30 | W56: < NULL > | X56: 2026/04/10 18:30:29 | Z56: 9000059200 集計 | AB56: 384
A57: 212179614 | B57: 1 | C57: B020 | D57: M40 | E57: A1A-A1-1-1 | F57: 0001 | G57: 0001-3 | H57: 1 | I57: B020 | J57: A1A-A1-1-1 | K57: 0001 | L57: 0001-3 | M57: 1 | N57: 9000066299 | O57: 13 | P57: 405875950 | Q57: PC | S57: 2024/01/31 | T57: < NULL > | U57: 2026/11/30 | W57: < NULL > | X57: 2026/04/10 18:30:29 | Z57: 9000059207 | AA57: 406370333 | AB57: 352
A58: 212179614 | B58: 1 | C58: B020 | D58: M40 | E58: A1A-A1-1-1 | F58: 0001 | G58: 0001-3 | H58: 1 | I58: B020 | J58: A1A-A1-1-1 | K58: 0001 | L58: 0001-3 | M58: 1 | N58: 9000066591 | O58: 144 | P58: 406388651 | Q58: PC | S58: 2026/01/13 | T58: < NULL > | U58: 2027/01/31 | W58: < NULL > | X58: 2026/04/10 18:30:29 | Z58: 9000059207 集計 | AB58: 352
A59: 212179614 | B59: 1 | C59: B020 | D59: M40 | E59: A1A-A1-1-1 | F59: 0001 | G59: 0001-3 | H59: 1 | I59: B020 | J59: A1A-A1-1-1 | K59: 0001 | L59: 0001-3 | M59: 1 | N59: 9000066598 | O59: 6207 | P59: 406362945 | Q59: PC | S59: 2025/12/05 | T59: < NULL > | U59: 2026/12/31 | W59: < NULL > | X59: 2026/04/10 18:30:29 | Z59: 9000059217 | AA59: 406263653 | AB59: 711
A60: 212179614 | B60: 1 | C60: B020 | D60: M40 | E60: A1A-A1-1-1 | F60: 0001 | G60: 0001-3 | H60: 1 | I60: B020 | J60: A1A-A1-1-1 | K60: 0001 | L60: 0001-3 | M60: 1 | N60: 9000066896 | O60: 122 | P60: 406366309 | Q60: PC | S60: 2025/12/16 | T60: < NULL > | U60: 2026/12/31 | W60: < NULL > | X60: 2026/04/10 18:30:29 | Z60: 9000059217 集計 | AB60: 711
A61: 212179614 | B61: 1 | C61: B020 | D61: M40 | E61: A1A-A1-1-1 | F61: 0001 | G61: 0001-3 | H61: 1 | I61: B020 | J61: A1A-A1-1-1 | K61: 0001 | L61: 0001-3 | M61: 1 | N61: 9000066900 | O61: 35 | P61: 406203171 | Q61: PC | S61: 2025/10/16 | T61: < NULL > | U61: 2026/11/30 | W61: < NULL > | X61: 2026/04/10 18:30:29 | Z61: 9000059823 | AA61: 406421021 | AB61: 363
A62: 212179614 | B62: 1 | C62: B020 | D62: M40 | E62: A1A-A1-1-1 | F62: 0001 | G62: 0001-3 | H62: 1 | I62: B020 | J62: A1A-A1-1-1 | K62: 0001 | L62: 0001-3 | M62: 1 | N62: 9000067013 | O62: 123 | P62: 406399997 | Q62: PC | S62: 2026/01/29 | T62: < NULL > | U62: 2027/01/31 | W62: < NULL > | X62: 2026/04/10 18:30:29 | Z62: 9000059823 集計 | AB62: 363
A63: 212179614 | B63: 1 | C63: B020 | D63: M40 | E63: A1A-A1-1-1 | F63: 0001 | G63: 0001-3 | H63: 1 | I63: B020 | J63: A1A-A1-1-1 | K63: 0001 | L63: 0001-3 | M63: 1 | N63: 9000067289 | O63: 72 | P63: 406416296 | Q63: PC | S63: 2026/01/20 | T63: < NULL > | U63: 2027/01/31 | W63: < NULL > | X63: 2026/04/10 18:30:29 | Z63: 9000060539 | AA63: 406092856 | AB63: 453
A64: 212179614 | B64: 1 | C64: B020 | D64: M40 | E64: A1A-A1-1-1 | F64: 0001 | G64: 0001-3 | H64: 1 | I64: B020 | J64: A1A-A1-1-1 | K64: 0001 | L64: 0001-3 | M64: 1 | N64: 9000068498 | O64: 39 | P64: 406391449 | Q64: PC | S64: 2026/01/15 | T64: < NULL > | U64: 2027/01/31 | W64: < NULL > | X64: 2026/04/10 18:30:29 | Z64: 9000060539 集計 | AB64: 453
A65: 212179614 | B65: 1 | C65: B020 | D65: M40 | E65: A1A-A1-1-1 | F65: 0001 | G65: 0001-3 | H65: 1 | I65: B020 | J65: A1A-A1-1-1 | K65: 0001 | L65: 0001-3 | M65: 1 | N65: 913103 | O65: 224 | P65: 405640327 | Q65: PC | S65: 2024/10/09 | T65: < NULL > | U65: 2026/11/30 | W65: < NULL > | X65: 2026/04/10 18:30:29 | Z65: 9000066299 | AA65: 405875950 | AB65: 453
A66: 212179616 | B66: 1 | C66: B020 | D66: M40 | E66: A1A-A1-1-1 | F66: 0001 | G66: 0001-3 | H66: 1 | I66: B020 | J66: A1A-A1-1-1 | K66: 0001 | L66: 0001-3 | M66: 1 | N66: 346047B | O66: 96 | P66: 406369094 | Q66: PC | S66: 2025/12/17 | T66: < NULL > | U66: 2026/12/31 | W66: < NULL > | X66: 2026/04/10 18:30:29 | Z66: 9000066299 集計 | AB66: 453
A67: 212179616 | B67: 1 | C67: B020 | D67: M40 | E67: A1A-A1-1-1 | F67: 0001 | G67: 0001-3 | H67: 1 | I67: B020 | J67: A1A-A1-1-1 | K67: 0001 | L67: 0001-3 | M67: 1 | N67: 611135B | O67: 42 | P67: 406374905 | Q67: PC | S67: 2025/12/24 | T67: < NULL > | U67: 2026/12/31 | W67: < NULL > | X67: 2026/04/10 18:30:29 | Z67: 9000066517 | AA67: 406392103 | AB67: 1293
A68: 212179616 | B68: 1 | C68: B020 | D68: M40 | E68: A1A-A1-1-1 | F68: 0001 | G68: 0001-3 | H68: 1 | I68: B020 | J68: A1A-A1-1-1 | K68: 0001 | L68: 0001-3 | M68: 1 | N68: 654641 | O68: 192 | P68: 406146706 | Q68: PC | S68: 2025/08/26 | T68: < NULL > | U68: 2026/11/30 | W68: < NULL > | X68: 2026/04/10 18:30:29 | Z68: 9000066517 集計 | AB68: 1293
A69: 212179616 | B69: 1 | C69: B020 | D69: M40 | F69: 0001 | G69: 0001-3 | H69: 1 | I69: B020 | K69: 0001 | L69: 0001-3 | M69: 1 | N69: 655417 | O69: 80 | P69: 406310286 | Q69: PC | S69: 2025/12/08 | T69: < NULL > | U69: 2026/12/31 | W69: < NULL > | X69: 2026/04/10 18:30:29 | Z69: 9000066578 | AA69: 406313246 | AB69: 2574
A70: 212179616 | B70: 1 | C70: B020 | D70: M40 | E70: A1A-A1-1-1 | F70: 0001 | G70: 0001-3 | H70: 1 | I70: B020 | J70: A1A-A1-1-1 | K70: 0001 | L70: 0001-3 | M70: 1 | N70: 667164A | O70: 481 | P70: 406147000 | Q70: PC | S70: 2025/09/01 | T70: < NULL > | U70: 2026/11/30 | W70: < NULL > | X70: 2026/04/10 18:30:29 | Z70: 9000066578 集計 | AB70: 2574
A71: 212179616 | B71: 1 | C71: B020 | D71: M40 | E71: A1A-A1-1-1 | F71: 0001 | G71: 0001-3 | H71: 1 | I71: B020 | J71: A1A-A1-1-1 | K71: 0001 | L71: 0001-3 | M71: 1 | N71: 667271A | O71: 48 | P71: 406340150 | Q71: PC | S71: 2026/01/07 | T71: < NULL > | U71: 2027/01/31 | W71: < NULL > | X71: 2026/04/10 18:30:29 | Z71: 9000066587 | AA71: 406393799 | AB71: 218
A72: 212179616 | B72: 1 | C72: B020 | D72: M40 | E72: A1A-A1-1-1 | F72: 0001 | G72: 0001-3 | H72: 1 | I72: B020 | J72: A1A-A1-1-1 | K72: 0001 | L72: 0001-3 | M72: 1 | N72: 667351A | O72: 48 | P72: 406192570 | Q72: PC | S72: 2025/10/06 | T72: < NULL > | U72: 2026/11/30 | W72: < NULL > | X72: 2026/04/10 18:30:29 | Z72: 9000066587 集計 | AB72: 218
A73: 212179616 | B73: 1 | C73: B020 | D73: M40 | E73: A1A-A1-1-1 | F73: 0001 | G73: 0001-3 | H73: 1 | I73: B020 | J73: A1A-A1-1-1 | K73: 0001 | L73: 0001-3 | M73: 1 | N73: 667672 | O73: 48 | P73: 406314232 | Q73: PC | S73: 2025/12/09 | T73: < NULL > | U73: 2026/12/31 | W73: < NULL > | X73: 2026/04/10 18:30:29 | Z73: 9000066588 | AA73: 406313242 | AB73: 1878
A74: 212179616 | B74: 1 | C74: B020 | D74: M40 | E74: A1A-A1-1-1 | F74: 0001 | G74: 0001-3 | H74: 1 | I74: B020 | J74: A1A-A1-1-1 | K74: 0001 | L74: 0001-3 | M74: 1 | N74: 667823 | O74: 74 | P74: 406321815 | Q74: PC | S74: 2025/12/23 | T74: < NULL > | U74: 2026/12/31 | W74: < NULL > | X74: 2026/04/10 18:30:29 | Z74: 9000066588 集計 | AB74: 1878
A75: 212179616 | B75: 1 | C75: B020 | D75: M40 | E75: A1A-A1-1-1 | F75: 0001 | G75: 0001-3 | H75: 1 | I75: B020 | J75: A1A-A1-1-1 | K75: 0001 | L75: 0001-3 | M75: 1 | N75: 675609A | O75: 74 | P75: 406141038 | Q75: PC | S75: 2025/08/04 | T75: < NULL > | U75: 2026/11/30 | W75: < NULL > | X75: 2026/04/10 18:30:29 | Z75: 9000066591 | AA75: 406388651 | AB75: 456
A76: 212179616 | B76: 1 | C76: B020 | D76: M40 | E76: A1A-A1-1-1 | F76: 0001 | G76: 0001-3 | H76: 1 | I76: B020 | J76: A1A-A1-1-1 | K76: 0001 | L76: 0001-3 | M76: 1 | N76: 9000035579 | O76: 144 | P76: 406286924 | Q76: PC | S76: 2025/11/04 | T76: < NULL > | U76: 2026/11/30 | W76: < NULL > | X76: 2026/04/10 18:30:29 | Z76: 9000066591 集計 | AB76: 456
A77: 212179616 | B77: 1 | C77: B020 | D77: M40 | E77: A1A-A1-1-1 | F77: 0001 | G77: 0001-3 | H77: 1 | I77: B020 | J77: A1A-A1-1-1 | K77: 0001 | L77: 0001-3 | M77: 1 | N77: 9000051053 | O77: 3408 | P77: 406260353 | Q77: PC | S77: 2025/10/03 | T77: < NULL > | U77: 2026/11/30 | W77: < NULL > | X77: 2026/04/10 18:30:29 | Z77: 9000066594 | AA77: 406366312 | AB77: 212
A78: 212179616 | B78: 1 | C78: B020 | D78: M40 | E78: A1A-A1-1-1 | F78: 0001 | G78: 0001-3 | H78: 1 | I78: B020 | J78: A1A-A1-1-1 | K78: 0001 | L78: 0001-3 | M78: 1 | N78: 9000053479 | O78: 96 | P78: 406340161 | Q78: PC | S78: 2026/01/08 | T78: < NULL > | U78: 2027/01/31 | W78: < NULL > | X78: 2026/04/10 18:30:29 | Z78: 9000066594 集計 | AB78: 212
A79: 212179616 | B79: 1 | C79: B020 | D79: M40 | E79: A1A-A1-1-1 | F79: 0001 | G79: 0001-3 | H79: 1 | I79: B020 | J79: A1A-A1-1-1 | K79: 0001 | L79: 0001-3 | M79: 1 | N79: 9000060539 | O79: 48 | P79: 406092856 | Q79: PC | S79: 2025/11/05 | T79: < NULL > | U79: 2026/11/30 | W79: < NULL > | X79: 2026/04/10 18:30:29 | Z79: 9000066595 | AA79: 406377122 | AB79: 2662
A80: 212179616 | B80: 1 | C80: B020 | D80: M40 | E80: A1A-A1-1-1 | F80: 0001 | G80: 0001-3 | H80: 1 | I80: B020 | J80: A1A-A1-1-1 | K80: 0001 | L80: 0001-3 | M80: 1 | N80: 9000066299 | O80: 48 | P80: 405875950 | Q80: PC | S80: 2024/01/31 | T80: < NULL > | U80: 2026/11/30 | W80: < NULL > | X80: 2026/04/10 18:30:29 | Z80: 9000066595 集計 | AB80: 2662
A81: 212179616 | B81: 1 | C81: B020 | D81: M40 | E81: A1A-A1-1-1 | F81: 0001 | G81: 0001-3 | H81: 1 | I81: B020 | J81: A1A-A1-1-1 | K81: 0001 | L81: 0001-3 | M81: 1 | N81: 9000066578 | O81: 366 | P81: 406313246 | Q81: PC | S81: 2025/10/08 | T81: < NULL > | U81: 2026/11/30 | W81: < NULL > | X81: 2026/04/10 18:30:29 | Z81: 9000066598 | AA81: 406362945 | AB81: 9654
A82: 212179616 | B82: 1 | C82: B020 | D82: M40 | F82: 0001 | G82: 0001-3 | H82: 1 | I82: B020 | K82: 0001 | L82: 0001-3 | M82: 1 | N82: 9000066587 | O82: 2 | P82: 406393799 | Q82: PC | S82: 2026/01/19 | T82: < NULL > | U82: 2027/01/31 | W82: < NULL > | X82: 2026/04/10 18:30:29 | Z82: 9000066598 集計 | AB82: 9654
A83: 212179616 | B83: 1 | C83: B020 | D83: M40 | E83: A1A-A1-1-1 | F83: 0001 | G83: 0001-3 | H83: 1 | I83: B020 | J83: A1A-A1-1-1 | K83: 0001 | L83: 0001-3 | M83: 1 | N83: 9000066588 | O83: 144 | P83: 406313242 | Q83: PC | S83: 2025/10/08 | T83: < NULL > | U83: 2026/11/30 | W83: < NULL > | X83: 2026/04/10 18:30:29 | Z83: 9000066601 | AA83: 406372327 | AB83: 2
A84: 212179616 | B84: 1 | C84: B020 | D84: M40 | E84: A1A-A1-1-1 | F84: 0001 | G84: 0001-3 | H84: 1 | I84: B020 | J84: A1A-A1-1-1 | K84: 0001 | L84: 0001-3 | M84: 1 | N84: 9000066591 | O84: 48 | P84: 406388651 | Q84: PC | S84: 2026/01/13 | T84: < NULL > | U84: 2027/01/31 | W84: < NULL > | X84: 2026/04/10 18:30:29 | Z84: 9000066601 集計 | AB84: 2
A85: 212179616 | B85: 1 | C85: B020 | D85: M40 | E85: A1A-A1-1-1 | F85: 0001 | G85: 0001-3 | H85: 1 | I85: B020 | J85: A1A-A1-1-1 | K85: 0001 | L85: 0001-3 | M85: 1 | N85: 9000066595 | O85: 208 | P85: 406377122 | Q85: PC | S85: 2025/12/26 | T85: < NULL > | U85: 2026/12/31 | W85: < NULL > | X85: 2026/04/10 18:30:29 | Z85: 9000066687 | AA85: 406403337 | AB85: 77
A86: 212179616 | B86: 1 | C86: B020 | D86: M40 | E86: A1A-A1-1-1 | F86: 0001 | G86: 0001-3 | H86: 1 | I86: B020 | J86: A1A-A1-1-1 | K86: 0001 | L86: 0001-3 | M86: 1 | N86: 9000066900 | O86: 48 | P86: 406203171 | Q86: PC | S86: 2025/10/16 | T86: < NULL > | U86: 2026/11/30 | W86: < NULL > | X86: 2026/04/10 18:30:29 | Z86: 9000066687 集計 | AB86: 77
A87: 212179616 | B87: 1 | C87: B020 | D87: M40 | E87: A1A-A1-1-1 | F87: 0001 | G87: 0001-3 | H87: 1 | I87: B020 | J87: A1A-A1-1-1 | K87: 0001 | L87: 0001-3 | M87: 1 | N87: 9000067289 | O87: 96 | P87: 406416296 | Q87: PC | S87: 2026/01/20 | T87: < NULL > | U87: 2027/01/31 | W87: < NULL > | X87: 2026/04/10 18:30:29 | Z87: 9000066815 | AA87: 406306114 | AB87: 168
A88: 212179616 | B88: 1 | C88: B020 | D88: M40 | E88: A1A-A1-1-1 | F88: 0001 | G88: 0001-3 | H88: 1 | I88: B020 | J88: A1A-A1-1-1 | K88: 0001 | L88: 0001-3 | M88: 1 | N88: 9000067546 | O88: 8 | P88: 406339567 | Q88: PC | S88: 2025/10/08 | T88: < NULL > | U88: 2026/11/30 | W88: < NULL > | X88: 2026/04/10 18:30:29 | Z88: 9000066815 集計 | AB88: 168
A89: 212179616 | B89: 1 | C89: B020 | D89: M40 | E89: A1A-A1-1-1 | F89: 0001 | G89: 0001-3 | H89: 1 | I89: B020 | J89: A1A-A1-1-1 | K89: 0001 | L89: 0001-3 | M89: 1 | N89: 9000068498 | O89: 48 | P89: 406391449 | Q89: PC | S89: 2026/01/15 | T89: < NULL > | U89: 2027/01/31 | W89: < NULL > | X89: 2026/04/10 18:30:29 | Z89: 9000066849 | AA89: 406372330 | AB89: 737
A90: 212179616 | B90: 1 | C90: B020 | D90: M40 | F90: 0001 | G90: 0001-3 | H90: 1 | I90: B020 | K90: 0001 | L90: 0001-3 | M90: 1 | N90: 9000069417 | O90: 72 | P90: 406325233 | Q90: PC | S90: 2025/11/13 | T90: < NULL > | U90: 2026/11/30 | W90: < NULL > | X90: 2026/04/10 18:30:29 | Z90: 9000066849 集計 | AB90: 737
A91: 212179616 | B91: 1 | C91: B020 | D91: M40 | E91: A1A-A1-1-1 | F91: 0001 | G91: 0001-3 | H91: 1 | I91: B020 | J91: A1A-A1-1-1 | K91: 0001 | L91: 0001-3 | M91: 1 | N91: 9000069419 | O91: 240 | P91: 406265492 | Q91: PC | S91: 2025/10/09 | T91: < NULL > | U91: 2026/11/30 | W91: < NULL > | X91: 2026/04/10 18:30:29 | Z91: 9000066896 | AA91: 406366309 | AB91: 192
A92: 212179616 | B92: 1 | C92: B020 | D92: M40 | F92: 0001 | G92: 0001-3 | H92: 1 | I92: B020 | K92: 0001 | L92: 0001-3 | M92: 1 | N92: 9000070881 | O92: 30 | P92: 406362523 | Q92: PC | S92: 2026/01/09 | T92: < NULL > | U92: 2027/01/31 | W92: < NULL > | X92: 2026/04/10 18:30:29 | Z92: 9000066896 集計 | AB92: 192
A93: 212179616 | B93: 1 | C93: B020 | D93: M40 | E93: A1A-A1-1-1 | F93: 0001 | G93: 0001-3 | H93: 1 | I93: B020 | J93: A1A-A1-1-1 | K93: 0001 | L93: 0001-3 | M93: 1 | N93: 913103 | O93: 96 | P93: 405640327 | Q93: PC | S93: 2024/10/09 | T93: < NULL > | U93: 2026/11/30 | W93: < NULL > | X93: 2026/04/10 18:30:29 | Z93: 9000066900 | AA93: 406203171 | AB93: 458
A94: 212179617 | B94: 1 | C94: B020 | D94: M40 | E94: A1A-A1-1-1 | F94: 0001 | G94: 0001-3 | H94: 1 | I94: B020 | J94: A1A-A1-1-1 | K94: 0001 | L94: 0001-3 | M94: 1 | N94: 611135B | O94: 336 | P94: 406374905 | Q94: PC | S94: 2025/12/24 | T94: < NULL > | U94: 2026/12/31 | W94: < NULL > | X94: 2026/04/10 18:30:29 | Z94: 9000066900 集計 | AB94: 458
A95: 212179617 | B95: 1 | C95: B020 | D95: M40 | E95: A1A-A1-1-1 | F95: 0001 | G95: 0001-3 | H95: 1 | I95: B020 | J95: A1A-A1-1-1 | K95: 0001 | L95: 0001-3 | M95: 1 | N95: 654641 | O95: 520 | P95: 406146706 | Q95: PC | S95: 2025/08/26 | T95: < NULL > | U95: 2026/11/30 | W95: < NULL > | X95: 2026/04/10 18:30:29 | Z95: 9000067013 | AA95: 406399997 | AB95: 192
A96: 212179617 | B96: 1 | C96: B020 | D96: M40 | E96: A1A-A1-1-1 | F96: 0001 | G96: 0001-3 | H96: 1 | I96: B020 | J96: A1A-A1-1-1 | K96: 0001 | L96: 0001-3 | M96: 1 | N96: 667164A | O96: 1254 | P96: 406147000 | Q96: PC | S96: 2025/09/01 | T96: < NULL > | U96: 2026/11/30 | W96: < NULL > | X96: 2026/04/10 18:30:29 | Z96: 9000067013 集計 | AB96: 192
A97: 212179617 | B97: 1 | C97: B020 | D97: M40 | E97: A1A-A1-1-1 | F97: 0001 | G97: 0001-3 | H97: 1 | I97: B020 | J97: A1A-A1-1-1 | K97: 0001 | L97: 0001-3 | M97: 1 | N97: 667271A | O97: 168 | P97: 406340150 | Q97: PC | S97: 2026/01/07 | T97: < NULL > | U97: 2027/01/31 | W97: < NULL > | X97: 2026/04/10 18:30:29 | Z97: 9000067014 | AA97: 406350519 | AB97: 1872
A98: 212179617 | B98: 1 | C98: B020 | D98: M40 | E98: A1A-A1-1-1 | F98: 0001 | G98: 0001-3 | H98: 1 | I98: B020 | J98: A1A-A1-1-1 | K98: 0001 | L98: 0001-3 | M98: 1 | N98: 667351A | O98: 168 | P98: 406192570 | Q98: PC | S98: 2025/10/06 | T98: < NULL > | U98: 2026/11/30 | W98: < NULL > | X98: 2026/04/10 18:30:29 | Z98: 9000067014 集計 | AB98: 1872
A99: 212179617 | B99: 1 | C99: B020 | D99: M40 | E99: A1A-A1-1-1 | F99: 0001 | G99: 0001-3 | H99: 1 | I99: B020 | J99: A1A-A1-1-1 | K99: 0001 | L99: 0001-3 | M99: 1 | N99: 675609A | O99: 336 | P99: 406141038 | Q99: PC | S99: 2025/08/04 | T99: < NULL > | U99: 2026/11/30 | W99: < NULL > | X99: 2026/04/10 18:30:29 | Z99: 9000067289 | AA99: 406416296 | AB99: 912
A100: 212179617 | B100: 1 | C100: B020 | D100: M40 | E100: A1A-A1-1-1 | F100: 0001 | G100: 0001-3 | H100: 1 | I100: B020 | J100: A1A-A1-1-1 | K100: 0001 | L100: 0001-3 | M100: 1 | N100: 9000028364 | O100: 225 | P100: 406256811 | Q100: PC | S100: 2025/10/03 | T100: < NULL > | U100: 2026/11/30 | W100: < NULL > | X100: 2026/04/10 18:30:29 | Z100: 9000067289 集計 | AB100: 912
...

Sheet ①
A1: 品目コード | B1: 品目名称 | C1: プラント | D1: 保管場所 | E1: ロット番号 | F1: 数量単位 | G1: 利用可能在庫 | H1: 保留在庫 | I1: 有効期間期限日 | J1: 前回入庫日付 | K1: 再検査期限日
A2: 154468A | B2: RK73B2BTTD152J 1/4W 1.5K OHM | C2: B020 | D2: 0001 | E2: 405191015 | F2: PC | G2: 1262 | H2: 0 | J2: 44501 | K2: 46356
A3: 154468A | B3: RK73B2BTTD152J 1/4W 1.5K OHM | C3: B020 | D3: 0001 | E3: 405122329 | F3: PC | G3: 4396 | H3: 0 | J3: 44508 | K3: 46356
A4: 154468A | B4: RK73B2BTTD152J 1/4W 1.5K OHM | C4: B020 | D4: 0001 | E4: 405048375 | F4: PC | G4: 5000 | H4: 0 | J4: 44588 | K4: 46356
A5: 154468A | B5: RK73B2BTTD152J 1/4W 1.5K OHM | C5: B020 | D5: 0001 | E5: 405001228 | F5: PC | G5: 4502 | H5: 0 | J5: 44592 | K5: 46356
A6: 158704B | B6: RN412DTTE10R0F50 10 OHM | C6: B020 | D6: 0001 | E6: 405539208 | F6: PC | G6: 2000 | H6: 0 | J6: 45168 | K6: 46356
A7: 158704B | B7: RN412DTTE10R0F50 10 OHM | C7: B020 | D7: 0001 | E7: 405539569 | F7: PC | G7: 992 | H7: 0 | J7: 45168 | K7: 46356
A8: 158704B | B8: RN412DTTE10R0F50 10 OHM | C8: B020 | D8: 0001 | E8: 405567605 | F8: PC | G8: 4000 | H8: 0 | J8: 45168 | K8: 46356
A9: 158731B | B9: RN412DTTE49R9F50 49.9 OHM | C9: B020 | D9: 0001 | E9: 405011535 | F9: PC | G9: 1404 | H9: 0 | J9: 44375 | K9: 46356
A10: 158731B | B10: RN412DTTE49R9F50 49.9 OHM | C10: B020 | D10: 0001 | E10: 405009546 | F10: PC | G10: 1956 | H10: 0 | J10: 44438 | K10: 46356
A11: 158758B | B11: RN412DTTE1000F50 100 OHM | C11: B020 | D11: 0001 | E11: 405164440 | F11: PC | G11: 1632 | H11: 0 | J11: 44805 | K11: 46356
A12: 158758B | B12: RN412DTTE1000F50 100 OHM | C12: B020 | D12: 0001 | E12: 405539577 | F12: PC | G12: 6000 | H12: 0 | J12: 45168 | K12: 46356
A13: 158767B | B13: RN412DTTE1500F50 150 OHM | C13: B020 | D13: 0001 | E13: 405079921 | F13: PC | G13: 457 | H13: 0 | J13: 44657 | K13: 46356
... A194: 361146B | B194: MMA02040E2802BB300 28KOHM | C194: B020 | D194: 0001 | E194: 404918541 | F194: PC | G194: 3000 | H194: 0 | J194: 44253 | K194: 46356
A195: 361146B | B195: MMA02040E2802BB300 28KOHM | C195: B020 | D195: 0001 | E195: 404976129 | F195: PC | G195: 2186 | H195: 0 | I195: 44609 | J195: 45955 | K195: 46142
A196: 361565A | B196: TC4051BF(EL,N,F) | C196: B020 | D196: 0001 | E196: 405633856 | F196: PC | G196: 1645 | H196: 0 | J196: 45939 | K196: 46356
A197: 361636C | B197: NJM2904M-TE1-#**** | C197: B020 | D197: 0001 | E197: 405760889 | F197: PC | G197: 1550 | H197: 0 | J197: 45623 | K197: 46356
A198: 361636C | B198: NJM2904M-TE1-#**** | C198: B020 | D198: 0001 | E198: 406181980 | F198: PC | G198: 1333 | H198: 0 | J198: 45924 | K198: 46356
A199: 361636C | B199: NJM2904M-TE1-#**** | C199: B020 | D199: 0001 | E199: 406255804 | F199: PC | G199: 2 | H199: 0 | J199: 45972 | K199: 46356
A200: 361636C | B200: NJM2904M-TE1-#**** | C200: B020 | D200: 0001 | E200: 406255806 | F200: PC | G200: 12 | H200: 0 | J200: 46001 | K200: 46387
A201: 361636C | B201: NJM2904M-TE1-#**** | C201: B020 | D201: 0001 | E201: 406325208 | F201: PC | G201: 9 | H201: 0 | J201: 46029 | K201: 46418
A202: 361636C | B202: NJM2904M-TE1-#**** | C202: B020 | D202: 0001 | E202: 406332139 | F202: PC | G202: 3 | H202: 0 | J202: 46049 | K202: 46418
A203: 361636C | B203: NJM2904M-TE1-#**** | C203: B020 | D203: 0001 | E203: 406359932 | F203: PC | G203: 1 | H203: 0 | J203: 46052 | K203: 46418
A204: 361636C | B204: NJM2904M-TE1-#**** | C204: B020 | D204: 0001 | E204: 406349346 | F204: PC | G204: 7 | H204: 0 | J204: 46055 | K204: 46446
A205: 361636C | B205: NJM2904M-TE1-#**** | C205: B020 | D205: 0001 | E205: 406337480 | F205: PC | G205: 13004 | H205: 0 | J205: 46077 | K205: 46446
A206: 361636C | B206: NJM2904M-TE1-#**** | C206: B020 | D206: 0001 | E206: 406355575 | F206: PC | G206: 2000 | H206: 0 | J206: 46080 | K206: 46446
A207: 361636C | B207: NJM2904M-TE1-#**** | C207: B020 | D207: 0001 | E207: 406351442 | F207: PC | G207: 2000 | H207: 0 | J207: 46090 | K207: 46477
... A6432: 9000058958 | B6432: RG1005P-104-B-T10 100K OHM | C6432: B020 | D6432: 0001 | E6432: 406198397 | F6432: PC | G6432: 7298 | H6432: 0 | J6432: 46098 | K6432: 46356
A6433: 9000058966 | B6433: DLW5ATN272SQ2L | C6433: B020 | D6433: 0001 | E6433: 405939425 | F6433: PC | G6433: 216 | H6433: 0 | I6433: 45549 | J6433: 45955 | K6433: 46142
A6434: 9000058968 | B6434: DSO221SRBB 3.072MHZ | C6434: B020 | D6434: 0001 | E6434: 406066534 | F6434: PC | G6434: 106 | H6434: 0 | J6434: 45644 | K6434: 46356
A6435: 9000058968 | B6435: DSO221SRBB 3.072MHZ | C6435: B020 | D6435: 0001 | E6435: 406350526 | F6435: PC | G6435: 2000 | H6435: 0 | J6435: 45980 | K6435: 46356
A6436: 9000058976 | B6436: SN74LVC2G17DRYR | C6436: B020 | D6436: 0001 | E6436: 405843472 | F6436: PC | G6436: 626 | H6436: 0 | J6436: 45817 | K6436: 46356
A6437: 9000058976 | B6437: SN74LVC2G17DRYR | C6437: B020 | D6437: 0001 | E6437: 406115789 | F6437: PC | G6437: 4276 | H6437: 0 | J6437: 46043 | K6437: 46418
A6438: 9000058976 | B6438: SN74LVC2G17DRYR | C6438: B020 | D6438: 0001 | E6438: 406115790 | F6438: PC | G6438: 5000 | H6438: 0 | J6438: 46094 | K6438: 46477
A6439: 9000058984 | B6439: DLW21SN900HQ2L | C6439: B020 | D6439: 0001 | E6439: 405787153 | F6439: PC | G6439: 2 | H6439: 0 | J6439: 45447 | K6439: 46356
A6440: 9000058984 | B6440: DLW21SN900HQ2L | C6440: B020 | D6440: 0001 | E6440: 406228485 | F6440: PC | G6440: 4000 | H6440: 0 | J6440: 45889 | K6440: 46356
A6441: 9000058984 | B6441: DLW21SN900HQ2L | C6441: B020 | D6441: 0001 | E6441: 406242345 | F6441: PC | G6441: 1875 | H6441: 0 | J6441: 45889 | K6441: 46356
A6442: 9000058984 | B6442: DLW21SN900HQ2L | C6442: B020 | D6442: 0001 | E6442: 406286221 | F6442: PC | G6442: 2000 | H6442: 0 | J6442: 45940 | K6442: 46356
A6443: 9000058984 | B6443: DLW21SN900HQ2L | C6443: B020 | D6443: 0001 | E6443: 406295858 | F6443: PC | G6443: 2000 | H6443: 0 | J6443: 45978 | K6443: 46356
A6444: 9000058984 | B6444: DLW21SN900HQ2L | C6444: B020 | D6444: 0001 | E6444: 406319984 | F6444: PC | G6444: 2000 | H6444: 0 | J6444: 46006 | K6444: 46387
A6445: 9000058984 | B6445: DLW21SN900HQ2L | C6445: B020 | D6445: 0001 | E6445: 406350539 | F6445: PC | G6445: 2000 | H6445: 0 | J6445: 46042 | K6445: 46418
... A8871: 9000067220 | B8871: DF2S16FS,L3XGM** | C8871: B020 | D8871: 0001 | E8871: 405760878 | F8871: PC | G8871: 8120 | H8871: 0 | J8871: 45575 | K8871: 46356
A8872: 9000067221 | B8872: SM08B-SRSS-G-TB(LF)(SN) | C8872: B020 | D8872: 0001 | E8872: 404008946 | F8872: PC | G8872: 2708 | H8872: 0 | I8872: 46114 | J8872: 43406 | K8872: 46114
A8873: 9000067232 | B8873: MSP430F5310IRGCR E10SVCPU | C8873: B020 | D8873: 0001 | E8873: 405499198 | F8873: PC | G8873: 1623 | H8873: 0 | J8873: 44872 | K8873: 46356
A8874: 9000067264 | B8874: BM02B-NSHSS-TBT(LF)(SN) | C8874: B020 | D8874: 0001 | E8874: 406079188 | F8874: PC | G8874: 893 | H8874: 0 | J8874: 45635 | K8874: 46356
A8875: 9000067264 | B8875: BM02B-NSHSS-TBT(LF)(SN) | C8875: B020 | D8875: 0001 | E8875: 406198809 | F8875: PC | G8875: 1 | H8875: 0 | J8875: 45793 | K8875: 46356
A8876: 9000067264 | B8876: BM02B-NSHSS-TBT(LF)(SN) | C8876: B020 | D8876: 0001 | E8876: 406294720 | F8876: PC | G8876: 1 | H8876: 0 | J8876: 45902 | K8876: 46356
A8877: 9000067264 | B8877: BM02B-NSHSS-TBT(LF)(SN) | C8877: B020 | D8877: 0001 | E8877: 406286939 | F8877: PC | G8877: 683 | H8877: 0 | J8877: 45903 | K8877: 46356
A8878: 9000067264 | B8878: BM02B-NSHSS-TBT(LF)(SN) | C8878: B020 | D8878: 0001 | E8878: 406395558 | F8878: PC | G8878: 132 | H8878: 0 | J8878: 46038 | K8878: 46418
A8879: 9000067264 | B8879: BM02B-NSHSS-TBT(LF)(SN) | C8879: B020 | D8879: 0001 | E8879: 406408321 | F8879: PC | G8879: 1000 | H8879: 0 | J8879: 46059 | K8879: 46446
A8880: 9000067264 | B8880: BM02B-NSHSS-TBT(LF)(SN) | C8880: B020 | D8880: 0001 | E8880: 406436317 | F8880: PC | G8880: 1000 | H8880: 0 | J8880: 46094 | K8880: 46477
A8881: 9000067264 | B8881: BM02B-NSHSS-TBT(LF)(SN) | C8881: B020 | D8881: 0001 | E8881: 406469533 | F8881: PC | G8881: 1000 | H8881: 0 | J8881: 46150 | K8881: 46538
A8882: 9000067264 | B8882: BM02B-NSHSS-TBT(LF)(SN) | C8882: B020 | D8882: 0001 | E8882: 406522383 | F8882: PC | G8882: 1000 | H8882: 0 | J8882: 46185 | K8882: 46568
A8883: 9000067265 | B8883: CL10B333KB8NNPC 50V 0.033UF | C8883: B020 | D8883: 0001 | E8883: 406352069 | F8883: PC | G8883: 2204 | H8883: 0 | J8883: 45987 | K8883: 46356
A8884: 9000067289 | B8884: 0603B273K500CT 50V 0.027UF | C8884: B020 | D8884: 0001 | E8884: 405278291 | F8884: PC | G8884: 3980 | H8884: 0 | J8884: 44858 | K8884: 46356
... A10018: 9000069909 | B10018: SSM3K376R,L***** | C10018: B020 | D10018: 0001 | E10018: 406091885 | F10018: PC | G10018: 9000 | H10018: 0 | J10018: 46094 | K10018: 46477
A10019: 9000069912 | B10019: GRM43EB31A476K***L (VG) | C10019: B020 | D10019: 0001 | E10019: 405154737 | F10019: PC | G10019: 171 | H10019: 0 | I10019: 44784 | J10019: 45955 | K10019: 46142
A10020: 9000069921 | B10020: GRM0332C1H5R0C***D 50V 5PF | C10020: B020 | D10020: 0001 | E10020: 405109955 | F10020: PC | G10020: 582 | H10020: 0 | J10020: 46073 | K10020: 46356
A10021: 9000069922 | B10021: GRM0335C1H561J***D 50V 560PF | C10021: B020 | D10021: 0001 | E10021: 405109956 | F10021: PC | G10021: 12884 | H10021: 0 | J10021: 44536 | K10021: 46356
A10022: 9000069923 | B10022: GRM0332C1H121J***D 50V 120PF | C10022: B020 | D10022: 0001 | E10022: 405121436 | F10022: PC | G10022: 12843 | H10022: 0 | J10022: 44536 | K10022: 46356
A10023: 9000069924 | B10023: RK73H2BTTD16R0D 16 OHM | C10023: B020 | D10023: 0001 | E10023: 405117961 | F10023: PC | G10023: 2840 | H10023: 0 | J10023: 44536 | K10023: 46356
A10024: 9000069928 | B10024: 750313638 | C10024: B020 | D10024: 0001 | E10024: 405308429 | F10024: PC | G10024: 157 | H10024: 0 | J10024: 44845 | K10024: 46356
A10025: 9000069928 | B10025: 750313638 | C10025: B020 | D10025: 0001 | E10025: 406239090 | F10025: PC | G10025: 2369 | H10025: 0 | J10025: 45965 | K10025: 46356
A10026: 9000069928 | B10026: 750313638 | C10026: B020 | D10026: 0001 | E10026: 406192404 | F10026: PC | G10026: 2500 | H10026: 0 | J10026: 45989 | K10026: 46356
A10027: 9000069928 | B10027: 750313638 | C10027: B020 | D10027: 0001 | E10027: 406455678 | F10027: PC | G10027: 2500 | H10027: 0 | J10027: 46154 | K10027: 46538
A10028: 9000069945 | B10028: MSP430F5419AIZCAR NGT2 | C10028: B020 | D10028: 0001 | E10028: 406069152 | F10028: PC | G10028: 1 | H10028: 0 | J10028: 45789 | K10028: 46356
A10029: 9000069945 | B10029: MSP430F5419AIZCAR NGT2 | C10029: B020 | D10029: 0001 | E10029: 406142208 | F10029: PC | G10029: 2300 | H10029: 0 | J10029: 45996 | K10029: 46387
A10030: 9000069945 | B10030: MSP430F5419AIZCAR NGT2 | C10030: B020 | D10030: 0001 | E10030: 406092898 | F10030: PC | G10030: 2500 | H10030: 0 | J10030: 46014 | K10030: 46387
A10031: 9000069948 | B10031: LQG18HHR10J00D 100NH | C10031: B020 | D10031: 0001 | E10031: 405232973 | F10031: PC | G10031: 2112 | H10031: 0 | J10031: 44592 | K10031: 46356
... A13291: 939762 | B13291: TA48M05F(T6L1,SNQ) | C13291: B020 | D13291: 0001 | E13291: 405086193 | F13291: PC | G13291: 1941 | H13291: 0 | J13291: 44693 | K13291: 46356
